2026-09-15T10:31:20 LIVE MODE: real orders will be placed
2026-09-15T10:31:21 STARTED: 50 symbols, interval=30s, market=09:15:00-15:45:00 IST, already_entered=0
2026-09-15T10:31:22 FETCH_CYCLE: 2026-09-15T10:31:22+05:30
2026-09-15T10:31:31 FETCHED: NSE:ADANIENT-EQ - stored 392 completed 5-minute candles
2026-09-15T10:31:38 FETCHED: NSE:ADANIPORTS-EQ - stored 392 completed 5-minute candles
2026-09-15T10:31:44 FETCHED: NSE:APOLLOHOSP-EQ - stored 392 completed 5-minute candles
2026-09-15T10:31:45 FETCHED: NSE:ASIANPAINT-EQ - stored 392 completed 5-minute candles
2026-09-15T10:31:46 FETCHED: NSE:AXISBANK-EQ - stored 392 completed 5-minute candles
2026-09-15T10:31:48 FETCHED: NSE:BAJAJ-AUTO-EQ - stored 392 completed 5-minute candles
2026-09-15T10:31:49 FETCHED: NSE:BAJFINANCE-EQ - stored 392 completed 5-minute candles
2026-09-15T10:31:51 FETCHED: NSE:BAJAJFINSV-EQ - stored 392 completed 5-minute candles
2026-09-15T10:31:53 FETCHED: NSE:BEL-EQ - stored 392 completed 5-minute candles
2026-09-15T10:31:54 FETCHED: NSE:BHARTIARTL-EQ - stored 392 completed 5-minute candles
2026-09-15T10:31:57 FETCHED: NSE:CIPLA-EQ - stored 392 completed 5-minute candles
2026-09-15T10:31:59 FETCHED: NSE:COALINDIA-EQ - stored 392 completed 5-minute candles
2026-09-15T10:32:01 FETCHED: NSE:DRREDDY-EQ - stored 392 completed 5-minute candles
2026-09-15T10:32:02 FETCHED: NSE:EICHERMOT-EQ - stored 392 completed 5-minute candles
2026-09-15T10:32:03 FETCHED: NSE:ETERNAL-EQ - stored 392 completed 5-minute candles
2026-09-15T10:32:04 FETCHED: NSE:GRASIM-EQ - stored 392 completed 5-minute candles
2026-09-15T10:32:05 FETCHED: NSE:HCLTECH-EQ - stored 392 completed 5-minute candles
2026-09-15T10:32:06 FETCHED: NSE:HDFCBANK-EQ - stored 392 completed 5-minute candles
2026-09-15T10:32:09 FETCHED: NSE:HDFCLIFE-EQ - stored 392 completed 5-minute candles
2026-09-15T10:32:12 FETCHED: NSE:HINDALCO-EQ - stored 392 completed 5-minute candles
2026-09-15T10:32:13 FETCHED: NSE:HINDUNILVR-EQ - stored 392 completed 5-minute candles
2026-09-15T10:32:15 FETCHED: NSE:ICICIBANK-EQ - stored 392 completed 5-minute candles
2026-09-15T10:32:17 FETCHED: NSE:ITC-EQ - stored 392 completed 5-minute candles
2026-09-15T10:32:20 FETCHED: NSE:INFY-EQ - stored 392 completed 5-minute candles
2026-09-15T10:32:22 FETCHED: NSE:INDIGO-EQ - stored 392 completed 5-minute candles
2026-09-15T10:32:24 FETCHED: NSE:JSWSTEEL-EQ - stored 392 completed 5-minute candles
2026-09-15T10:32:26 FETCHED: NSE:JIOFIN-EQ - stored 392 completed 5-minute candles
2026-09-15T10:32:28 FETCHED: NSE:KOTAKBANK-EQ - stored 392 completed 5-minute candles
2026-09-15T10:32:29 FETCHED: NSE:LT-EQ - stored 392 completed 5-minute candles
2026-09-15T10:32:30 FETCHED: NSE:M&M-EQ - stored 392 completed 5-minute candles
2026-09-15T10:32:31 FETCHED: NSE:MARUTI-EQ - stored 392 completed 5-minute candles
2026-09-15T10:32:32 FETCHED: NSE:MAXHEALTH-EQ - stored 392 completed 5-minute candles
2026-09-15T10:32:33 FETCHED: NSE:NTPC-EQ - stored 392 completed 5-minute candles
2026-09-15T10:32:35 FETCHED: NSE:NESTLEIND-EQ - stored 392 completed 5-minute candles
2026-09-15T10:32:36 FETCHED: NSE:ONGC-EQ - stored 392 completed 5-minute candles
2026-09-15T10:32:38 FETCHED: NSE:POWERGRID-EQ - stored 393 completed 5-minute candles
2026-09-15T10:32:40 FETCHED: NSE:RELIANCE-EQ - stored 392 completed 5-minute candles
2026-09-15T10:32:40 FETCHED: NSE:SBILIFE-EQ - stored 392 completed 5-minute candles
2026-09-15T10:32:42 FETCHED: NSE:SHRIRAMFIN-EQ - stored 392 completed 5-minute candles
2026-09-15T10:32:44 FETCHED: NSE:SBIN-EQ - stored 392 completed 5-minute candles
2026-09-15T10:32:45 FETCHED: NSE:SUNPHARMA-EQ - stored 392 completed 5-minute candles
2026-09-15T10:32:47 FETCHED: NSE:TCS-EQ - stored 392 completed 5-minute candles
2026-09-15T10:32:48 FETCHED: NSE:TATACONSUM-EQ - stored 392 completed 5-minute candles
2026-09-15T10:32:50 FETCHED: NSE:TMPV-EQ - stored 392 completed 5-minute candles
2026-09-15T10:32:52 FETCHED: NSE:TATASTEEL-EQ - stored 392 completed 5-minute candles
2026-09-15T10:32:57 FETCHED: NSE:TECHM-EQ - stored 392 completed 5-minute candles
2026-09-15T10:33:01 FETCHED: NSE:TITAN-EQ - stored 392 completed 5-minute candles
2026-09-15T10:33:06 FETCHED: NSE:TRENT-EQ - stored 392 completed 5-minute candles
2026-09-15T10:33:08 FETCHED: NSE:ULTRACEMCO-EQ - stored 392 completed 5-minute candles
2026-09-15T10:33:09 FETCHED: NSE:WIPRO-EQ - stored 392 completed 5-minute candles
2026-09-15T10:33:39 FETCH_CYCLE: 2026-09-15T10:33:39+05:30
2026-09-15T10:33:54 FETCHED: NSE:ADANIENT-EQ - stored 392 completed 5-minute candles
2026-09-15T10:33:56 FETCHED: NSE:ADANIPORTS-EQ - stored 392 completed 5-minute candles
2026-09-15T10:33:58 FETCHED: NSE:APOLLOHOSP-EQ - stored 392 completed 5-minute candles
2026-09-15T10:33:59 FETCHED: NSE:ASIANPAINT-EQ - stored 392 completed 5-minute candles
2026-09-15T10:34:01 FETCHED: NSE:AXISBANK-EQ - stored 392 completed 5-minute candles
2026-09-15T10:34:02 FETCHED: NSE:BAJAJ-AUTO-EQ - stored 392 completed 5-minute candles
2026-09-15T10:34:03 FETCHED: NSE:BAJFINANCE-EQ - stored 392 completed 5-minute candles
2026-09-15T10:34:04 FETCHED: NSE:BAJAJFINSV-EQ - stored 392 completed 5-minute candles
2026-09-15T10:34:07 FETCHED: NSE:BEL-EQ - stored 392 completed 5-minute candles
2026-09-15T10:34:09 FETCHED: NSE:BHARTIARTL-EQ - stored 392 completed 5-minute candles
2026-09-15T10:34:11 FETCHED: NSE:CIPLA-EQ - stored 392 completed 5-minute candles
2026-09-15T10:34:12 FETCHED: NSE:COALINDIA-EQ - stored 392 completed 5-minute candles
2026-09-15T10:34:15 FETCHED: NSE:DRREDDY-EQ - stored 392 completed 5-minute candles
2026-09-15T10:34:20 FETCHED: NSE:EICHERMOT-EQ - stored 392 completed 5-minute candles
2026-09-15T10:34:22 FETCHED: NSE:ETERNAL-EQ - stored 392 completed 5-minute candles
2026-09-15T10:34:46 FETCHED: NSE:GRASIM-EQ - stored 392 completed 5-minute candles
2026-09-15T10:34:53 FETCHED: NSE:HCLTECH-EQ - stored 392 completed 5-minute candles
2026-09-15T10:34:57 FETCHED: NSE:HDFCBANK-EQ - stored 392 completed 5-minute candles
2026-09-15T10:35:01 FETCHED: NSE:HDFCLIFE-EQ - stored 392 completed 5-minute candles
2026-09-15T10:35:19 FETCHED: NSE:HINDALCO-EQ - stored 393 completed 5-minute candles
2026-09-15T10:35:33 FETCHED: NSE:HINDUNILVR-EQ - stored 393 completed 5-minute candles
2026-09-15T10:35:38 FETCHED: NSE:ICICIBANK-EQ - stored 393 completed 5-minute candles
2026-09-15T10:35:41 FETCHED: NSE:ITC-EQ - stored 393 completed 5-minute candles
2026-09-15T10:35:44 FETCHED: NSE:INFY-EQ - stored 393 completed 5-minute candles
2026-09-15T10:35:47 FETCHED: NSE:INDIGO-EQ - stored 393 completed 5-minute candles
2026-09-15T10:35:50 FETCHED: NSE:JSWSTEEL-EQ - stored 393 completed 5-minute candles
2026-09-15T10:35:51 FETCHED: NSE:JIOFIN-EQ - stored 393 completed 5-minute candles
2026-09-15T10:35:52 FETCHED: NSE:KOTAKBANK-EQ - stored 393 completed 5-minute candles
2026-09-15T10:35:54 FETCHED: NSE:LT-EQ - stored 393 completed 5-minute candles
2026-09-15T10:35:54 FETCHED: NSE:M&M-EQ - stored 393 completed 5-minute candles
2026-09-15T10:35:55 FETCHED: NSE:MARUTI-EQ - stored 393 completed 5-minute candles
2026-09-15T10:35:57 FETCHED: NSE:MAXHEALTH-EQ - stored 393 completed 5-minute candles
2026-09-15T10:35:58 FETCHED: NSE:NTPC-EQ - stored 393 completed 5-minute candles
2026-09-15T10:35:58 FETCHED: NSE:NESTLEIND-EQ - stored 393 completed 5-minute candles
2026-09-15T10:35:59 FETCHED: NSE:ONGC-EQ - stored 393 completed 5-minute candles
2026-09-15T10:36:04 FETCHED: NSE:POWERGRID-EQ - stored 394 completed 5-minute candles
2026-09-15T10:36:05 FETCHED: NSE:RELIANCE-EQ - stored 393 completed 5-minute candles
2026-09-15T10:36:07 FETCHED: NSE:SBILIFE-EQ - stored 393 completed 5-minute candles
2026-09-15T10:36:09 FETCHED: NSE:SHRIRAMFIN-EQ - stored 393 completed 5-minute candles
2026-09-15T10:36:11 FETCHED: NSE:SBIN-EQ - stored 393 completed 5-minute candles
2026-09-15T10:36:12 FETCHED: NSE:SUNPHARMA-EQ - stored 393 completed 5-minute candles
2026-09-15T10:36:13 FETCHED: NSE:TCS-EQ - stored 393 completed 5-minute candles
2026-09-15T10:36:16 FETCHED: NSE:TATACONSUM-EQ - stored 393 completed 5-minute candles
2026-09-15T10:36:18 FETCHED: NSE:TMPV-EQ - stored 393 completed 5-minute candles
2026-09-15T10:36:19 FETCHED: NSE:TATASTEEL-EQ - stored 393 completed 5-minute candles
2026-09-15T10:36:21 FETCHED: NSE:TECHM-EQ - stored 393 completed 5-minute candles
2026-09-15T10:36:22 FETCHED: NSE:TITAN-EQ - stored 393 completed 5-minute candles
2026-09-15T10:36:26 FETCHED: NSE:TRENT-EQ - stored 393 completed 5-minute candles
2026-09-15T10:36:28 FETCHED: NSE:ULTRACEMCO-EQ - stored 393 completed 5-minute candles
2026-09-15T10:36:37 FETCHED: NSE:WIPRO-EQ - stored 393 completed 5-minute candles
2026-09-15T10:37:08 FETCH_CYCLE: 2026-09-15T10:37:08+05:30
2026-09-15T10:37:11 FETCHED: NSE:ADANIENT-EQ - stored 393 completed 5-minute candles
2026-09-15T10:37:13 FETCHED: NSE:ADANIPORTS-EQ - stored 393 completed 5-minute candles
2026-09-15T10:37:15 FETCHED: NSE:APOLLOHOSP-EQ - stored 393 completed 5-minute candles
2026-09-15T10:37:16 FETCHED: NSE:ASIANPAINT-EQ - stored 393 completed 5-minute candles
2026-09-15T10:37:17 FETCHED: NSE:AXISBANK-EQ - stored 393 completed 5-minute candles
2026-09-15T10:37:18 FETCHED: NSE:BAJAJ-AUTO-EQ - stored 393 completed 5-minute candles
2026-09-15T10:37:19 FETCHED: NSE:BAJFINANCE-EQ - stored 393 completed 5-minute candles
2026-09-15T10:37:20 FETCHED: NSE:BAJAJFINSV-EQ - stored 393 completed 5-minute candles
2026-09-15T10:37:21 FETCHED: NSE:BEL-EQ - stored 393 completed 5-minute candles
2026-09-15T10:37:21 FETCHED: NSE:BHARTIARTL-EQ - stored 393 completed 5-minute candles
2026-09-15T10:37:22 FETCHED: NSE:CIPLA-EQ - stored 393 completed 5-minute candles
2026-09-15T10:37:23 FETCHED: NSE:COALINDIA-EQ - stored 393 completed 5-minute candles
2026-09-15T10:37:23 FETCHED: NSE:DRREDDY-EQ - stored 393 completed 5-minute candles
2026-09-15T10:37:24 FETCHED: NSE:EICHERMOT-EQ - stored 393 completed 5-minute candles
2026-09-15T10:37:25 FETCHED: NSE:ETERNAL-EQ - stored 393 completed 5-minute candles
2026-09-15T10:37:26 FETCHED: NSE:GRASIM-EQ - stored 393 completed 5-minute candles
2026-09-15T10:37:26 FETCHED: NSE:HCLTECH-EQ - stored 393 completed 5-minute candles
2026-09-15T10:37:27 FETCHED: NSE:HDFCBANK-EQ - stored 393 completed 5-minute candles
2026-09-15T10:37:28 FETCHED: NSE:HDFCLIFE-EQ - stored 393 completed 5-minute candles
2026-09-15T10:37:28 FETCHED: NSE:HINDALCO-EQ - stored 393 completed 5-minute candles
2026-09-15T10:37:29 FETCHED: NSE:HINDUNILVR-EQ - stored 393 completed 5-minute candles
2026-09-15T10:37:30 FETCHED: NSE:ICICIBANK-EQ - stored 393 completed 5-minute candles
2026-09-15T10:37:31 FETCHED: NSE:ITC-EQ - stored 393 completed 5-minute candles
2026-09-15T10:37:32 FETCHED: NSE:INFY-EQ - stored 393 completed 5-minute candles
2026-09-15T10:37:33 FETCHED: NSE:INDIGO-EQ - stored 393 completed 5-minute candles
2026-09-15T10:37:35 FETCHED: NSE:JSWSTEEL-EQ - stored 393 completed 5-minute candles
2026-09-15T10:37:36 FETCHED: NSE:JIOFIN-EQ - stored 393 completed 5-minute candles
2026-09-15T10:37:40 FETCHED: NSE:KOTAKBANK-EQ - stored 393 completed 5-minute candles
2026-09-15T10:37:42 FETCHED: NSE:LT-EQ - stored 393 completed 5-minute candles
2026-09-15T10:37:44 FETCHED: NSE:M&M-EQ - stored 393 completed 5-minute candles
2026-09-15T10:37:46 FETCHED: NSE:MARUTI-EQ - stored 393 completed 5-minute candles
2026-09-15T10:37:48 FETCHED: NSE:MAXHEALTH-EQ - stored 393 completed 5-minute candles
2026-09-15T10:37:49 FETCHED: NSE:NTPC-EQ - stored 393 completed 5-minute candles
2026-09-15T10:37:56 FETCHED: NSE:NESTLEIND-EQ - stored 393 completed 5-minute candles
2026-09-15T10:37:58 FETCHED: NSE:ONGC-EQ - stored 393 completed 5-minute candles
2026-09-15T10:38:00 FETCHED: NSE:POWERGRID-EQ - stored 394 completed 5-minute candles
2026-09-15T10:38:02 FETCHED: NSE:RELIANCE-EQ - stored 393 completed 5-minute candles
2026-09-15T10:38:03 FETCHED: NSE:SBILIFE-EQ - stored 393 completed 5-minute candles
2026-09-15T10:38:04 FETCHED: NSE:SHRIRAMFIN-EQ - stored 393 completed 5-minute candles
2026-09-15T10:38:07 FETCHED: NSE:SBIN-EQ - stored 393 completed 5-minute candles
2026-09-15T10:38:08 FETCHED: NSE:SUNPHARMA-EQ - stored 393 completed 5-minute candles
2026-09-15T10:38:10 FETCHED: NSE:TCS-EQ - stored 393 completed 5-minute candles
2026-09-15T10:38:12 FETCHED: NSE:TATACONSUM-EQ - stored 393 completed 5-minute candles
2026-09-15T10:38:14 FETCHED: NSE:TMPV-EQ - stored 393 completed 5-minute candles
2026-09-15T10:38:16 FETCHED: NSE:TATASTEEL-EQ - stored 393 completed 5-minute candles
2026-09-15T10:38:18 FETCHED: NSE:TECHM-EQ - stored 393 completed 5-minute candles
2026-09-15T10:38:20 FETCHED: NSE:TITAN-EQ - stored 393 completed 5-minute candles
2026-09-15T10:38:22 FETCHED: NSE:TRENT-EQ - stored 393 completed 5-minute candles
2026-09-15T10:38:24 FETCHED: NSE:ULTRACEMCO-EQ - stored 393 completed 5-minute candles
2026-09-15T10:38:25 FETCHED: NSE:WIPRO-EQ - stored 393 completed 5-minute candles
2026-09-15T10:38:55 FETCH_CYCLE: 2026-09-15T10:38:55+05:30
2026-09-15T10:38:58 FETCHED: NSE:ADANIENT-EQ - stored 393 completed 5-minute candles
2026-09-15T10:39:00 FETCHED: NSE:ADANIPORTS-EQ - stored 393 completed 5-minute candles
2026-09-15T10:39:02 FETCHED: NSE:APOLLOHOSP-EQ - stored 393 completed 5-minute candles
2026-09-15T10:39:03 FETCHED: NSE:ASIANPAINT-EQ - stored 393 completed 5-minute candles
2026-09-15T10:39:04 FETCHED: NSE:AXISBANK-EQ - stored 393 completed 5-minute candles
2026-09-15T10:39:06 FETCHED: NSE:BAJAJ-AUTO-EQ - stored 393 completed 5-minute candles
2026-09-15T10:39:07 FETCHED: NSE:BAJFINANCE-EQ - stored 393 completed 5-minute candles
2026-09-15T10:39:11 FETCHED: NSE:BAJAJFINSV-EQ - stored 393 completed 5-minute candles
2026-09-15T10:39:14 FETCHED: NSE:BEL-EQ - stored 393 completed 5-minute candles
2026-09-15T10:39:17 FETCHED: NSE:BHARTIARTL-EQ - stored 393 completed 5-minute candles
2026-09-15T10:39:19 FETCHED: NSE:CIPLA-EQ - stored 393 completed 5-minute candles
2026-09-15T10:39:21 FETCHED: NSE:COALINDIA-EQ - stored 393 completed 5-minute candles
2026-09-15T10:39:24 FETCHED: NSE:DRREDDY-EQ - stored 393 completed 5-minute candles
2026-09-15T10:39:26 FETCHED: NSE:EICHERMOT-EQ - stored 393 completed 5-minute candles
2026-09-15T10:39:28 FETCHED: NSE:ETERNAL-EQ - stored 393 completed 5-minute candles
2026-09-15T10:39:30 FETCHED: NSE:GRASIM-EQ - stored 393 completed 5-minute candles
2026-09-15T10:39:32 FETCHED: NSE:HCLTECH-EQ - stored 393 completed 5-minute candles
2026-09-15T10:39:34 FETCHED: NSE:HDFCBANK-EQ - stored 393 completed 5-minute candles
2026-09-15T10:39:36 FETCHED: NSE:HDFCLIFE-EQ - stored 393 completed 5-minute candles
2026-09-15T10:39:54 FETCHED: NSE:HINDALCO-EQ - stored 393 completed 5-minute candles
2026-09-15T10:39:58 FETCHED: NSE:HINDUNILVR-EQ - stored 393 completed 5-minute candles
2026-09-15T10:40:00 FETCHED: NSE:ICICIBANK-EQ - stored 393 completed 5-minute candles
2026-09-15T10:40:01 FETCHED: NSE:ITC-EQ - stored 394 completed 5-minute candles
2026-09-15T10:40:03 FETCHED: NSE:INFY-EQ - stored 394 completed 5-minute candles
2026-09-15T10:40:04 FETCHED: NSE:INDIGO-EQ - stored 394 completed 5-minute candles
2026-09-15T10:40:08 FETCHED: NSE:JSWSTEEL-EQ - stored 394 completed 5-minute candles
2026-09-15T10:40:14 FETCHED: NSE:JIOFIN-EQ - stored 394 completed 5-minute candles
2026-09-15T10:40:17 FETCHED: NSE:KOTAKBANK-EQ - stored 394 completed 5-minute candles
2026-09-15T10:40:20 FETCHED: NSE:LT-EQ - stored 394 completed 5-minute candles
2026-09-15T10:40:21 FETCHED: NSE:M&M-EQ - stored 394 completed 5-minute candles
2026-09-15T10:40:23 FETCHED: NSE:MARUTI-EQ - stored 394 completed 5-minute candles
2026-09-15T10:40:25 FETCHED: NSE:MAXHEALTH-EQ - stored 394 completed 5-minute candles
2026-09-15T10:40:26 FETCHED: NSE:NTPC-EQ - stored 394 completed 5-minute candles
2026-09-15T10:40:28 FETCHED: NSE:NESTLEIND-EQ - stored 394 completed 5-minute candles
2026-09-15T10:40:30 FETCHED: NSE:ONGC-EQ - stored 394 completed 5-minute candles
2026-09-15T10:40:31 FETCHED: NSE:POWERGRID-EQ - stored 395 completed 5-minute candles
2026-09-15T10:40:35 FETCHED: NSE:RELIANCE-EQ - stored 394 completed 5-minute candles
2026-09-15T10:40:38 FETCHED: NSE:SBILIFE-EQ - stored 394 completed 5-minute candles
2026-09-15T10:40:40 FETCHED: NSE:SHRIRAMFIN-EQ - stored 394 completed 5-minute candles
2026-09-15T10:40:42 FETCHED: NSE:SBIN-EQ - stored 394 completed 5-minute candles
2026-09-15T10:40:43 FETCHED: NSE:SUNPHARMA-EQ - stored 394 completed 5-minute candles
2026-09-15T10:40:46 FETCHED: NSE:TCS-EQ - stored 394 completed 5-minute candles
2026-09-15T10:40:48 FETCHED: NSE:TATACONSUM-EQ - stored 394 completed 5-minute candles
2026-09-15T10:40:49 FETCHED: NSE:TMPV-EQ - stored 394 completed 5-minute candles
2026-09-15T10:40:50 FETCHED: NSE:TATASTEEL-EQ - stored 394 completed 5-minute candles
2026-09-15T10:40:52 FETCHED: NSE:TECHM-EQ - stored 394 completed 5-minute candles
2026-09-15T10:40:53 FETCHED: NSE:TITAN-EQ - stored 394 completed 5-minute candles
2026-09-15T10:40:55 FETCHED: NSE:TRENT-EQ - stored 394 completed 5-minute candles
2026-09-15T10:40:56 FETCHED: NSE:ULTRACEMCO-EQ - stored 394 completed 5-minute candles
2026-09-15T10:40:57 FETCHED: NSE:WIPRO-EQ - stored 394 completed 5-minute candles
2026-09-15T10:41:28 FETCH_CYCLE: 2026-09-15T10:41:28+05:30
2026-09-15T10:41:31 FETCHED: NSE:ADANIENT-EQ - stored 394 completed 5-minute candles
2026-09-15T10:41:32 FETCHED: NSE:ADANIPORTS-EQ - stored 394 completed 5-minute candles
2026-09-15T10:41:32 FETCHED: NSE:APOLLOHOSP-EQ - stored 394 completed 5-minute candles
2026-09-15T10:41:34 FETCHED: NSE:ASIANPAINT-EQ - stored 394 completed 5-minute candles
2026-09-15T10:41:35 FETCHED: NSE:AXISBANK-EQ - stored 394 completed 5-minute candles
2026-09-15T10:41:36 FETCHED: NSE:BAJAJ-AUTO-EQ - stored 394 completed 5-minute candles
2026-09-15T10:41:37 FETCHED: NSE:BAJFINANCE-EQ - stored 394 completed 5-minute candles
2026-09-15T10:41:38 FETCHED: NSE:BAJAJFINSV-EQ - stored 394 completed 5-minute candles
2026-09-15T10:41:39 FETCHED: NSE:BEL-EQ - stored 394 completed 5-minute candles
2026-09-15T10:41:39 FETCHED: NSE:BHARTIARTL-EQ - stored 394 completed 5-minute candles
2026-09-15T10:41:40 FETCHED: NSE:CIPLA-EQ - stored 394 completed 5-minute candles
2026-09-15T10:41:42 FETCHED: NSE:COALINDIA-EQ - stored 394 completed 5-minute candles
2026-09-15T10:41:42 FETCHED: NSE:DRREDDY-EQ - stored 394 completed 5-minute candles
2026-09-15T10:41:43 FETCHED: NSE:EICHERMOT-EQ - stored 394 completed 5-minute candles
2026-09-15T10:41:44 FETCHED: NSE:ETERNAL-EQ - stored 394 completed 5-minute candles
2026-09-15T10:41:45 FETCHED: NSE:GRASIM-EQ - stored 394 completed 5-minute candles
2026-09-15T10:41:46 FETCHED: NSE:HCLTECH-EQ - stored 394 completed 5-minute candles
2026-09-15T10:41:47 FETCHED: NSE:HDFCBANK-EQ - stored 394 completed 5-minute candles
2026-09-15T10:41:48 FETCHED: NSE:HDFCLIFE-EQ - stored 394 completed 5-minute candles
2026-09-15T10:41:49 FETCHED: NSE:HINDALCO-EQ - stored 394 completed 5-minute candles
2026-09-15T10:41:50 FETCHED: NSE:HINDUNILVR-EQ - stored 394 completed 5-minute candles
2026-09-15T10:41:51 FETCHED: NSE:ICICIBANK-EQ - stored 394 completed 5-minute candles
2026-09-15T10:41:52 FETCHED: NSE:ITC-EQ - stored 394 completed 5-minute candles
2026-09-15T10:41:52 FETCHED: NSE:INFY-EQ - stored 394 completed 5-minute candles
2026-09-15T10:41:53 FETCHED: NSE:INDIGO-EQ - stored 394 completed 5-minute candles
2026-09-15T10:41:57 FETCHED: NSE:JSWSTEEL-EQ - stored 394 completed 5-minute candles
2026-09-15T10:41:58 FETCHED: NSE:JIOFIN-EQ - stored 394 completed 5-minute candles
2026-09-15T10:41:59 FETCHED: NSE:KOTAKBANK-EQ - stored 394 completed 5-minute candles
2026-09-15T10:42:00 FETCHED: NSE:LT-EQ - stored 394 completed 5-minute candles
2026-09-15T10:42:01 FETCHED: NSE:M&M-EQ - stored 394 completed 5-minute candles
2026-09-15T10:42:02 FETCHED: NSE:MARUTI-EQ - stored 394 completed 5-minute candles
2026-09-15T10:42:03 FETCHED: NSE:MAXHEALTH-EQ - stored 394 completed 5-minute candles
2026-09-15T10:42:04 FETCHED: NSE:NTPC-EQ - stored 394 completed 5-minute candles
2026-09-15T10:42:05 FETCHED: NSE:NESTLEIND-EQ - stored 394 completed 5-minute candles
2026-09-15T10:42:07 FETCHED: NSE:ONGC-EQ - stored 394 completed 5-minute candles
2026-09-15T10:42:08 FETCHED: NSE:POWERGRID-EQ - stored 395 completed 5-minute candles
2026-09-15T10:42:09 FETCHED: NSE:RELIANCE-EQ - stored 394 completed 5-minute candles
2026-09-15T10:42:10 FETCHED: NSE:SBILIFE-EQ - stored 394 completed 5-minute candles
2026-09-15T10:42:11 FETCHED: NSE:SHRIRAMFIN-EQ - stored 394 completed 5-minute candles
2026-09-15T10:42:12 FETCHED: NSE:SBIN-EQ - stored 394 completed 5-minute candles
2026-09-15T10:42:13 FETCHED: NSE:SUNPHARMA-EQ - stored 394 completed 5-minute candles
2026-09-15T10:42:13 FETCHED: NSE:TCS-EQ - stored 394 completed 5-minute candles
2026-09-15T10:42:14 FETCHED: NSE:TATACONSUM-EQ - stored 394 completed 5-minute candles
2026-09-15T10:42:15 FETCHED: NSE:TMPV-EQ - stored 394 completed 5-minute candles
2026-09-15T10:42:16 FETCHED: NSE:TATASTEEL-EQ - stored 394 completed 5-minute candles
2026-09-15T10:42:16 FETCHED: NSE:TECHM-EQ - stored 394 completed 5-minute candles
2026-09-15T10:42:17 FETCHED: NSE:TITAN-EQ - stored 394 completed 5-minute candles
2026-09-15T10:42:18 FETCHED: NSE:TRENT-EQ - stored 394 completed 5-minute candles
2026-09-15T10:42:18 FETCHED: NSE:ULTRACEMCO-EQ - stored 394 completed 5-minute candles
2026-09-15T10:42:19 FETCHED: NSE:WIPRO-EQ - stored 394 completed 5-minute candles
2026-09-15T10:42:49 FETCH_CYCLE: 2026-09-15T10:42:49+05:30
2026-09-15T10:42:51 FETCHED: NSE:ADANIENT-EQ - stored 394 completed 5-minute candles
2026-09-15T10:42:53 FETCHED: NSE:ADANIPORTS-EQ - stored 394 completed 5-minute candles
2026-09-15T10:43:01 FETCHED: NSE:APOLLOHOSP-EQ - stored 394 completed 5-minute candles
2026-09-15T10:43:02 FETCHED: NSE:ASIANPAINT-EQ - stored 394 completed 5-minute candles
2026-09-15T10:43:03 FETCHED: NSE:AXISBANK-EQ - stored 394 completed 5-minute candles
2026-09-15T10:43:04 FETCHED: NSE:BAJAJ-AUTO-EQ - stored 394 completed 5-minute candles
2026-09-15T10:43:06 FETCHED: NSE:BAJFINANCE-EQ - stored 394 completed 5-minute candles
2026-09-15T10:43:07 FETCHED: NSE:BAJAJFINSV-EQ - stored 394 completed 5-minute candles
2026-09-15T10:43:08 FETCHED: NSE:BEL-EQ - stored 394 completed 5-minute candles
2026-09-15T10:43:09 FETCHED: NSE:BHARTIARTL-EQ - stored 394 completed 5-minute candles
2026-09-15T10:43:10 FETCHED: NSE:CIPLA-EQ - stored 394 completed 5-minute candles
2026-09-15T10:43:12 FETCHED: NSE:COALINDIA-EQ - stored 394 completed 5-minute candles
2026-09-15T10:43:12 FETCHED: NSE:DRREDDY-EQ - stored 394 completed 5-minute candles
2026-09-15T10:43:13 FETCHED: NSE:EICHERMOT-EQ - stored 394 completed 5-minute candles
2026-09-15T10:43:15 FETCHED: NSE:ETERNAL-EQ - stored 394 completed 5-minute candles
2026-09-15T10:43:16 FETCHED: NSE:GRASIM-EQ - stored 394 completed 5-minute candles
2026-09-15T10:43:17 FETCHED: NSE:HCLTECH-EQ - stored 394 completed 5-minute candles
2026-09-15T10:43:18 FETCHED: NSE:HDFCBANK-EQ - stored 394 completed 5-minute candles
2026-09-15T10:43:19 FETCHED: NSE:HDFCLIFE-EQ - stored 394 completed 5-minute candles
2026-09-15T10:43:20 FETCHED: NSE:HINDALCO-EQ - stored 394 completed 5-minute candles
2026-09-15T10:43:21 FETCHED: NSE:HINDUNILVR-EQ - stored 394 completed 5-minute candles
2026-09-15T10:43:22 FETCHED: NSE:ICICIBANK-EQ - stored 394 completed 5-minute candles
2026-09-15T10:43:33 FETCHED: NSE:ITC-EQ - stored 394 completed 5-minute candles
2026-09-15T10:43:34 FETCHED: NSE:INFY-EQ - stored 394 completed 5-minute candles
2026-09-15T10:43:35 FETCHED: NSE:INDIGO-EQ - stored 394 completed 5-minute candles
2026-09-15T10:43:37 FETCHED: NSE:JSWSTEEL-EQ - stored 394 completed 5-minute candles
2026-09-15T10:43:39 FETCHED: NSE:JIOFIN-EQ - stored 394 completed 5-minute candles
2026-09-15T10:43:41 FETCHED: NSE:KOTAKBANK-EQ - stored 394 completed 5-minute candles
2026-09-15T10:43:44 FETCHED: NSE:LT-EQ - stored 394 completed 5-minute candles
2026-09-15T10:43:46 FETCHED: NSE:M&M-EQ - stored 394 completed 5-minute candles
2026-09-15T10:43:48 FETCHED: NSE:MARUTI-EQ - stored 394 completed 5-minute candles
2026-09-15T10:43:50 FETCHED: NSE:MAXHEALTH-EQ - stored 394 completed 5-minute candles
2026-09-15T10:43:51 FETCHED: NSE:NTPC-EQ - stored 394 completed 5-minute candles
2026-09-15T10:43:53 FETCHED: NSE:NESTLEIND-EQ - stored 394 completed 5-minute candles
2026-09-15T10:43:55 FETCHED: NSE:ONGC-EQ - stored 394 completed 5-minute candles
2026-09-15T10:43:56 FETCHED: NSE:POWERGRID-EQ - stored 395 completed 5-minute candles
2026-09-15T10:43:57 FETCHED: NSE:RELIANCE-EQ - stored 394 completed 5-minute candles
2026-09-15T10:43:59 FETCHED: NSE:SBILIFE-EQ - stored 394 completed 5-minute candles
2026-09-15T10:44:00 FETCHED: NSE:SHRIRAMFIN-EQ - stored 394 completed 5-minute candles
2026-09-15T10:44:02 FETCHED: NSE:SBIN-EQ - stored 394 completed 5-minute candles
2026-09-15T10:44:03 FETCHED: NSE:SUNPHARMA-EQ - stored 394 completed 5-minute candles
2026-09-15T10:44:04 FETCHED: NSE:TCS-EQ - stored 394 completed 5-minute candles
2026-09-15T10:44:06 FETCHED: NSE:TATACONSUM-EQ - stored 394 completed 5-minute candles
2026-09-15T10:44:07 FETCHED: NSE:TMPV-EQ - stored 394 completed 5-minute candles
2026-09-15T10:44:08 FETCHED: NSE:TATASTEEL-EQ - stored 394 completed 5-minute candles
2026-09-15T10:44:09 FETCHED: NSE:TECHM-EQ - stored 394 completed 5-minute candles
2026-09-15T10:44:10 FETCHED: NSE:TITAN-EQ - stored 394 completed 5-minute candles
2026-09-15T10:44:11 FETCHED: NSE:TRENT-EQ - stored 394 completed 5-minute candles
2026-09-15T10:44:12 FETCHED: NSE:ULTRACEMCO-EQ - stored 394 completed 5-minute candles
2026-09-15T10:44:13 FETCHED: NSE:WIPRO-EQ - stored 394 completed 5-minute candles
2026-09-15T10:44:43 FETCH_CYCLE: 2026-09-15T10:44:43+05:30
2026-09-15T10:44:47 FETCHED: NSE:ADANIENT-EQ - stored 394 completed 5-minute candles
2026-09-15T10:44:47 FETCHED: NSE:ADANIPORTS-EQ - stored 394 completed 5-minute candles
2026-09-15T10:44:48 FETCHED: NSE:APOLLOHOSP-EQ - stored 394 completed 5-minute candles
2026-09-15T10:44:49 FETCHED: NSE:ASIANPAINT-EQ - stored 394 completed 5-minute candles
2026-09-15T10:44:50 FETCHED: NSE:AXISBANK-EQ - stored 394 completed 5-minute candles
2026-09-15T10:44:50 FETCHED: NSE:BAJAJ-AUTO-EQ - stored 394 completed 5-minute candles
2026-09-15T10:44:52 FETCHED: NSE:BAJFINANCE-EQ - stored 394 completed 5-minute candles
2026-09-15T10:44:53 FETCHED: NSE:BAJAJFINSV-EQ - stored 394 completed 5-minute candles
2026-09-15T10:44:55 FETCHED: NSE:BEL-EQ - stored 394 completed 5-minute candles
2026-09-15T10:44:56 FETCHED: NSE:BHARTIARTL-EQ - stored 394 completed 5-minute candles
2026-09-15T10:44:58 FETCHED: NSE:CIPLA-EQ - stored 394 completed 5-minute candles
2026-09-15T10:45:02 FETCHED: NSE:COALINDIA-EQ - stored 394 completed 5-minute candles
2026-09-15T10:45:09 FETCHED: NSE:DRREDDY-EQ - stored 395 completed 5-minute candles
2026-09-15T10:45:13 FETCHED: NSE:EICHERMOT-EQ - stored 395 completed 5-minute candles
2026-09-15T10:45:15 FETCHED: NSE:ETERNAL-EQ - stored 395 completed 5-minute candles
2026-09-15T10:45:17 FETCHED: NSE:GRASIM-EQ - stored 395 completed 5-minute candles
2026-09-15T10:45:17 FETCHED: NSE:HCLTECH-EQ - stored 395 completed 5-minute candles
2026-09-15T10:45:19 FETCHED: NSE:HDFCBANK-EQ - stored 395 completed 5-minute candles
2026-09-15T10:45:21 FETCHED: NSE:HDFCLIFE-EQ - stored 395 completed 5-minute candles
2026-09-15T10:45:22 FETCHED: NSE:HINDALCO-EQ - stored 395 completed 5-minute candles
2026-09-15T10:45:24 FETCHED: NSE:HINDUNILVR-EQ - stored 395 completed 5-minute candles
2026-09-15T10:45:26 FETCHED: NSE:ICICIBANK-EQ - stored 395 completed 5-minute candles
2026-09-15T10:45:27 FETCHED: NSE:ITC-EQ - stored 395 completed 5-minute candles
2026-09-15T10:45:29 FETCHED: NSE:INFY-EQ - stored 395 completed 5-minute candles
2026-09-15T10:45:31 FETCHED: NSE:INDIGO-EQ - stored 395 completed 5-minute candles
2026-09-15T10:45:32 FETCHED: NSE:JSWSTEEL-EQ - stored 395 completed 5-minute candles
2026-09-15T10:45:33 FETCHED: NSE:JIOFIN-EQ - stored 395 completed 5-minute candles
2026-09-15T10:45:35 FETCHED: NSE:KOTAKBANK-EQ - stored 395 completed 5-minute candles
2026-09-15T10:45:36 FETCHED: NSE:LT-EQ - stored 395 completed 5-minute candles
2026-09-15T10:45:37 FETCHED: NSE:M&M-EQ - stored 395 completed 5-minute candles
2026-09-15T10:45:38 FETCHED: NSE:MARUTI-EQ - stored 395 completed 5-minute candles
2026-09-15T10:45:38 FETCHED: NSE:MAXHEALTH-EQ - stored 395 completed 5-minute candles
2026-09-15T10:45:39 FETCHED: NSE:NTPC-EQ - stored 395 completed 5-minute candles
2026-09-15T10:45:40 FETCHED: NSE:NESTLEIND-EQ - stored 395 completed 5-minute candles
2026-09-15T10:45:41 FETCHED: NSE:ONGC-EQ - stored 395 completed 5-minute candles
2026-09-15T10:45:41 FETCHED: NSE:POWERGRID-EQ - stored 396 completed 5-minute candles
2026-09-15T10:45:42 FETCHED: NSE:RELIANCE-EQ - stored 395 completed 5-minute candles
2026-09-15T10:45:43 FETCHED: NSE:SBILIFE-EQ - stored 395 completed 5-minute candles
2026-09-15T10:45:45 FETCHED: NSE:SHRIRAMFIN-EQ - stored 395 completed 5-minute candles
2026-09-15T10:45:46 FETCHED: NSE:SBIN-EQ - stored 395 completed 5-minute candles
2026-09-15T10:45:47 FETCHED: NSE:SUNPHARMA-EQ - stored 395 completed 5-minute candles
2026-09-15T10:45:48 FETCHED: NSE:TCS-EQ - stored 395 completed 5-minute candles
2026-09-15T10:45:49 FETCHED: NSE:TATACONSUM-EQ - stored 395 completed 5-minute candles
2026-09-15T10:45:50 FETCHED: NSE:TMPV-EQ - stored 395 completed 5-minute candles
2026-09-15T10:45:51 FETCHED: NSE:TATASTEEL-EQ - stored 395 completed 5-minute candles
2026-09-15T10:45:52 FETCHED: NSE:TECHM-EQ - stored 395 completed 5-minute candles
2026-09-15T10:45:53 FETCHED: NSE:TITAN-EQ - stored 395 completed 5-minute candles
2026-09-15T10:45:53 FETCHED: NSE:TRENT-EQ - stored 395 completed 5-minute candles
2026-09-15T10:45:54 FETCHED: NSE:ULTRACEMCO-EQ - stored 395 completed 5-minute candles
2026-09-15T10:45:55 FETCHED: NSE:WIPRO-EQ - stored 395 completed 5-minute candles
2026-09-15T10:46:25 FETCH_CYCLE: 2026-09-15T10:46:25+05:30
2026-09-15T10:46:27 FETCHED: NSE:ADANIENT-EQ - stored 395 completed 5-minute candles
2026-09-15T10:46:28 FETCHED: NSE:ADANIPORTS-EQ - stored 395 completed 5-minute candles
2026-09-15T10:46:29 FETCHED: NSE:APOLLOHOSP-EQ - stored 395 completed 5-minute candles
2026-09-15T10:46:30 FETCHED: NSE:ASIANPAINT-EQ - stored 395 completed 5-minute candles
2026-09-15T10:46:31 FETCHED: NSE:AXISBANK-EQ - stored 395 completed 5-minute candles
2026-09-15T10:46:31 FETCHED: NSE:BAJAJ-AUTO-EQ - stored 395 completed 5-minute candles
2026-09-15T10:46:33 FETCHED: NSE:BAJFINANCE-EQ - stored 395 completed 5-minute candles
2026-09-15T10:46:35 FETCHED: NSE:BAJAJFINSV-EQ - stored 395 completed 5-minute candles
2026-09-15T10:46:37 FETCHED: NSE:BEL-EQ - stored 395 completed 5-minute candles
2026-09-15T10:46:43 FETCHED: NSE:BHARTIARTL-EQ - stored 395 completed 5-minute candles
2026-09-15T10:46:45 FETCHED: NSE:CIPLA-EQ - stored 395 completed 5-minute candles
2026-09-15T10:46:47 FETCHED: NSE:COALINDIA-EQ - stored 395 completed 5-minute candles
2026-09-15T10:46:50 FETCHED: NSE:DRREDDY-EQ - stored 395 completed 5-minute candles
2026-09-15T10:46:52 FETCHED: NSE:EICHERMOT-EQ - stored 395 completed 5-minute candles
2026-09-15T10:46:54 FETCHED: NSE:ETERNAL-EQ - stored 395 completed 5-minute candles
2026-09-15T10:46:54 FETCHED: NSE:GRASIM-EQ - stored 395 completed 5-minute candles
2026-09-15T10:46:55 FETCHED: NSE:HCLTECH-EQ - stored 395 completed 5-minute candles
2026-09-15T10:46:56 FETCHED: NSE:HDFCBANK-EQ - stored 395 completed 5-minute candles
2026-09-15T10:46:57 FETCHED: NSE:HDFCLIFE-EQ - stored 395 completed 5-minute candles
2026-09-15T10:46:58 FETCHED: NSE:HINDALCO-EQ - stored 395 completed 5-minute candles
2026-09-15T10:47:00 FETCHED: NSE:HINDUNILVR-EQ - stored 395 completed 5-minute candles
2026-09-15T10:47:02 FETCHED: NSE:ICICIBANK-EQ - stored 395 completed 5-minute candles
2026-09-15T10:47:04 FETCHED: NSE:ITC-EQ - stored 395 completed 5-minute candles
2026-09-15T10:47:05 FETCHED: NSE:INFY-EQ - stored 395 completed 5-minute candles
2026-09-15T10:47:06 FETCHED: NSE:INDIGO-EQ - stored 395 completed 5-minute candles
2026-09-15T10:47:08 FETCHED: NSE:JSWSTEEL-EQ - stored 395 completed 5-minute candles
2026-09-15T10:47:08 FETCHED: NSE:JIOFIN-EQ - stored 395 completed 5-minute candles
2026-09-15T10:47:10 FETCHED: NSE:KOTAKBANK-EQ - stored 395 completed 5-minute candles
2026-09-15T10:47:11 FETCHED: NSE:LT-EQ - stored 395 completed 5-minute candles
2026-09-15T10:47:12 FETCHED: NSE:M&M-EQ - stored 395 completed 5-minute candles
2026-09-15T10:47:12 FETCHED: NSE:MARUTI-EQ - stored 395 completed 5-minute candles
2026-09-15T10:47:13 FETCHED: NSE:MAXHEALTH-EQ - stored 395 completed 5-minute candles
2026-09-15T10:47:15 FETCHED: NSE:NTPC-EQ - stored 395 completed 5-minute candles
2026-09-15T10:47:16 FETCHED: NSE:NESTLEIND-EQ - stored 395 completed 5-minute candles
2026-09-15T10:47:17 FETCHED: NSE:ONGC-EQ - stored 395 completed 5-minute candles
2026-09-15T10:47:20 FETCHED: NSE:POWERGRID-EQ - stored 396 completed 5-minute candles
2026-09-15T10:47:21 FETCHED: NSE:RELIANCE-EQ - stored 395 completed 5-minute candles
2026-09-15T10:47:30 FETCHED: NSE:SBILIFE-EQ - stored 395 completed 5-minute candles
2026-09-15T10:47:58 FETCHED: NSE:SHRIRAMFIN-EQ - stored 395 completed 5-minute candles
2026-09-15T10:48:03 FETCHED: NSE:SBIN-EQ - stored 395 completed 5-minute candles
2026-09-15T10:48:04 FETCHED: NSE:SUNPHARMA-EQ - stored 395 completed 5-minute candles
2026-09-15T10:48:06 FETCHED: NSE:TCS-EQ - stored 395 completed 5-minute candles
2026-09-15T10:48:09 FETCHED: NSE:TATACONSUM-EQ - stored 395 completed 5-minute candles
2026-09-15T10:48:11 FETCHED: NSE:TMPV-EQ - stored 395 completed 5-minute candles
2026-09-15T10:48:13 FETCHED: NSE:TATASTEEL-EQ - stored 395 completed 5-minute candles
2026-09-15T10:48:14 FETCHED: NSE:TECHM-EQ - stored 395 completed 5-minute candles
2026-09-15T10:48:15 FETCHED: NSE:TITAN-EQ - stored 395 completed 5-minute candles
2026-09-15T10:48:16 FETCHED: NSE:TRENT-EQ - stored 395 completed 5-minute candles
2026-09-15T10:48:17 FETCHED: NSE:ULTRACEMCO-EQ - stored 395 completed 5-minute candles
2026-09-15T10:48:18 FETCHED: NSE:WIPRO-EQ - stored 395 completed 5-minute candles
2026-09-15T10:48:48 FETCH_CYCLE: 2026-09-15T10:48:48+05:30
2026-09-15T10:48:52 FETCHED: NSE:ADANIENT-EQ - stored 395 completed 5-minute candles
2026-09-15T10:48:53 FETCHED: NSE:ADANIPORTS-EQ - stored 395 completed 5-minute candles
2026-09-15T10:48:53 FETCHED: NSE:APOLLOHOSP-EQ - stored 395 completed 5-minute candles
2026-09-15T10:48:54 FETCHED: NSE:ASIANPAINT-EQ - stored 395 completed 5-minute candles
2026-09-15T10:48:55 FETCHED: NSE:AXISBANK-EQ - stored 395 completed 5-minute candles
2026-09-15T10:48:57 FETCHED: NSE:BAJAJ-AUTO-EQ - stored 395 completed 5-minute candles
2026-09-15T10:48:58 FETCHED: NSE:BAJFINANCE-EQ - stored 395 completed 5-minute candles
2026-09-15T10:49:00 FETCHED: NSE:BAJAJFINSV-EQ - stored 395 completed 5-minute candles
2026-09-15T10:49:00 FETCHED: NSE:BEL-EQ - stored 395 completed 5-minute candles
2026-09-15T10:49:01 FETCHED: NSE:BHARTIARTL-EQ - stored 395 completed 5-minute candles
2026-09-15T10:49:02 FETCHED: NSE:CIPLA-EQ - stored 395 completed 5-minute candles
2026-09-15T10:49:03 FETCHED: NSE:COALINDIA-EQ - stored 395 completed 5-minute candles
2026-09-15T10:49:04 FETCHED: NSE:DRREDDY-EQ - stored 395 completed 5-minute candles
2026-09-15T10:49:05 FETCHED: NSE:EICHERMOT-EQ - stored 395 completed 5-minute candles
2026-09-15T10:49:05 FETCHED: NSE:ETERNAL-EQ - stored 395 completed 5-minute candles
2026-09-15T10:49:06 FETCHED: NSE:GRASIM-EQ - stored 395 completed 5-minute candles
2026-09-15T10:49:07 FETCHED: NSE:HCLTECH-EQ - stored 395 completed 5-minute candles
2026-09-15T10:49:08 FETCHED: NSE:HDFCBANK-EQ - stored 395 completed 5-minute candles
2026-09-15T10:49:08 FETCHED: NSE:HDFCLIFE-EQ - stored 395 completed 5-minute candles
2026-09-15T10:49:09 FETCHED: NSE:HINDALCO-EQ - stored 395 completed 5-minute candles
2026-09-15T10:49:10 FETCHED: NSE:HINDUNILVR-EQ - stored 395 completed 5-minute candles
2026-09-15T10:49:11 FETCHED: NSE:ICICIBANK-EQ - stored 395 completed 5-minute candles
2026-09-15T10:49:12 FETCHED: NSE:ITC-EQ - stored 395 completed 5-minute candles
2026-09-15T10:49:13 FETCHED: NSE:INFY-EQ - stored 395 completed 5-minute candles
2026-09-15T10:49:14 FETCHED: NSE:INDIGO-EQ - stored 395 completed 5-minute candles
2026-09-15T10:49:14 FETCHED: NSE:JSWSTEEL-EQ - stored 395 completed 5-minute candles
2026-09-15T10:49:15 FETCHED: NSE:JIOFIN-EQ - stored 395 completed 5-minute candles
2026-09-15T10:49:15 FETCHED: NSE:KOTAKBANK-EQ - stored 395 completed 5-minute candles
2026-09-15T10:49:17 FETCHED: NSE:LT-EQ - stored 395 completed 5-minute candles
2026-09-15T10:49:18 FETCHED: NSE:M&M-EQ - stored 395 completed 5-minute candles
2026-09-15T10:49:19 FETCHED: NSE:MARUTI-EQ - stored 395 completed 5-minute candles
2026-09-15T10:49:20 FETCHED: NSE:MAXHEALTH-EQ - stored 395 completed 5-minute candles
2026-09-15T10:49:20 FETCHED: NSE:NTPC-EQ - stored 395 completed 5-minute candles
2026-09-15T10:49:21 FETCHED: NSE:NESTLEIND-EQ - stored 395 completed 5-minute candles
2026-09-15T10:49:22 FETCHED: NSE:ONGC-EQ - stored 395 completed 5-minute candles
2026-09-15T10:49:22 FETCHED: NSE:POWERGRID-EQ - stored 396 completed 5-minute candles
2026-09-15T10:49:23 FETCHED: NSE:RELIANCE-EQ - stored 395 completed 5-minute candles
2026-09-15T10:49:24 FETCHED: NSE:SBILIFE-EQ - stored 395 completed 5-minute candles
2026-09-15T10:49:25 FETCHED: NSE:SHRIRAMFIN-EQ - stored 395 completed 5-minute candles
2026-09-15T10:49:25 FETCHED: NSE:SBIN-EQ - stored 395 completed 5-minute candles
2026-09-15T10:49:26 FETCHED: NSE:SUNPHARMA-EQ - stored 395 completed 5-minute candles
2026-09-15T10:49:27 FETCHED: NSE:TCS-EQ - stored 395 completed 5-minute candles
2026-09-15T10:49:28 FETCHED: NSE:TATACONSUM-EQ - stored 395 completed 5-minute candles
2026-09-15T10:49:29 FETCHED: NSE:TMPV-EQ - stored 395 completed 5-minute candles
2026-09-15T10:49:29 FETCHED: NSE:TATASTEEL-EQ - stored 395 completed 5-minute candles
2026-09-15T10:49:30 FETCHED: NSE:TECHM-EQ - stored 395 completed 5-minute candles
2026-09-15T10:49:31 FETCHED: NSE:TITAN-EQ - stored 395 completed 5-minute candles
2026-09-15T10:49:31 FETCHED: NSE:TRENT-EQ - stored 395 completed 5-minute candles
2026-09-15T10:49:32 FETCHED: NSE:ULTRACEMCO-EQ - stored 395 completed 5-minute candles
2026-09-15T10:49:33 FETCHED: NSE:WIPRO-EQ - stored 395 completed 5-minute candles
2026-09-15T10:50:03 FETCH_CYCLE: 2026-09-15T10:50:03+05:30
2026-09-15T10:50:05 FETCHED: NSE:ADANIENT-EQ - stored 396 completed 5-minute candles
2026-09-15T10:50:06 FETCHED: NSE:ADANIPORTS-EQ - stored 396 completed 5-minute candles
2026-09-15T10:50:06 FETCHED: NSE:APOLLOHOSP-EQ - stored 396 completed 5-minute candles
2026-09-15T10:50:07 FETCHED: NSE:ASIANPAINT-EQ - stored 396 completed 5-minute candles
2026-09-15T10:50:08 FETCHED: NSE:AXISBANK-EQ - stored 396 completed 5-minute candles
2026-09-15T10:50:08 FETCHED: NSE:BAJAJ-AUTO-EQ - stored 396 completed 5-minute candles
2026-09-15T10:50:09 FETCHED: NSE:BAJFINANCE-EQ - stored 396 completed 5-minute candles
2026-09-15T10:50:10 FETCHED: NSE:BAJAJFINSV-EQ - stored 396 completed 5-minute candles
2026-09-15T10:50:10 FETCHED: NSE:BEL-EQ - stored 396 completed 5-minute candles
2026-09-15T10:50:11 FETCHED: NSE:BHARTIARTL-EQ - stored 396 completed 5-minute candles
2026-09-15T10:50:11 FETCHED: NSE:CIPLA-EQ - stored 396 completed 5-minute candles
2026-09-15T10:50:12 FETCHED: NSE:COALINDIA-EQ - stored 396 completed 5-minute candles
2026-09-15T10:50:12 FETCHED: NSE:DRREDDY-EQ - stored 396 completed 5-minute candles
2026-09-15T10:50:13 FETCHED: NSE:EICHERMOT-EQ - stored 396 completed 5-minute candles
2026-09-15T10:50:13 FETCHED: NSE:ETERNAL-EQ - stored 396 completed 5-minute candles
2026-09-15T10:50:14 FETCHED: NSE:GRASIM-EQ - stored 396 completed 5-minute candles
2026-09-15T10:50:14 FETCHED: NSE:HCLTECH-EQ - stored 396 completed 5-minute candles
2026-09-15T10:50:15 FETCHED: NSE:HDFCBANK-EQ - stored 396 completed 5-minute candles
2026-09-15T10:50:15 FETCHED: NSE:HDFCLIFE-EQ - stored 396 completed 5-minute candles
2026-09-15T10:50:17 FETCHED: NSE:HINDALCO-EQ - stored 396 completed 5-minute candles
2026-09-15T10:50:17 FETCHED: NSE:HINDUNILVR-EQ - stored 396 completed 5-minute candles
2026-09-15T10:50:18 FETCHED: NSE:ICICIBANK-EQ - stored 396 completed 5-minute candles
2026-09-15T10:50:18 FETCHED: NSE:ITC-EQ - stored 396 completed 5-minute candles
2026-09-15T10:50:19 FETCHED: NSE:INFY-EQ - stored 396 completed 5-minute candles
2026-09-15T10:50:20 FETCHED: NSE:INDIGO-EQ - stored 396 completed 5-minute candles
2026-09-15T10:50:20 FETCHED: NSE:JSWSTEEL-EQ - stored 396 completed 5-minute candles
2026-09-15T10:50:20 FETCHED: NSE:JIOFIN-EQ - stored 396 completed 5-minute candles
2026-09-15T10:50:21 FETCHED: NSE:KOTAKBANK-EQ - stored 396 completed 5-minute candles
2026-09-15T10:50:21 FETCHED: NSE:LT-EQ - stored 396 completed 5-minute candles
2026-09-15T10:50:22 FETCHED: NSE:M&M-EQ - stored 396 completed 5-minute candles
2026-09-15T10:50:22 FETCHED: NSE:MARUTI-EQ - stored 396 completed 5-minute candles
2026-09-15T10:50:23 FETCHED: NSE:MAXHEALTH-EQ - stored 396 completed 5-minute candles
2026-09-15T10:50:24 FETCHED: NSE:NTPC-EQ - stored 396 completed 5-minute candles
2026-09-15T10:50:25 FETCHED: NSE:NESTLEIND-EQ - stored 396 completed 5-minute candles
2026-09-15T10:50:26 FETCHED: NSE:ONGC-EQ - stored 396 completed 5-minute candles
2026-09-15T10:50:27 FETCHED: NSE:POWERGRID-EQ - stored 397 completed 5-minute candles
2026-09-15T10:50:27 FETCHED: NSE:RELIANCE-EQ - stored 396 completed 5-minute candles
2026-09-15T10:50:28 FETCHED: NSE:SBILIFE-EQ - stored 396 completed 5-minute candles
2026-09-15T10:50:28 FETCHED: NSE:SHRIRAMFIN-EQ - stored 396 completed 5-minute candles
2026-09-15T10:50:29 FETCHED: NSE:SBIN-EQ - stored 396 completed 5-minute candles
2026-09-15T10:50:30 FETCHED: NSE:SUNPHARMA-EQ - stored 396 completed 5-minute candles
2026-09-15T10:50:30 FETCHED: NSE:TCS-EQ - stored 396 completed 5-minute candles
2026-09-15T10:50:31 FETCHED: NSE:TATACONSUM-EQ - stored 396 completed 5-minute candles
2026-09-15T10:50:31 FETCHED: NSE:TMPV-EQ - stored 396 completed 5-minute candles
2026-09-15T10:50:32 FETCHED: NSE:TATASTEEL-EQ - stored 396 completed 5-minute candles
2026-09-15T10:50:33 FETCHED: NSE:TECHM-EQ - stored 396 completed 5-minute candles
2026-09-15T10:50:33 FETCHED: NSE:TITAN-EQ - stored 396 completed 5-minute candles
2026-09-15T10:50:34 FETCHED: NSE:TRENT-EQ - stored 396 completed 5-minute candles
2026-09-15T10:50:35 FETCHED: NSE:ULTRACEMCO-EQ - stored 396 completed 5-minute candles
2026-09-15T10:50:35 FETCHED: NSE:WIPRO-EQ - stored 396 completed 5-minute candles
2026-09-15T10:51:05 FETCH_CYCLE: 2026-09-15T10:51:05+05:30
2026-09-15T10:51:07 FETCHED: NSE:ADANIENT-EQ - stored 396 completed 5-minute candles
2026-09-15T10:51:08 FETCHED: NSE:ADANIPORTS-EQ - stored 396 completed 5-minute candles
2026-09-15T10:51:09 FETCHED: NSE:APOLLOHOSP-EQ - stored 396 completed 5-minute candles
2026-09-15T10:51:09 FETCHED: NSE:ASIANPAINT-EQ - stored 396 completed 5-minute candles
2026-09-15T10:51:10 FETCHED: NSE:AXISBANK-EQ - stored 396 completed 5-minute candles
2026-09-15T10:51:10 FETCHED: NSE:BAJAJ-AUTO-EQ - stored 396 completed 5-minute candles
2026-09-15T10:51:11 FETCHED: NSE:BAJFINANCE-EQ - stored 396 completed 5-minute candles
2026-09-15T10:51:12 FETCHED: NSE:BAJAJFINSV-EQ - stored 396 completed 5-minute candles
2026-09-15T10:51:12 FETCHED: NSE:BEL-EQ - stored 396 completed 5-minute candles
2026-09-15T10:51:13 FETCHED: NSE:BHARTIARTL-EQ - stored 396 completed 5-minute candles
2026-09-15T10:51:13 FETCHED: NSE:CIPLA-EQ - stored 396 completed 5-minute candles
2026-09-15T10:51:14 FETCHED: NSE:COALINDIA-EQ - stored 396 completed 5-minute candles
2026-09-15T10:51:14 FETCHED: NSE:DRREDDY-EQ - stored 396 completed 5-minute candles
2026-09-15T10:51:15 FETCHED: NSE:EICHERMOT-EQ - stored 396 completed 5-minute candles
2026-09-15T10:51:15 FETCHED: NSE:ETERNAL-EQ - stored 396 completed 5-minute candles
2026-09-15T10:51:16 FETCHED: NSE:GRASIM-EQ - stored 396 completed 5-minute candles
2026-09-15T10:51:17 FETCHED: NSE:HCLTECH-EQ - stored 396 completed 5-minute candles
2026-09-15T10:51:17 FETCHED: NSE:HDFCBANK-EQ - stored 396 completed 5-minute candles
2026-09-15T10:51:18 FETCHED: NSE:HDFCLIFE-EQ - stored 396 completed 5-minute candles
2026-09-15T10:51:19 FETCHED: NSE:HINDALCO-EQ - stored 396 completed 5-minute candles
2026-09-15T10:51:19 FETCHED: NSE:HINDUNILVR-EQ - stored 396 completed 5-minute candles
2026-09-15T10:51:20 FETCHED: NSE:ICICIBANK-EQ - stored 396 completed 5-minute candles
2026-09-15T10:51:22 FETCHED: NSE:ITC-EQ - stored 396 completed 5-minute candles
2026-09-15T10:51:22 FETCHED: NSE:INFY-EQ - stored 396 completed 5-minute candles
2026-09-15T10:51:23 FETCHED: NSE:INDIGO-EQ - stored 396 completed 5-minute candles
2026-09-15T10:51:24 FETCHED: NSE:JSWSTEEL-EQ - stored 396 completed 5-minute candles
2026-09-15T10:51:24 FETCHED: NSE:JIOFIN-EQ - stored 396 completed 5-minute candles
2026-09-15T10:51:25 FETCHED: NSE:KOTAKBANK-EQ - stored 396 completed 5-minute candles
2026-09-15T10:51:26 FETCHED: NSE:LT-EQ - stored 396 completed 5-minute candles
2026-09-15T10:51:27 FETCHED: NSE:M&M-EQ - stored 396 completed 5-minute candles
2026-09-15T10:51:28 FETCHED: NSE:MARUTI-EQ - stored 396 completed 5-minute candles
2026-09-15T10:51:28 FETCHED: NSE:MAXHEALTH-EQ - stored 396 completed 5-minute candles
2026-09-15T10:51:29 FETCHED: NSE:NTPC-EQ - stored 396 completed 5-minute candles
2026-09-15T10:51:31 FETCHED: NSE:NESTLEIND-EQ - stored 396 completed 5-minute candles
2026-09-15T10:51:32 FETCHED: NSE:ONGC-EQ - stored 396 completed 5-minute candles
2026-09-15T10:51:33 FETCHED: NSE:POWERGRID-EQ - stored 397 completed 5-minute candles
2026-09-15T10:51:34 FETCHED: NSE:RELIANCE-EQ - stored 396 completed 5-minute candles
2026-09-15T10:51:39 FETCHED: NSE:SBILIFE-EQ - stored 396 completed 5-minute candles
2026-09-15T10:51:40 FETCHED: NSE:SHRIRAMFIN-EQ - stored 396 completed 5-minute candles
2026-09-15T10:51:42 FETCHED: NSE:SBIN-EQ - stored 396 completed 5-minute candles
2026-09-15T10:52:24 FETCHED: NSE:SUNPHARMA-EQ - stored 396 completed 5-minute candles
2026-09-15T10:52:29 FETCHED: NSE:TCS-EQ - stored 396 completed 5-minute candles
2026-09-15T10:52:31 FETCHED: NSE:TATACONSUM-EQ - stored 396 completed 5-minute candles
2026-09-15T10:52:31 FETCHED: NSE:TMPV-EQ - stored 396 completed 5-minute candles
2026-09-15T10:52:33 FETCHED: NSE:TATASTEEL-EQ - stored 396 completed 5-minute candles
2026-09-15T10:52:34 FETCHED: NSE:TECHM-EQ - stored 396 completed 5-minute candles
2026-09-15T10:52:36 FETCHED: NSE:TITAN-EQ - stored 396 completed 5-minute candles
2026-09-15T10:52:37 FETCHED: NSE:TRENT-EQ - stored 396 completed 5-minute candles
2026-09-15T10:52:39 FETCHED: NSE:ULTRACEMCO-EQ - stored 396 completed 5-minute candles
2026-09-15T10:52:40 FETCHED: NSE:WIPRO-EQ - stored 396 completed 5-minute candles
2026-09-15T10:53:10 FETCH_CYCLE: 2026-09-15T10:53:10+05:30
2026-09-15T10:53:23 FETCHED: NSE:ADANIENT-EQ - stored 396 completed 5-minute candles
2026-09-15T10:53:24 FETCHED: NSE:ADANIPORTS-EQ - stored 396 completed 5-minute candles
2026-09-15T10:53:26 FETCHED: NSE:APOLLOHOSP-EQ - stored 396 completed 5-minute candles
2026-09-15T10:53:28 FETCHED: NSE:ASIANPAINT-EQ - stored 396 completed 5-minute candles
2026-09-15T10:53:29 FETCHED: NSE:AXISBANK-EQ - stored 396 completed 5-minute candles
2026-09-15T10:53:30 FETCHED: NSE:BAJAJ-AUTO-EQ - stored 396 completed 5-minute candles
2026-09-15T10:53:31 FETCHED: NSE:BAJFINANCE-EQ - stored 396 completed 5-minute candles
2026-09-15T10:53:32 FETCHED: NSE:BAJAJFINSV-EQ - stored 396 completed 5-minute candles
2026-09-15T10:53:33 FETCHED: NSE:BEL-EQ - stored 396 completed 5-minute candles
2026-09-15T10:53:34 FETCHED: NSE:BHARTIARTL-EQ - stored 396 completed 5-minute candles
2026-09-15T10:53:35 FETCHED: NSE:CIPLA-EQ - stored 396 completed 5-minute candles
2026-09-15T10:53:36 FETCHED: NSE:COALINDIA-EQ - stored 396 completed 5-minute candles
2026-09-15T10:53:36 FETCHED: NSE:DRREDDY-EQ - stored 396 completed 5-minute candles
2026-09-15T10:53:37 FETCHED: NSE:EICHERMOT-EQ - stored 396 completed 5-minute candles
2026-09-15T10:53:38 FETCHED: NSE:ETERNAL-EQ - stored 396 completed 5-minute candles
2026-09-15T10:53:39 FETCHED: NSE:GRASIM-EQ - stored 396 completed 5-minute candles
2026-09-15T10:53:41 FETCHED: NSE:HCLTECH-EQ - stored 396 completed 5-minute candles
2026-09-15T10:53:42 FETCHED: NSE:HDFCBANK-EQ - stored 396 completed 5-minute candles
2026-09-15T10:53:42 FETCHED: NSE:HDFCLIFE-EQ - stored 396 completed 5-minute candles
2026-09-15T10:53:43 FETCHED: NSE:HINDALCO-EQ - stored 396 completed 5-minute candles
2026-09-15T10:53:44 FETCHED: NSE:HINDUNILVR-EQ - stored 396 completed 5-minute candles
2026-09-15T10:53:44 FETCHED: NSE:ICICIBANK-EQ - stored 396 completed 5-minute candles
2026-09-15T10:53:45 FETCHED: NSE:ITC-EQ - stored 396 completed 5-minute candles
2026-09-15T10:53:46 FETCHED: NSE:INFY-EQ - stored 396 completed 5-minute candles
2026-09-15T10:53:46 FETCHED: NSE:INDIGO-EQ - stored 396 completed 5-minute candles
2026-09-15T10:53:47 FETCHED: NSE:JSWSTEEL-EQ - stored 396 completed 5-minute candles
2026-09-15T10:53:47 FETCHED: NSE:JIOFIN-EQ - stored 396 completed 5-minute candles
2026-09-15T10:53:48 FETCHED: NSE:KOTAKBANK-EQ - stored 396 completed 5-minute candles
2026-09-15T10:53:48 FETCHED: NSE:LT-EQ - stored 396 completed 5-minute candles
2026-09-15T10:53:49 FETCHED: NSE:M&M-EQ - stored 396 completed 5-minute candles
2026-09-15T10:53:49 FETCHED: NSE:MARUTI-EQ - stored 396 completed 5-minute candles
2026-09-15T10:53:50 FETCHED: NSE:MAXHEALTH-EQ - stored 396 completed 5-minute candles
2026-09-15T10:53:51 FETCHED: NSE:NTPC-EQ - stored 396 completed 5-minute candles
2026-09-15T10:53:51 FETCHED: NSE:NESTLEIND-EQ - stored 396 completed 5-minute candles
2026-09-15T10:53:51 FETCHED: NSE:ONGC-EQ - stored 396 completed 5-minute candles
2026-09-15T10:53:52 FETCHED: NSE:POWERGRID-EQ - stored 397 completed 5-minute candles
2026-09-15T10:53:53 FETCHED: NSE:RELIANCE-EQ - stored 396 completed 5-minute candles
2026-09-15T10:53:53 FETCHED: NSE:SBILIFE-EQ - stored 396 completed 5-minute candles
2026-09-15T10:53:54 FETCHED: NSE:SHRIRAMFIN-EQ - stored 396 completed 5-minute candles
2026-09-15T10:53:55 FETCHED: NSE:SBIN-EQ - stored 396 completed 5-minute candles
2026-09-15T10:53:56 FETCHED: NSE:SUNPHARMA-EQ - stored 396 completed 5-minute candles
2026-09-15T10:53:57 FETCHED: NSE:TCS-EQ - stored 396 completed 5-minute candles
2026-09-15T10:53:58 FETCHED: NSE:TATACONSUM-EQ - stored 396 completed 5-minute candles
2026-09-15T10:53:58 FETCHED: NSE:TMPV-EQ - stored 396 completed 5-minute candles
2026-09-15T10:53:59 FETCHED: NSE:TATASTEEL-EQ - stored 396 completed 5-minute candles
2026-09-15T10:53:59 FETCHED: NSE:TECHM-EQ - stored 396 completed 5-minute candles
2026-09-15T10:54:00 FETCHED: NSE:TITAN-EQ - stored 396 completed 5-minute candles
2026-09-15T10:54:00 FETCHED: NSE:TRENT-EQ - stored 396 completed 5-minute candles
2026-09-15T10:54:01 FETCHED: NSE:ULTRACEMCO-EQ - stored 396 completed 5-minute candles
2026-09-15T10:54:02 FETCHED: NSE:WIPRO-EQ - stored 396 completed 5-minute candles
2026-09-15T10:54:32 FETCH_CYCLE: 2026-09-15T10:54:32+05:30
2026-09-15T10:54:41 FETCHED: NSE:ADANIENT-EQ - stored 396 completed 5-minute candles
2026-09-15T10:54:43 FETCHED: NSE:ADANIPORTS-EQ - stored 396 completed 5-minute candles
2026-09-15T10:54:44 FETCHED: NSE:APOLLOHOSP-EQ - stored 396 completed 5-minute candles
2026-09-15T10:54:44 FETCHED: NSE:ASIANPAINT-EQ - stored 396 completed 5-minute candles
2026-09-15T10:54:45 FETCHED: NSE:AXISBANK-EQ - stored 396 completed 5-minute candles
2026-09-15T10:54:46 FETCHED: NSE:BAJAJ-AUTO-EQ - stored 396 completed 5-minute candles
2026-09-15T10:54:47 FETCHED: NSE:BAJFINANCE-EQ - stored 396 completed 5-minute candles
2026-09-15T10:54:48 FETCHED: NSE:BAJAJFINSV-EQ - stored 396 completed 5-minute candles
2026-09-15T10:54:48 FETCHED: NSE:BEL-EQ - stored 396 completed 5-minute candles
2026-09-15T10:54:49 FETCHED: NSE:BHARTIARTL-EQ - stored 396 completed 5-minute candles
2026-09-15T10:54:50 FETCHED: NSE:CIPLA-EQ - stored 396 completed 5-minute candles
2026-09-15T10:54:51 FETCHED: NSE:COALINDIA-EQ - stored 396 completed 5-minute candles
2026-09-15T10:54:52 FETCHED: NSE:DRREDDY-EQ - stored 396 completed 5-minute candles
2026-09-15T10:54:52 FETCHED: NSE:EICHERMOT-EQ - stored 396 completed 5-minute candles
2026-09-15T10:54:53 FETCHED: NSE:ETERNAL-EQ - stored 396 completed 5-minute candles
2026-09-15T10:54:53 FETCHED: NSE:GRASIM-EQ - stored 396 completed 5-minute candles
2026-09-15T10:54:54 FETCHED: NSE:HCLTECH-EQ - stored 396 completed 5-minute candles
2026-09-15T10:54:54 FETCHED: NSE:HDFCBANK-EQ - stored 396 completed 5-minute candles
2026-09-15T10:54:55 FETCHED: NSE:HDFCLIFE-EQ - stored 396 completed 5-minute candles
2026-09-15T10:54:55 FETCHED: NSE:HINDALCO-EQ - stored 396 completed 5-minute candles
2026-09-15T10:54:56 FETCHED: NSE:HINDUNILVR-EQ - stored 396 completed 5-minute candles
2026-09-15T10:54:56 FETCHED: NSE:ICICIBANK-EQ - stored 396 completed 5-minute candles
2026-09-15T10:54:57 FETCHED: NSE:ITC-EQ - stored 396 completed 5-minute candles
2026-09-15T10:54:57 FETCHED: NSE:INFY-EQ - stored 396 completed 5-minute candles
2026-09-15T10:54:58 FETCHED: NSE:INDIGO-EQ - stored 396 completed 5-minute candles
2026-09-15T10:54:58 FETCHED: NSE:JSWSTEEL-EQ - stored 396 completed 5-minute candles
2026-09-15T10:54:59 FETCHED: NSE:JIOFIN-EQ - stored 396 completed 5-minute candles
2026-09-15T10:55:00 FETCHED: NSE:KOTAKBANK-EQ - stored 396 completed 5-minute candles
2026-09-15T10:55:00 FETCHED: NSE:LT-EQ - stored 397 completed 5-minute candles
2026-09-15T10:55:01 FETCHED: NSE:M&M-EQ - stored 397 completed 5-minute candles
2026-09-15T10:55:03 FETCHED: NSE:MARUTI-EQ - stored 397 completed 5-minute candles
2026-09-15T10:55:04 FETCHED: NSE:MAXHEALTH-EQ - stored 397 completed 5-minute candles
2026-09-15T10:55:06 FETCHED: NSE:NTPC-EQ - stored 397 completed 5-minute candles
2026-09-15T10:55:09 FETCHED: NSE:NESTLEIND-EQ - stored 397 completed 5-minute candles
2026-09-15T10:55:11 FETCHED: NSE:ONGC-EQ - stored 397 completed 5-minute candles
2026-09-15T10:55:14 FETCHED: NSE:POWERGRID-EQ - stored 398 completed 5-minute candles
2026-09-15T10:55:16 FETCHED: NSE:RELIANCE-EQ - stored 397 completed 5-minute candles
2026-09-15T10:55:17 FETCHED: NSE:SBILIFE-EQ - stored 397 completed 5-minute candles
2026-09-15T10:55:18 FETCHED: NSE:SHRIRAMFIN-EQ - stored 397 completed 5-minute candles
2026-09-15T10:55:19 FETCHED: NSE:SBIN-EQ - stored 397 completed 5-minute candles
2026-09-15T10:55:31 FETCHED: NSE:SUNPHARMA-EQ - stored 397 completed 5-minute candles
2026-09-15T10:55:34 FETCHED: NSE:TCS-EQ - stored 397 completed 5-minute candles
2026-09-15T10:55:36 FETCHED: NSE:TATACONSUM-EQ - stored 397 completed 5-minute candles
2026-09-15T10:55:37 FETCHED: NSE:TMPV-EQ - stored 397 completed 5-minute candles
2026-09-15T10:55:38 FETCHED: NSE:TATASTEEL-EQ - stored 397 completed 5-minute candles
2026-09-15T10:55:41 FETCHED: NSE:TECHM-EQ - stored 397 completed 5-minute candles
2026-09-15T10:55:43 FETCHED: NSE:TITAN-EQ - stored 397 completed 5-minute candles
2026-09-15T10:55:44 FETCHED: NSE:TRENT-EQ - stored 397 completed 5-minute candles
2026-09-15T10:55:45 FETCHED: NSE:ULTRACEMCO-EQ - stored 397 completed 5-minute candles
2026-09-15T10:55:46 FETCHED: NSE:WIPRO-EQ - stored 397 completed 5-minute candles
2026-09-15T10:56:17 FETCH_CYCLE: 2026-09-15T10:56:17+05:30
2026-09-15T10:56:41 FETCHED: NSE:ADANIENT-EQ - stored 397 completed 5-minute candles
2026-09-15T10:56:43 FETCHED: NSE:ADANIPORTS-EQ - stored 397 completed 5-minute candles
2026-09-15T10:56:44 FETCHED: NSE:APOLLOHOSP-EQ - stored 397 completed 5-minute candles
2026-09-15T10:56:45 FETCHED: NSE:ASIANPAINT-EQ - stored 397 completed 5-minute candles
2026-09-15T10:56:46 FETCHED: NSE:AXISBANK-EQ - stored 397 completed 5-minute candles
2026-09-15T10:56:47 FETCHED: NSE:BAJAJ-AUTO-EQ - stored 397 completed 5-minute candles
2026-09-15T10:56:47 FETCHED: NSE:BAJFINANCE-EQ - stored 397 completed 5-minute candles
2026-09-15T10:56:48 FETCHED: NSE:BAJAJFINSV-EQ - stored 397 completed 5-minute candles
2026-09-15T10:56:49 FETCHED: NSE:BEL-EQ - stored 397 completed 5-minute candles
2026-09-15T10:56:50 FETCHED: NSE:BHARTIARTL-EQ - stored 397 completed 5-minute candles
2026-09-15T10:56:54 FETCHED: NSE:CIPLA-EQ - stored 397 completed 5-minute candles
2026-09-15T10:56:56 FETCHED: NSE:COALINDIA-EQ - stored 397 completed 5-minute candles
2026-09-15T10:57:12 FETCHED: NSE:DRREDDY-EQ - stored 397 completed 5-minute candles
2026-09-15T10:57:17 FETCHED: NSE:EICHERMOT-EQ - stored 397 completed 5-minute candles
2026-09-15T10:57:19 FETCHED: NSE:ETERNAL-EQ - stored 397 completed 5-minute candles
2026-09-15T10:57:20 FETCHED: NSE:GRASIM-EQ - stored 397 completed 5-minute candles
2026-09-15T10:57:21 FETCHED: NSE:HCLTECH-EQ - stored 397 completed 5-minute candles
2026-09-15T10:57:21 FETCHED: NSE:HDFCBANK-EQ - stored 397 completed 5-minute candles
2026-09-15T10:57:22 FETCHED: NSE:HDFCLIFE-EQ - stored 397 completed 5-minute candles
2026-09-15T10:57:24 FETCHED: NSE:HINDALCO-EQ - stored 397 completed 5-minute candles
2026-09-15T10:57:27 FETCHED: NSE:HINDUNILVR-EQ - stored 397 completed 5-minute candles
2026-09-15T10:57:29 FETCHED: NSE:ICICIBANK-EQ - stored 397 completed 5-minute candles
2026-09-15T10:57:31 FETCHED: NSE:ITC-EQ - stored 397 completed 5-minute candles
2026-09-15T10:57:32 FETCHED: NSE:INFY-EQ - stored 397 completed 5-minute candles
2026-09-15T10:57:33 FETCHED: NSE:INDIGO-EQ - stored 397 completed 5-minute candles
2026-09-15T10:57:34 FETCHED: NSE:JSWSTEEL-EQ - stored 397 completed 5-minute candles
2026-09-15T10:57:35 FETCHED: NSE:JIOFIN-EQ - stored 397 completed 5-minute candles
2026-09-15T10:57:36 FETCHED: NSE:KOTAKBANK-EQ - stored 397 completed 5-minute candles
2026-09-15T10:57:37 FETCHED: NSE:LT-EQ - stored 397 completed 5-minute candles
2026-09-15T10:57:37 FETCHED: NSE:M&M-EQ - stored 397 completed 5-minute candles
2026-09-15T10:57:39 FETCHED: NSE:MARUTI-EQ - stored 397 completed 5-minute candles
2026-09-15T10:57:40 FETCHED: NSE:MAXHEALTH-EQ - stored 397 completed 5-minute candles
2026-09-15T10:57:41 FETCHED: NSE:NTPC-EQ - stored 397 completed 5-minute candles
2026-09-15T10:57:42 FETCHED: NSE:NESTLEIND-EQ - stored 397 completed 5-minute candles
2026-09-15T10:57:43 FETCHED: NSE:ONGC-EQ - stored 397 completed 5-minute candles
2026-09-15T10:57:44 FETCHED: NSE:POWERGRID-EQ - stored 398 completed 5-minute candles
2026-09-15T10:57:45 FETCHED: NSE:RELIANCE-EQ - stored 397 completed 5-minute candles
2026-09-15T10:57:46 FETCHED: NSE:SBILIFE-EQ - stored 397 completed 5-minute candles
2026-09-15T10:57:47 FETCHED: NSE:SHRIRAMFIN-EQ - stored 397 completed 5-minute candles
2026-09-15T10:57:47 FETCHED: NSE:SBIN-EQ - stored 397 completed 5-minute candles
2026-09-15T10:57:48 FETCHED: NSE:SUNPHARMA-EQ - stored 397 completed 5-minute candles
2026-09-15T10:57:50 FETCHED: NSE:TCS-EQ - stored 397 completed 5-minute candles
2026-09-15T10:57:51 FETCHED: NSE:TATACONSUM-EQ - stored 397 completed 5-minute candles
2026-09-15T10:57:52 FETCHED: NSE:TMPV-EQ - stored 397 completed 5-minute candles
2026-09-15T10:57:54 FETCHED: NSE:TATASTEEL-EQ - stored 397 completed 5-minute candles
2026-09-15T10:57:56 FETCHED: NSE:TECHM-EQ - stored 397 completed 5-minute candles
2026-09-15T10:57:58 FETCHED: NSE:TITAN-EQ - stored 397 completed 5-minute candles
2026-09-15T10:58:01 FETCHED: NSE:TRENT-EQ - stored 397 completed 5-minute candles
2026-09-15T10:58:03 FETCHED: NSE:ULTRACEMCO-EQ - stored 397 completed 5-minute candles
2026-09-15T10:58:06 FETCHED: NSE:WIPRO-EQ - stored 397 completed 5-minute candles
2026-09-15T10:58:37 FETCH_CYCLE: 2026-09-15T10:58:37+05:30
2026-09-15T10:58:41 FETCHED: NSE:ADANIENT-EQ - stored 397 completed 5-minute candles
2026-09-15T10:58:42 FETCHED: NSE:ADANIPORTS-EQ - stored 397 completed 5-minute candles
2026-09-15T10:58:43 FETCHED: NSE:APOLLOHOSP-EQ - stored 397 completed 5-minute candles
2026-09-15T10:58:44 FETCHED: NSE:ASIANPAINT-EQ - stored 397 completed 5-minute candles
2026-09-15T10:58:45 FETCHED: NSE:AXISBANK-EQ - stored 397 completed 5-minute candles
2026-09-15T10:58:46 FETCHED: NSE:BAJAJ-AUTO-EQ - stored 397 completed 5-minute candles
2026-09-15T10:58:47 FETCHED: NSE:BAJFINANCE-EQ - stored 397 completed 5-minute candles
2026-09-15T10:58:48 FETCHED: NSE:BAJAJFINSV-EQ - stored 397 completed 5-minute candles
2026-09-15T10:58:49 FETCHED: NSE:BEL-EQ - stored 397 completed 5-minute candles
2026-09-15T10:58:50 FETCHED: NSE:BHARTIARTL-EQ - stored 397 completed 5-minute candles
2026-09-15T10:58:50 FETCHED: NSE:CIPLA-EQ - stored 397 completed 5-minute candles
2026-09-15T10:58:52 FETCHED: NSE:COALINDIA-EQ - stored 397 completed 5-minute candles
2026-09-15T10:58:52 FETCHED: NSE:DRREDDY-EQ - stored 397 completed 5-minute candles
2026-09-15T10:58:53 FETCHED: NSE:EICHERMOT-EQ - stored 397 completed 5-minute candles
2026-09-15T10:58:54 FETCHED: NSE:ETERNAL-EQ - stored 397 completed 5-minute candles
2026-09-15T10:58:55 FETCHED: NSE:GRASIM-EQ - stored 397 completed 5-minute candles
2026-09-15T10:58:55 FETCHED: NSE:HCLTECH-EQ - stored 397 completed 5-minute candles
2026-09-15T10:58:56 FETCHED: NSE:HDFCBANK-EQ - stored 397 completed 5-minute candles
2026-09-15T10:58:57 FETCHED: NSE:HDFCLIFE-EQ - stored 397 completed 5-minute candles
2026-09-15T10:58:58 FETCHED: NSE:HINDALCO-EQ - stored 397 completed 5-minute candles
2026-09-15T10:58:58 FETCHED: NSE:HINDUNILVR-EQ - stored 397 completed 5-minute candles
2026-09-15T10:58:59 FETCHED: NSE:ICICIBANK-EQ - stored 397 completed 5-minute candles
2026-09-15T10:58:59 FETCHED: NSE:ITC-EQ - stored 397 completed 5-minute candles
2026-09-15T10:59:00 FETCHED: NSE:INFY-EQ - stored 397 completed 5-minute candles
2026-09-15T10:59:01 FETCHED: NSE:INDIGO-EQ - stored 397 completed 5-minute candles
2026-09-15T10:59:01 FETCHED: NSE:JSWSTEEL-EQ - stored 397 completed 5-minute candles
2026-09-15T10:59:02 FETCHED: NSE:JIOFIN-EQ - stored 397 completed 5-minute candles
2026-09-15T10:59:03 FETCHED: NSE:KOTAKBANK-EQ - stored 397 completed 5-minute candles
2026-09-15T10:59:03 FETCHED: NSE:LT-EQ - stored 397 completed 5-minute candles
2026-09-15T10:59:04 FETCHED: NSE:M&M-EQ - stored 397 completed 5-minute candles
2026-09-15T10:59:05 FETCHED: NSE:MARUTI-EQ - stored 397 completed 5-minute candles
2026-09-15T10:59:05 FETCHED: NSE:MAXHEALTH-EQ - stored 397 completed 5-minute candles
2026-09-15T10:59:06 FETCHED: NSE:NTPC-EQ - stored 397 completed 5-minute candles
2026-09-15T10:59:06 FETCHED: NSE:NESTLEIND-EQ - stored 397 completed 5-minute candles
2026-09-15T10:59:07 FETCHED: NSE:ONGC-EQ - stored 397 completed 5-minute candles
2026-09-15T10:59:07 FETCHED: NSE:POWERGRID-EQ - stored 398 completed 5-minute candles
2026-09-15T10:59:08 FETCHED: NSE:RELIANCE-EQ - stored 397 completed 5-minute candles
2026-09-15T10:59:08 FETCHED: NSE:SBILIFE-EQ - stored 397 completed 5-minute candles
2026-09-15T10:59:09 FETCHED: NSE:SHRIRAMFIN-EQ - stored 397 completed 5-minute candles
2026-09-15T10:59:09 FETCHED: NSE:SBIN-EQ - stored 397 completed 5-minute candles
2026-09-15T10:59:10 FETCHED: NSE:SUNPHARMA-EQ - stored 397 completed 5-minute candles
2026-09-15T10:59:11 FETCHED: NSE:TCS-EQ - stored 397 completed 5-minute candles
2026-09-15T10:59:11 FETCHED: NSE:TATACONSUM-EQ - stored 397 completed 5-minute candles
2026-09-15T10:59:12 FETCHED: NSE:TMPV-EQ - stored 397 completed 5-minute candles
2026-09-15T10:59:13 FETCHED: NSE:TATASTEEL-EQ - stored 397 completed 5-minute candles
2026-09-15T10:59:14 FETCHED: NSE:TECHM-EQ - stored 397 completed 5-minute candles
2026-09-15T10:59:14 FETCHED: NSE:TITAN-EQ - stored 397 completed 5-minute candles
2026-09-15T10:59:15 FETCHED: NSE:TRENT-EQ - stored 397 completed 5-minute candles
2026-09-15T10:59:16 FETCHED: NSE:ULTRACEMCO-EQ - stored 397 completed 5-minute candles
2026-09-15T10:59:16 FETCHED: NSE:WIPRO-EQ - stored 397 completed 5-minute candles
2026-09-15T10:59:46 FETCH_CYCLE: 2026-09-15T10:59:46+05:30
2026-09-15T10:59:48 FETCHED: NSE:ADANIENT-EQ - stored 397 completed 5-minute candles
2026-09-15T10:59:48 FETCHED: NSE:ADANIPORTS-EQ - stored 397 completed 5-minute candles
2026-09-15T10:59:49 FETCHED: NSE:APOLLOHOSP-EQ - stored 397 completed 5-minute candles
2026-09-15T10:59:49 FETCHED: NSE:ASIANPAINT-EQ - stored 397 completed 5-minute candles
2026-09-15T10:59:50 FETCHED: NSE:AXISBANK-EQ - stored 397 completed 5-minute candles
2026-09-15T10:59:50 FETCHED: NSE:BAJAJ-AUTO-EQ - stored 397 completed 5-minute candles
2026-09-15T10:59:51 FETCHED: NSE:BAJFINANCE-EQ - stored 397 completed 5-minute candles
2026-09-15T10:59:52 FETCHED: NSE:BAJAJFINSV-EQ - stored 397 completed 5-minute candles
2026-09-15T10:59:52 FETCHED: NSE:BEL-EQ - stored 397 completed 5-minute candles
2026-09-15T10:59:53 FETCHED: NSE:BHARTIARTL-EQ - stored 397 completed 5-minute candles
2026-09-15T10:59:54 FETCHED: NSE:CIPLA-EQ - stored 397 completed 5-minute candles
2026-09-15T10:59:54 FETCHED: NSE:COALINDIA-EQ - stored 397 completed 5-minute candles
2026-09-15T10:59:55 FETCHED: NSE:DRREDDY-EQ - stored 397 completed 5-minute candles
2026-09-15T10:59:55 FETCHED: NSE:EICHERMOT-EQ - stored 397 completed 5-minute candles
2026-09-15T10:59:56 FETCHED: NSE:ETERNAL-EQ - stored 397 completed 5-minute candles
2026-09-15T10:59:56 FETCHED: NSE:GRASIM-EQ - stored 397 completed 5-minute candles
2026-09-15T10:59:56 FETCHED: NSE:HCLTECH-EQ - stored 397 completed 5-minute candles
2026-09-15T10:59:57 FETCHED: NSE:HDFCBANK-EQ - stored 397 completed 5-minute candles
2026-09-15T10:59:57 FETCHED: NSE:HDFCLIFE-EQ - stored 397 completed 5-minute candles
2026-09-15T10:59:58 FETCHED: NSE:HINDALCO-EQ - stored 397 completed 5-minute candles
2026-09-15T10:59:58 FETCHED: NSE:HINDUNILVR-EQ - stored 397 completed 5-minute candles
2026-09-15T10:59:59 FETCHED: NSE:ICICIBANK-EQ - stored 397 completed 5-minute candles
2026-09-15T10:59:59 FETCHED: NSE:ITC-EQ - stored 397 completed 5-minute candles
2026-09-15T11:00:00 FETCHED: NSE:INFY-EQ - stored 397 completed 5-minute candles
2026-09-15T11:00:00 FETCHED: NSE:INDIGO-EQ - stored 397 completed 5-minute candles
2026-09-15T11:00:01 FETCHED: NSE:JSWSTEEL-EQ - stored 398 completed 5-minute candles
2026-09-15T11:00:02 FETCHED: NSE:JIOFIN-EQ - stored 398 completed 5-minute candles
2026-09-15T11:00:04 FETCHED: NSE:KOTAKBANK-EQ - stored 398 completed 5-minute candles
2026-09-15T11:00:06 FETCHED: NSE:LT-EQ - stored 398 completed 5-minute candles
2026-09-15T11:00:07 FETCHED: NSE:M&M-EQ - stored 398 completed 5-minute candles
2026-09-15T11:00:08 FETCHED: NSE:MARUTI-EQ - stored 398 completed 5-minute candles
2026-09-15T11:00:09 FETCHED: NSE:MAXHEALTH-EQ - stored 398 completed 5-minute candles
2026-09-15T11:00:09 FETCHED: NSE:NTPC-EQ - stored 398 completed 5-minute candles
2026-09-15T11:00:10 FETCHED: NSE:NESTLEIND-EQ - stored 398 completed 5-minute candles
2026-09-15T11:00:12 FETCHED: NSE:ONGC-EQ - stored 398 completed 5-minute candles
2026-09-15T11:00:13 FETCHED: NSE:POWERGRID-EQ - stored 399 completed 5-minute candles
2026-09-15T11:00:14 FETCHED: NSE:RELIANCE-EQ - stored 398 completed 5-minute candles
2026-09-15T11:00:15 FETCHED: NSE:SBILIFE-EQ - stored 398 completed 5-minute candles
2026-09-15T11:00:16 FETCHED: NSE:SHRIRAMFIN-EQ - stored 398 completed 5-minute candles
2026-09-15T11:00:17 FETCHED: NSE:SBIN-EQ - stored 398 completed 5-minute candles
2026-09-15T11:00:18 FETCHED: NSE:SUNPHARMA-EQ - stored 398 completed 5-minute candles
2026-09-15T11:00:20 FETCHED: NSE:TCS-EQ - stored 398 completed 5-minute candles
2026-09-15T11:00:31 FETCHED: NSE:TATACONSUM-EQ - stored 398 completed 5-minute candles
2026-09-15T11:00:32 FETCHED: NSE:TMPV-EQ - stored 398 completed 5-minute candles
2026-09-15T11:00:33 FETCHED: NSE:TATASTEEL-EQ - stored 398 completed 5-minute candles
2026-09-15T11:00:34 FETCHED: NSE:TECHM-EQ - stored 398 completed 5-minute candles
2026-09-15T11:00:42 FETCHED: NSE:TITAN-EQ - stored 398 completed 5-minute candles
2026-09-15T11:00:43 FETCHED: NSE:TRENT-EQ - stored 398 completed 5-minute candles
2026-09-15T11:00:43 FETCHED: NSE:ULTRACEMCO-EQ - stored 398 completed 5-minute candles
2026-09-15T11:00:44 FETCHED: NSE:WIPRO-EQ - stored 398 completed 5-minute candles
2026-09-15T11:01:16 FETCH_CYCLE: 2026-09-15T11:01:15+05:30
2026-09-15T11:01:24 FETCHED: NSE:ADANIENT-EQ - stored 398 completed 5-minute candles
2026-09-15T11:01:25 FETCHED: NSE:ADANIPORTS-EQ - stored 398 completed 5-minute candles
2026-09-15T11:01:26 FETCHED: NSE:APOLLOHOSP-EQ - stored 398 completed 5-minute candles
2026-09-15T11:01:27 FETCHED: NSE:ASIANPAINT-EQ - stored 398 completed 5-minute candles
2026-09-15T11:01:28 FETCHED: NSE:AXISBANK-EQ - stored 398 completed 5-minute candles
2026-09-15T11:01:29 FETCHED: NSE:BAJAJ-AUTO-EQ - stored 398 completed 5-minute candles
2026-09-15T11:01:30 FETCHED: NSE:BAJFINANCE-EQ - stored 398 completed 5-minute candles
2026-09-15T11:01:30 FETCHED: NSE:BAJAJFINSV-EQ - stored 398 completed 5-minute candles
2026-09-15T11:01:31 FETCHED: NSE:BEL-EQ - stored 398 completed 5-minute candles
2026-09-15T11:01:33 FETCHED: NSE:BHARTIARTL-EQ - stored 398 completed 5-minute candles
2026-09-15T11:01:34 FETCHED: NSE:CIPLA-EQ - stored 398 completed 5-minute candles
2026-09-15T11:01:35 FETCHED: NSE:COALINDIA-EQ - stored 398 completed 5-minute candles
2026-09-15T11:01:35 FETCHED: NSE:DRREDDY-EQ - stored 398 completed 5-minute candles
2026-09-15T11:01:36 FETCHED: NSE:EICHERMOT-EQ - stored 398 completed 5-minute candles
2026-09-15T11:01:37 FETCHED: NSE:ETERNAL-EQ - stored 398 completed 5-minute candles
2026-09-15T11:01:45 FETCHED: NSE:GRASIM-EQ - stored 398 completed 5-minute candles
2026-09-15T11:01:45 FETCHED: NSE:HCLTECH-EQ - stored 398 completed 5-minute candles
2026-09-15T11:01:46 FETCHED: NSE:HDFCBANK-EQ - stored 398 completed 5-minute candles
2026-09-15T11:01:47 FETCHED: NSE:HDFCLIFE-EQ - stored 398 completed 5-minute candles
2026-09-15T11:01:48 FETCHED: NSE:HINDALCO-EQ - stored 398 completed 5-minute candles
2026-09-15T11:01:49 FETCHED: NSE:HINDUNILVR-EQ - stored 398 completed 5-minute candles
2026-09-15T11:01:49 FETCHED: NSE:ICICIBANK-EQ - stored 398 completed 5-minute candles
2026-09-15T11:01:50 FETCHED: NSE:ITC-EQ - stored 398 completed 5-minute candles
2026-09-15T11:01:50 FETCHED: NSE:INFY-EQ - stored 398 completed 5-minute candles
2026-09-15T11:01:50 FETCHED: NSE:INDIGO-EQ - stored 398 completed 5-minute candles
2026-09-15T11:01:51 FETCHED: NSE:JSWSTEEL-EQ - stored 398 completed 5-minute candles
2026-09-15T11:01:51 FETCHED: NSE:JIOFIN-EQ - stored 398 completed 5-minute candles
2026-09-15T11:01:52 FETCHED: NSE:KOTAKBANK-EQ - stored 398 completed 5-minute candles
2026-09-15T11:01:52 FETCHED: NSE:LT-EQ - stored 398 completed 5-minute candles
2026-09-15T11:01:53 FETCHED: NSE:M&M-EQ - stored 398 completed 5-minute candles
2026-09-15T11:01:53 FETCHED: NSE:MARUTI-EQ - stored 398 completed 5-minute candles
2026-09-15T11:01:54 FETCHED: NSE:MAXHEALTH-EQ - stored 398 completed 5-minute candles
2026-09-15T11:01:54 FETCHED: NSE:NTPC-EQ - stored 398 completed 5-minute candles
2026-09-15T11:01:54 FETCHED: NSE:NESTLEIND-EQ - stored 398 completed 5-minute candles
2026-09-15T11:01:55 FETCHED: NSE:ONGC-EQ - stored 398 completed 5-minute candles
2026-09-15T11:01:55 FETCHED: NSE:POWERGRID-EQ - stored 399 completed 5-minute candles
2026-09-15T11:01:56 FETCHED: NSE:RELIANCE-EQ - stored 398 completed 5-minute candles
2026-09-15T11:01:56 FETCHED: NSE:SBILIFE-EQ - stored 398 completed 5-minute candles
2026-09-15T11:01:57 FETCHED: NSE:SHRIRAMFIN-EQ - stored 398 completed 5-minute candles
2026-09-15T11:01:57 FETCHED: NSE:SBIN-EQ - stored 398 completed 5-minute candles
2026-09-15T11:01:57 FETCHED: NSE:SUNPHARMA-EQ - stored 398 completed 5-minute candles
2026-09-15T11:01:58 FETCHED: NSE:TCS-EQ - stored 398 completed 5-minute candles
2026-09-15T11:01:58 FETCHED: NSE:TATACONSUM-EQ - stored 398 completed 5-minute candles
2026-09-15T11:01:58 FETCHED: NSE:TMPV-EQ - stored 398 completed 5-minute candles
2026-09-15T11:01:59 FETCHED: NSE:TATASTEEL-EQ - stored 398 completed 5-minute candles
2026-09-15T11:01:59 FETCHED: NSE:TECHM-EQ - stored 398 completed 5-minute candles
2026-09-15T11:02:00 FETCHED: NSE:TITAN-EQ - stored 398 completed 5-minute candles
2026-09-15T11:02:01 FETCHED: NSE:TRENT-EQ - stored 398 completed 5-minute candles
2026-09-15T11:02:01 FETCHED: NSE:ULTRACEMCO-EQ - stored 398 completed 5-minute candles
2026-09-15T11:02:02 FETCHED: NSE:WIPRO-EQ - stored 398 completed 5-minute candles
2026-09-15T11:02:33 FETCH_CYCLE: 2026-09-15T11:02:32+05:30
2026-09-15T11:02:40 FETCHED: NSE:ADANIENT-EQ - stored 398 completed 5-minute candles
2026-09-15T11:02:41 FETCHED: NSE:ADANIPORTS-EQ - stored 398 completed 5-minute candles
2026-09-15T11:02:45 FETCHED: NSE:APOLLOHOSP-EQ - stored 398 completed 5-minute candles
2026-09-15T11:02:46 FETCHED: NSE:ASIANPAINT-EQ - stored 398 completed 5-minute candles
2026-09-15T11:02:48 FETCHED: NSE:AXISBANK-EQ - stored 398 completed 5-minute candles
2026-09-15T11:02:49 FETCHED: NSE:BAJAJ-AUTO-EQ - stored 398 completed 5-minute candles
2026-09-15T11:02:50 FETCHED: NSE:BAJFINANCE-EQ - stored 398 completed 5-minute candles
2026-09-15T11:02:51 FETCHED: NSE:BAJAJFINSV-EQ - stored 398 completed 5-minute candles
2026-09-15T11:02:53 FETCHED: NSE:BEL-EQ - stored 398 completed 5-minute candles
2026-09-15T11:02:54 FETCHED: NSE:BHARTIARTL-EQ - stored 398 completed 5-minute candles
2026-09-15T11:02:55 FETCHED: NSE:CIPLA-EQ - stored 398 completed 5-minute candles
2026-09-15T11:02:56 FETCHED: NSE:COALINDIA-EQ - stored 398 completed 5-minute candles
2026-09-15T11:02:57 FETCHED: NSE:DRREDDY-EQ - stored 398 completed 5-minute candles
2026-09-15T11:02:57 FETCHED: NSE:EICHERMOT-EQ - stored 398 completed 5-minute candles
2026-09-15T11:02:58 FETCHED: NSE:ETERNAL-EQ - stored 398 completed 5-minute candles
2026-09-15T11:02:58 FETCHED: NSE:GRASIM-EQ - stored 398 completed 5-minute candles
2026-09-15T11:02:59 FETCHED: NSE:HCLTECH-EQ - stored 398 completed 5-minute candles
2026-09-15T11:02:59 FETCHED: NSE:HDFCBANK-EQ - stored 398 completed 5-minute candles
2026-09-15T11:03:00 FETCHED: NSE:HDFCLIFE-EQ - stored 398 completed 5-minute candles
2026-09-15T11:03:00 FETCHED: NSE:HINDALCO-EQ - stored 398 completed 5-minute candles
2026-09-15T11:03:01 FETCHED: NSE:HINDUNILVR-EQ - stored 398 completed 5-minute candles
2026-09-15T11:03:01 FETCHED: NSE:ICICIBANK-EQ - stored 398 completed 5-minute candles
2026-09-15T11:03:02 FETCHED: NSE:ITC-EQ - stored 398 completed 5-minute candles
2026-09-15T11:03:03 FETCHED: NSE:INFY-EQ - stored 398 completed 5-minute candles
2026-09-15T11:03:05 FETCHED: NSE:INDIGO-EQ - stored 398 completed 5-minute candles
2026-09-15T11:03:06 FETCHED: NSE:JSWSTEEL-EQ - stored 398 completed 5-minute candles
2026-09-15T11:03:06 FETCHED: NSE:JIOFIN-EQ - stored 398 completed 5-minute candles
2026-09-15T11:03:07 FETCHED: NSE:KOTAKBANK-EQ - stored 398 completed 5-minute candles
2026-09-15T11:03:08 FETCHED: NSE:LT-EQ - stored 398 completed 5-minute candles
2026-09-15T11:03:09 FETCHED: NSE:M&M-EQ - stored 398 completed 5-minute candles
2026-09-15T11:03:09 FETCHED: NSE:MARUTI-EQ - stored 398 completed 5-minute candles
2026-09-15T11:03:10 FETCHED: NSE:MAXHEALTH-EQ - stored 398 completed 5-minute candles
2026-09-15T11:03:11 FETCHED: NSE:NTPC-EQ - stored 398 completed 5-minute candles
2026-09-15T11:03:11 FETCHED: NSE:NESTLEIND-EQ - stored 398 completed 5-minute candles
2026-09-15T11:03:12 FETCHED: NSE:ONGC-EQ - stored 398 completed 5-minute candles
2026-09-15T11:03:12 FETCHED: NSE:POWERGRID-EQ - stored 399 completed 5-minute candles
2026-09-15T11:03:13 FETCHED: NSE:RELIANCE-EQ - stored 398 completed 5-minute candles
2026-09-15T11:03:13 FETCHED: NSE:SBILIFE-EQ - stored 398 completed 5-minute candles
2026-09-15T11:03:14 FETCHED: NSE:SHRIRAMFIN-EQ - stored 398 completed 5-minute candles
2026-09-15T11:03:14 FETCHED: NSE:SBIN-EQ - stored 398 completed 5-minute candles
2026-09-15T11:03:15 FETCHED: NSE:SUNPHARMA-EQ - stored 398 completed 5-minute candles
2026-09-15T11:03:15 FETCHED: NSE:TCS-EQ - stored 398 completed 5-minute candles
2026-09-15T11:03:16 FETCHED: NSE:TATACONSUM-EQ - stored 398 completed 5-minute candles
2026-09-15T11:03:16 FETCHED: NSE:TMPV-EQ - stored 398 completed 5-minute candles
2026-09-15T11:03:20 FETCHED: NSE:TATASTEEL-EQ - stored 398 completed 5-minute candles
2026-09-15T11:03:21 FETCHED: NSE:TECHM-EQ - stored 398 completed 5-minute candles
2026-09-15T11:03:22 FETCHED: NSE:TITAN-EQ - stored 398 completed 5-minute candles
2026-09-15T11:03:22 FETCHED: NSE:TRENT-EQ - stored 398 completed 5-minute candles
2026-09-15T11:03:23 FETCHED: NSE:ULTRACEMCO-EQ - stored 398 completed 5-minute candles
2026-09-15T11:03:24 FETCHED: NSE:WIPRO-EQ - stored 398 completed 5-minute candles
2026-09-15T11:03:54 FETCH_CYCLE: 2026-09-15T11:03:54+05:30
2026-09-15T11:03:54 FETCHED: NSE:ADANIENT-EQ - stored 398 completed 5-minute candles
2026-09-15T11:03:55 FETCHED: NSE:ADANIPORTS-EQ - stored 398 completed 5-minute candles
2026-09-15T11:03:56 FETCHED: NSE:APOLLOHOSP-EQ - stored 398 completed 5-minute candles
2026-09-15T11:03:56 FETCHED: NSE:ASIANPAINT-EQ - stored 398 completed 5-minute candles
2026-09-15T11:03:56 FETCHED: NSE:AXISBANK-EQ - stored 398 completed 5-minute candles
2026-09-15T11:03:57 FETCHED: NSE:BAJAJ-AUTO-EQ - stored 398 completed 5-minute candles
2026-09-15T11:03:57 FETCHED: NSE:BAJFINANCE-EQ - stored 398 completed 5-minute candles
2026-09-15T11:03:57 FETCHED: NSE:BAJAJFINSV-EQ - stored 398 completed 5-minute candles
2026-09-15T11:03:58 FETCHED: NSE:BEL-EQ - stored 398 completed 5-minute candles
2026-09-15T11:03:58 FETCHED: NSE:BHARTIARTL-EQ - stored 398 completed 5-minute candles
2026-09-15T11:04:00 FETCHED: NSE:CIPLA-EQ - stored 398 completed 5-minute candles
2026-09-15T11:04:00 FETCHED: NSE:COALINDIA-EQ - stored 398 completed 5-minute candles
2026-09-15T11:04:01 FETCHED: NSE:DRREDDY-EQ - stored 398 completed 5-minute candles
2026-09-15T11:04:02 FETCHED: NSE:EICHERMOT-EQ - stored 398 completed 5-minute candles
2026-09-15T11:04:03 FETCHED: NSE:ETERNAL-EQ - stored 398 completed 5-minute candles
2026-09-15T11:04:03 FETCHED: NSE:GRASIM-EQ - stored 398 completed 5-minute candles
2026-09-15T11:04:04 FETCHED: NSE:HCLTECH-EQ - stored 398 completed 5-minute candles
2026-09-15T11:04:05 FETCHED: NSE:HDFCBANK-EQ - stored 398 completed 5-minute candles
2026-09-15T11:04:05 FETCHED: NSE:HDFCLIFE-EQ - stored 398 completed 5-minute candles
2026-09-15T11:04:06 FETCHED: NSE:HINDALCO-EQ - stored 398 completed 5-minute candles
2026-09-15T11:04:06 FETCHED: NSE:HINDUNILVR-EQ - stored 398 completed 5-minute candles
2026-09-15T11:04:07 FETCHED: NSE:ICICIBANK-EQ - stored 398 completed 5-minute candles
2026-09-15T11:04:07 FETCHED: NSE:ITC-EQ - stored 398 completed 5-minute candles
2026-09-15T11:04:08 FETCHED: NSE:INFY-EQ - stored 398 completed 5-minute candles
2026-09-15T11:04:08 FETCHED: NSE:INDIGO-EQ - stored 398 completed 5-minute candles
2026-09-15T11:04:09 FETCHED: NSE:JSWSTEEL-EQ - stored 398 completed 5-minute candles
2026-09-15T11:04:10 FETCHED: NSE:JIOFIN-EQ - stored 398 completed 5-minute candles
2026-09-15T11:04:10 FETCHED: NSE:KOTAKBANK-EQ - stored 398 completed 5-minute candles
2026-09-15T11:04:11 FETCHED: NSE:LT-EQ - stored 398 completed 5-minute candles
2026-09-15T11:04:12 FETCHED: NSE:M&M-EQ - stored 398 completed 5-minute candles
2026-09-15T11:04:13 FETCHED: NSE:MARUTI-EQ - stored 398 completed 5-minute candles
2026-09-15T11:04:15 FETCHED: NSE:MAXHEALTH-EQ - stored 398 completed 5-minute candles
2026-09-15T11:04:16 FETCHED: NSE:NTPC-EQ - stored 398 completed 5-minute candles
2026-09-15T11:04:17 FETCHED: NSE:NESTLEIND-EQ - stored 398 completed 5-minute candles
2026-09-15T11:04:21 FETCHED: NSE:ONGC-EQ - stored 398 completed 5-minute candles
2026-09-15T11:04:23 FETCHED: NSE:POWERGRID-EQ - stored 399 completed 5-minute candles
2026-09-15T11:04:24 FETCHED: NSE:RELIANCE-EQ - stored 398 completed 5-minute candles
2026-09-15T11:04:25 FETCHED: NSE:SBILIFE-EQ - stored 398 completed 5-minute candles
2026-09-15T11:04:26 FETCHED: NSE:SHRIRAMFIN-EQ - stored 398 completed 5-minute candles
2026-09-15T11:04:27 FETCHED: NSE:SBIN-EQ - stored 398 completed 5-minute candles
2026-09-15T11:04:28 FETCHED: NSE:SUNPHARMA-EQ - stored 398 completed 5-minute candles
2026-09-15T11:04:29 FETCHED: NSE:TCS-EQ - stored 398 completed 5-minute candles
2026-09-15T11:04:29 FETCHED: NSE:TATACONSUM-EQ - stored 398 completed 5-minute candles
2026-09-15T11:04:30 FETCHED: NSE:TMPV-EQ - stored 398 completed 5-minute candles
2026-09-15T11:04:30 FETCHED: NSE:TATASTEEL-EQ - stored 398 completed 5-minute candles
2026-09-15T11:04:31 FETCHED: NSE:TECHM-EQ - stored 398 completed 5-minute candles
2026-09-15T11:04:31 FETCHED: NSE:TITAN-EQ - stored 398 completed 5-minute candles
2026-09-15T11:04:32 FETCHED: NSE:TRENT-EQ - stored 398 completed 5-minute candles
2026-09-15T11:04:33 FETCHED: NSE:ULTRACEMCO-EQ - stored 398 completed 5-minute candles
2026-09-15T11:04:34 FETCHED: NSE:WIPRO-EQ - stored 398 completed 5-minute candles
2026-09-15T11:05:05 FETCH_CYCLE: 2026-09-15T11:05:05+05:30
2026-09-15T11:05:12 FETCHED: NSE:ADANIENT-EQ - stored 399 completed 5-minute candles
2026-09-15T11:05:19 FETCHED: NSE:ADANIPORTS-EQ - stored 399 completed 5-minute candles
2026-09-15T11:05:47 FETCHED: NSE:APOLLOHOSP-EQ - stored 399 completed 5-minute candles
2026-09-15T11:05:49 FETCHED: NSE:ASIANPAINT-EQ - stored 399 completed 5-minute candles
2026-09-15T11:05:51 FETCHED: NSE:AXISBANK-EQ - stored 399 completed 5-minute candles
2026-09-15T11:05:52 FETCHED: NSE:BAJAJ-AUTO-EQ - stored 399 completed 5-minute candles
2026-09-15T11:05:53 FETCHED: NSE:BAJFINANCE-EQ - stored 399 completed 5-minute candles
2026-09-15T11:05:54 FETCHED: NSE:BAJAJFINSV-EQ - stored 399 completed 5-minute candles
2026-09-15T11:05:55 FETCHED: NSE:BEL-EQ - stored 399 completed 5-minute candles
2026-09-15T11:05:56 FETCHED: NSE:BHARTIARTL-EQ - stored 399 completed 5-minute candles
2026-09-15T11:05:57 FETCHED: NSE:CIPLA-EQ - stored 399 completed 5-minute candles
2026-09-15T11:05:58 FETCHED: NSE:COALINDIA-EQ - stored 399 completed 5-minute candles
2026-09-15T11:05:59 FETCHED: NSE:DRREDDY-EQ - stored 399 completed 5-minute candles
2026-09-15T11:06:01 FETCHED: NSE:EICHERMOT-EQ - stored 399 completed 5-minute candles
2026-09-15T11:06:03 FETCHED: NSE:ETERNAL-EQ - stored 399 completed 5-minute candles
2026-09-15T11:06:03 FETCHED: NSE:GRASIM-EQ - stored 399 completed 5-minute candles
2026-09-15T11:06:04 FETCHED: NSE:HCLTECH-EQ - stored 399 completed 5-minute candles
2026-09-15T11:06:05 FETCHED: NSE:HDFCBANK-EQ - stored 399 completed 5-minute candles
2026-09-15T11:06:08 FETCHED: NSE:HDFCLIFE-EQ - stored 399 completed 5-minute candles
2026-09-15T11:06:09 FETCHED: NSE:HINDALCO-EQ - stored 399 completed 5-minute candles
2026-09-15T11:06:11 FETCHED: NSE:HINDUNILVR-EQ - stored 399 completed 5-minute candles
2026-09-15T11:06:14 FETCHED: NSE:ICICIBANK-EQ - stored 399 completed 5-minute candles
2026-09-15T11:06:16 FETCHED: NSE:ITC-EQ - stored 399 completed 5-minute candles
2026-09-15T11:06:17 FETCHED: NSE:INFY-EQ - stored 399 completed 5-minute candles
2026-09-15T11:06:18 FETCHED: NSE:INDIGO-EQ - stored 399 completed 5-minute candles
2026-09-15T11:06:20 FETCHED: NSE:JSWSTEEL-EQ - stored 399 completed 5-minute candles
2026-09-15T11:06:21 FETCHED: NSE:JIOFIN-EQ - stored 399 completed 5-minute candles
2026-09-15T11:06:22 FETCHED: NSE:KOTAKBANK-EQ - stored 399 completed 5-minute candles
2026-09-15T11:06:24 FETCHED: NSE:LT-EQ - stored 399 completed 5-minute candles
2026-09-15T11:06:25 FETCHED: NSE:M&M-EQ - stored 399 completed 5-minute candles
2026-09-15T11:06:27 FETCHED: NSE:MARUTI-EQ - stored 399 completed 5-minute candles
2026-09-15T11:06:27 FETCHED: NSE:MAXHEALTH-EQ - stored 399 completed 5-minute candles
2026-09-15T11:06:29 FETCHED: NSE:NTPC-EQ - stored 399 completed 5-minute candles
2026-09-15T11:06:30 FETCHED: NSE:NESTLEIND-EQ - stored 399 completed 5-minute candles
2026-09-15T11:06:31 FETCHED: NSE:ONGC-EQ - stored 399 completed 5-minute candles
2026-09-15T11:06:31 FETCHED: NSE:POWERGRID-EQ - stored 400 completed 5-minute candles
2026-09-15T11:06:32 FETCHED: NSE:RELIANCE-EQ - stored 399 completed 5-minute candles
2026-09-15T11:06:33 FETCHED: NSE:SBILIFE-EQ - stored 399 completed 5-minute candles
2026-09-15T11:06:33 FETCHED: NSE:SHRIRAMFIN-EQ - stored 399 completed 5-minute candles
2026-09-15T11:06:34 FETCHED: NSE:SBIN-EQ - stored 399 completed 5-minute candles
2026-09-15T11:06:35 FETCHED: NSE:SUNPHARMA-EQ - stored 399 completed 5-minute candles
2026-09-15T11:06:35 FETCHED: NSE:TCS-EQ - stored 399 completed 5-minute candles
2026-09-15T11:06:36 FETCHED: NSE:TATACONSUM-EQ - stored 399 completed 5-minute candles
2026-09-15T11:06:37 FETCHED: NSE:TMPV-EQ - stored 399 completed 5-minute candles
2026-09-15T11:06:38 FETCHED: NSE:TATASTEEL-EQ - stored 399 completed 5-minute candles
2026-09-15T11:06:39 FETCHED: NSE:TECHM-EQ - stored 399 completed 5-minute candles
2026-09-15T11:06:41 FETCHED: NSE:TITAN-EQ - stored 399 completed 5-minute candles
2026-09-15T11:06:42 FETCHED: NSE:TRENT-EQ - stored 399 completed 5-minute candles
2026-09-15T11:06:43 FETCHED: NSE:ULTRACEMCO-EQ - stored 399 completed 5-minute candles
2026-09-15T11:06:44 FETCHED: NSE:WIPRO-EQ - stored 399 completed 5-minute candles
2026-09-15T11:07:14 FETCH_CYCLE: 2026-09-15T11:07:14+05:30
2026-09-15T11:07:20 FETCHED: NSE:ADANIENT-EQ - stored 399 completed 5-minute candles
2026-09-15T11:07:21 FETCHED: NSE:ADANIPORTS-EQ - stored 399 completed 5-minute candles
2026-09-15T11:07:23 FETCHED: NSE:APOLLOHOSP-EQ - stored 399 completed 5-minute candles
2026-09-15T11:07:24 FETCHED: NSE:ASIANPAINT-EQ - stored 399 completed 5-minute candles
2026-09-15T11:07:25 FETCHED: NSE:AXISBANK-EQ - stored 399 completed 5-minute candles
2026-09-15T11:07:26 FETCHED: NSE:BAJAJ-AUTO-EQ - stored 399 completed 5-minute candles
2026-09-15T11:07:26 FETCHED: NSE:BAJFINANCE-EQ - stored 399 completed 5-minute candles
2026-09-15T11:07:27 FETCHED: NSE:BAJAJFINSV-EQ - stored 399 completed 5-minute candles
2026-09-15T11:07:28 FETCHED: NSE:BEL-EQ - stored 399 completed 5-minute candles
2026-09-15T11:07:29 FETCHED: NSE:BHARTIARTL-EQ - stored 399 completed 5-minute candles
2026-09-15T11:07:30 FETCHED: NSE:CIPLA-EQ - stored 399 completed 5-minute candles
2026-09-15T11:07:31 FETCHED: NSE:COALINDIA-EQ - stored 399 completed 5-minute candles
2026-09-15T11:07:31 FETCHED: NSE:DRREDDY-EQ - stored 399 completed 5-minute candles
2026-09-15T11:07:32 FETCHED: NSE:EICHERMOT-EQ - stored 399 completed 5-minute candles
2026-09-15T11:07:32 FETCHED: NSE:ETERNAL-EQ - stored 399 completed 5-minute candles
2026-09-15T11:07:33 FETCHED: NSE:GRASIM-EQ - stored 399 completed 5-minute candles
2026-09-15T11:07:33 FETCHED: NSE:HCLTECH-EQ - stored 399 completed 5-minute candles
2026-09-15T11:07:34 FETCHED: NSE:HDFCBANK-EQ - stored 399 completed 5-minute candles
2026-09-15T11:07:34 FETCHED: NSE:HDFCLIFE-EQ - stored 399 completed 5-minute candles
2026-09-15T11:07:35 FETCHED: NSE:HINDALCO-EQ - stored 399 completed 5-minute candles
2026-09-15T11:07:36 FETCHED: NSE:HINDUNILVR-EQ - stored 399 completed 5-minute candles
2026-09-15T11:07:36 FETCHED: NSE:ICICIBANK-EQ - stored 399 completed 5-minute candles
2026-09-15T11:07:36 FETCHED: NSE:ITC-EQ - stored 399 completed 5-minute candles
2026-09-15T11:07:37 FETCHED: NSE:INFY-EQ - stored 399 completed 5-minute candles
2026-09-15T11:07:38 FETCHED: NSE:INDIGO-EQ - stored 399 completed 5-minute candles
2026-09-15T11:07:39 FETCHED: NSE:JSWSTEEL-EQ - stored 399 completed 5-minute candles
2026-09-15T11:07:39 FETCHED: NSE:JIOFIN-EQ - stored 399 completed 5-minute candles
2026-09-15T11:07:40 FETCHED: NSE:KOTAKBANK-EQ - stored 399 completed 5-minute candles
2026-09-15T11:07:41 FETCHED: NSE:LT-EQ - stored 399 completed 5-minute candles
2026-09-15T11:07:42 FETCHED: NSE:M&M-EQ - stored 399 completed 5-minute candles
2026-09-15T11:07:43 FETCHED: NSE:MARUTI-EQ - stored 399 completed 5-minute candles
2026-09-15T11:07:44 FETCHED: NSE:MAXHEALTH-EQ - stored 399 completed 5-minute candles
2026-09-15T11:07:45 FETCHED: NSE:NTPC-EQ - stored 399 completed 5-minute candles
2026-09-15T11:07:46 FETCHED: NSE:NESTLEIND-EQ - stored 399 completed 5-minute candles
2026-09-15T11:07:47 FETCHED: NSE:ONGC-EQ - stored 399 completed 5-minute candles
2026-09-15T11:07:48 FETCHED: NSE:POWERGRID-EQ - stored 400 completed 5-minute candles
2026-09-15T11:07:49 FETCHED: NSE:RELIANCE-EQ - stored 399 completed 5-minute candles
2026-09-15T11:07:50 FETCHED: NSE:SBILIFE-EQ - stored 399 completed 5-minute candles
2026-09-15T11:07:51 FETCHED: NSE:SHRIRAMFIN-EQ - stored 399 completed 5-minute candles
2026-09-15T11:07:52 FETCHED: NSE:SBIN-EQ - stored 399 completed 5-minute candles
2026-09-15T11:07:52 FETCHED: NSE:SUNPHARMA-EQ - stored 399 completed 5-minute candles
2026-09-15T11:07:53 FETCHED: NSE:TCS-EQ - stored 399 completed 5-minute candles
2026-09-15T11:07:53 FETCHED: NSE:TATACONSUM-EQ - stored 399 completed 5-minute candles
2026-09-15T11:07:54 FETCHED: NSE:TMPV-EQ - stored 399 completed 5-minute candles
2026-09-15T11:07:54 FETCHED: NSE:TATASTEEL-EQ - stored 399 completed 5-minute candles
2026-09-15T11:07:55 FETCHED: NSE:TECHM-EQ - stored 399 completed 5-minute candles
2026-09-15T11:07:56 FETCHED: NSE:TITAN-EQ - stored 399 completed 5-minute candles
2026-09-15T11:07:57 FETCHED: NSE:TRENT-EQ - stored 399 completed 5-minute candles
2026-09-15T11:07:57 FETCHED: NSE:ULTRACEMCO-EQ - stored 399 completed 5-minute candles
2026-09-15T11:07:58 FETCHED: NSE:WIPRO-EQ - stored 399 completed 5-minute candles
2026-09-15T11:08:29 FETCH_CYCLE: 2026-09-15T11:08:29+05:30
2026-09-15T11:08:34 FETCHED: NSE:ADANIENT-EQ - stored 399 completed 5-minute candles
2026-09-15T11:08:36 FETCHED: NSE:ADANIPORTS-EQ - stored 399 completed 5-minute candles
2026-09-15T11:08:37 FETCHED: NSE:APOLLOHOSP-EQ - stored 399 completed 5-minute candles
2026-09-15T11:08:38 FETCHED: NSE:ASIANPAINT-EQ - stored 399 completed 5-minute candles
2026-09-15T11:08:39 FETCHED: NSE:AXISBANK-EQ - stored 399 completed 5-minute candles
2026-09-15T11:08:40 FETCHED: NSE:BAJAJ-AUTO-EQ - stored 399 completed 5-minute candles
2026-09-15T11:08:41 FETCHED: NSE:BAJFINANCE-EQ - stored 399 completed 5-minute candles
2026-09-15T11:08:42 FETCHED: NSE:BAJAJFINSV-EQ - stored 399 completed 5-minute candles
2026-09-15T11:08:43 FETCHED: NSE:BEL-EQ - stored 399 completed 5-minute candles
2026-09-15T11:08:43 FETCHED: NSE:BHARTIARTL-EQ - stored 399 completed 5-minute candles
2026-09-15T11:08:44 FETCHED: NSE:CIPLA-EQ - stored 399 completed 5-minute candles
2026-09-15T11:08:45 FETCHED: NSE:COALINDIA-EQ - stored 399 completed 5-minute candles
2026-09-15T11:08:54 FETCHED: NSE:DRREDDY-EQ - stored 399 completed 5-minute candles
2026-09-15T11:08:55 FETCHED: NSE:EICHERMOT-EQ - stored 399 completed 5-minute candles
2026-09-15T11:08:56 FETCHED: NSE:ETERNAL-EQ - stored 399 completed 5-minute candles
2026-09-15T11:08:57 FETCHED: NSE:GRASIM-EQ - stored 399 completed 5-minute candles
2026-09-15T11:08:58 FETCHED: NSE:HCLTECH-EQ - stored 399 completed 5-minute candles
2026-09-15T11:08:59 FETCHED: NSE:HDFCBANK-EQ - stored 399 completed 5-minute candles
2026-09-15T11:09:01 FETCHED: NSE:HDFCLIFE-EQ - stored 399 completed 5-minute candles
2026-09-15T11:09:02 FETCHED: NSE:HINDALCO-EQ - stored 399 completed 5-minute candles
2026-09-15T11:09:03 FETCHED: NSE:HINDUNILVR-EQ - stored 399 completed 5-minute candles
2026-09-15T11:09:04 FETCHED: NSE:ICICIBANK-EQ - stored 399 completed 5-minute candles
2026-09-15T11:09:05 FETCHED: NSE:ITC-EQ - stored 399 completed 5-minute candles
2026-09-15T11:09:05 FETCHED: NSE:INFY-EQ - stored 399 completed 5-minute candles
2026-09-15T11:09:06 FETCHED: NSE:INDIGO-EQ - stored 399 completed 5-minute candles
2026-09-15T11:09:07 FETCHED: NSE:JSWSTEEL-EQ - stored 399 completed 5-minute candles
2026-09-15T11:09:08 FETCHED: NSE:JIOFIN-EQ - stored 399 completed 5-minute candles
2026-09-15T11:09:09 FETCHED: NSE:KOTAKBANK-EQ - stored 399 completed 5-minute candles
2026-09-15T11:09:09 FETCHED: NSE:LT-EQ - stored 399 completed 5-minute candles
2026-09-15T11:09:10 FETCHED: NSE:M&M-EQ - stored 399 completed 5-minute candles
2026-09-15T11:09:11 FETCHED: NSE:MARUTI-EQ - stored 399 completed 5-minute candles
2026-09-15T11:09:11 FETCHED: NSE:MAXHEALTH-EQ - stored 399 completed 5-minute candles
2026-09-15T11:09:12 FETCHED: NSE:NTPC-EQ - stored 399 completed 5-minute candles
2026-09-15T11:09:13 FETCHED: NSE:NESTLEIND-EQ - stored 399 completed 5-minute candles
2026-09-15T11:09:14 FETCHED: NSE:ONGC-EQ - stored 399 completed 5-minute candles
2026-09-15T11:09:15 FETCHED: NSE:POWERGRID-EQ - stored 400 completed 5-minute candles
2026-09-15T11:09:16 FETCHED: NSE:RELIANCE-EQ - stored 399 completed 5-minute candles
2026-09-15T11:09:21 FETCHED: NSE:SBILIFE-EQ - stored 399 completed 5-minute candles
2026-09-15T11:09:21 FETCHED: NSE:SHRIRAMFIN-EQ - stored 399 completed 5-minute candles
2026-09-15T11:09:22 FETCHED: NSE:SBIN-EQ - stored 399 completed 5-minute candles
2026-09-15T11:09:23 FETCHED: NSE:SUNPHARMA-EQ - stored 399 completed 5-minute candles
2026-09-15T11:09:24 FETCHED: NSE:TCS-EQ - stored 399 completed 5-minute candles
2026-09-15T11:09:25 FETCHED: NSE:TATACONSUM-EQ - stored 399 completed 5-minute candles
2026-09-15T11:09:26 FETCHED: NSE:TMPV-EQ - stored 399 completed 5-minute candles
2026-09-15T11:09:26 FETCHED: NSE:TATASTEEL-EQ - stored 399 completed 5-minute candles
2026-09-15T11:09:27 FETCHED: NSE:TECHM-EQ - stored 399 completed 5-minute candles
2026-09-15T11:09:28 FETCHED: NSE:TITAN-EQ - stored 399 completed 5-minute candles
2026-09-15T11:09:31 FETCHED: NSE:TRENT-EQ - stored 399 completed 5-minute candles
2026-09-15T11:09:32 FETCHED: NSE:ULTRACEMCO-EQ - stored 399 completed 5-minute candles
2026-09-15T11:09:33 FETCHED: NSE:WIPRO-EQ - stored 399 completed 5-minute candles
2026-09-15T11:10:05 FETCH_CYCLE: 2026-09-15T11:10:04+05:30
2026-09-15T11:10:27 FETCHED: NSE:ADANIENT-EQ - stored 400 completed 5-minute candles
2026-09-15T11:10:29 FETCHED: NSE:ADANIPORTS-EQ - stored 400 completed 5-minute candles
2026-09-15T11:10:30 FETCHED: NSE:APOLLOHOSP-EQ - stored 400 completed 5-minute candles
2026-09-15T11:10:32 FETCHED: NSE:ASIANPAINT-EQ - stored 400 completed 5-minute candles
2026-09-15T11:10:33 FETCHED: NSE:AXISBANK-EQ - stored 400 completed 5-minute candles
2026-09-15T11:10:35 FETCHED: NSE:BAJAJ-AUTO-EQ - stored 400 completed 5-minute candles
2026-09-15T11:10:36 FETCHED: NSE:BAJFINANCE-EQ - stored 400 completed 5-minute candles
2026-09-15T11:10:37 FETCHED: NSE:BAJAJFINSV-EQ - stored 400 completed 5-minute candles
2026-09-15T11:10:39 FETCHED: NSE:BEL-EQ - stored 400 completed 5-minute candles
2026-09-15T11:10:40 FETCHED: NSE:BHARTIARTL-EQ - stored 400 completed 5-minute candles
2026-09-15T11:10:41 FETCHED: NSE:CIPLA-EQ - stored 400 completed 5-minute candles
2026-09-15T11:10:42 FETCHED: NSE:COALINDIA-EQ - stored 400 completed 5-minute candles
2026-09-15T11:10:43 FETCHED: NSE:DRREDDY-EQ - stored 400 completed 5-minute candles
2026-09-15T11:10:43 FETCHED: NSE:EICHERMOT-EQ - stored 400 completed 5-minute candles
2026-09-15T11:10:44 FETCHED: NSE:ETERNAL-EQ - stored 400 completed 5-minute candles
2026-09-15T11:10:45 FETCHED: NSE:GRASIM-EQ - stored 400 completed 5-minute candles
2026-09-15T11:10:46 FETCHED: NSE:HCLTECH-EQ - stored 400 completed 5-minute candles
2026-09-15T11:10:46 FETCHED: NSE:HDFCBANK-EQ - stored 400 completed 5-minute candles
2026-09-15T11:10:47 FETCHED: NSE:HDFCLIFE-EQ - stored 400 completed 5-minute candles
2026-09-15T11:10:48 FETCHED: NSE:HINDALCO-EQ - stored 400 completed 5-minute candles
2026-09-15T11:10:48 FETCHED: NSE:HINDUNILVR-EQ - stored 400 completed 5-minute candles
2026-09-15T11:10:49 FETCHED: NSE:ICICIBANK-EQ - stored 400 completed 5-minute candles
2026-09-15T11:10:49 FETCHED: NSE:ITC-EQ - stored 400 completed 5-minute candles
2026-09-15T11:10:50 FETCHED: NSE:INFY-EQ - stored 400 completed 5-minute candles
2026-09-15T11:10:50 FETCHED: NSE:INDIGO-EQ - stored 400 completed 5-minute candles
2026-09-15T11:10:51 FETCHED: NSE:JSWSTEEL-EQ - stored 400 completed 5-minute candles
2026-09-15T11:10:51 FETCHED: NSE:JIOFIN-EQ - stored 400 completed 5-minute candles
2026-09-15T11:10:52 FETCHED: NSE:KOTAKBANK-EQ - stored 400 completed 5-minute candles
2026-09-15T11:10:53 FETCHED: NSE:LT-EQ - stored 400 completed 5-minute candles
2026-09-15T11:10:53 FETCHED: NSE:M&M-EQ - stored 400 completed 5-minute candles
2026-09-15T11:10:54 FETCHED: NSE:MARUTI-EQ - stored 400 completed 5-minute candles
2026-09-15T11:10:54 FETCHED: NSE:MAXHEALTH-EQ - stored 400 completed 5-minute candles
2026-09-15T11:10:55 FETCHED: NSE:NTPC-EQ - stored 400 completed 5-minute candles
2026-09-15T11:10:55 FETCHED: NSE:NESTLEIND-EQ - stored 400 completed 5-minute candles
2026-09-15T11:10:56 FETCHED: NSE:ONGC-EQ - stored 400 completed 5-minute candles
2026-09-15T11:10:56 FETCHED: NSE:POWERGRID-EQ - stored 401 completed 5-minute candles
2026-09-15T11:10:56 FETCHED: NSE:RELIANCE-EQ - stored 400 completed 5-minute candles
2026-09-15T11:10:57 FETCHED: NSE:SBILIFE-EQ - stored 400 completed 5-minute candles
2026-09-15T11:10:58 FETCHED: NSE:SHRIRAMFIN-EQ - stored 400 completed 5-minute candles
2026-09-15T11:10:58 FETCHED: NSE:SBIN-EQ - stored 400 completed 5-minute candles
2026-09-15T11:10:59 FETCHED: NSE:SUNPHARMA-EQ - stored 400 completed 5-minute candles
2026-09-15T11:10:59 FETCHED: NSE:TCS-EQ - stored 400 completed 5-minute candles
2026-09-15T11:11:00 FETCHED: NSE:TATACONSUM-EQ - stored 400 completed 5-minute candles
2026-09-15T11:11:01 FETCHED: NSE:TMPV-EQ - stored 400 completed 5-minute candles
2026-09-15T11:11:01 FETCHED: NSE:TATASTEEL-EQ - stored 400 completed 5-minute candles
2026-09-15T11:11:02 FETCHED: NSE:TECHM-EQ - stored 400 completed 5-minute candles
2026-09-15T11:11:03 FETCHED: NSE:TITAN-EQ - stored 400 completed 5-minute candles
2026-09-15T11:11:03 FETCHED: NSE:TRENT-EQ - stored 400 completed 5-minute candles
2026-09-15T11:11:04 FETCHED: NSE:ULTRACEMCO-EQ - stored 400 completed 5-minute candles
2026-09-15T11:11:05 FETCHED: NSE:WIPRO-EQ - stored 400 completed 5-minute candles
2026-09-15T11:11:35 FETCH_CYCLE: 2026-09-15T11:11:35+05:30
2026-09-15T11:11:36 FETCHED: NSE:ADANIENT-EQ - stored 400 completed 5-minute candles
2026-09-15T11:11:42 FETCHED: NSE:ADANIPORTS-EQ - stored 400 completed 5-minute candles
2026-09-15T11:11:43 FETCHED: NSE:APOLLOHOSP-EQ - stored 400 completed 5-minute candles
2026-09-15T11:11:44 FETCHED: NSE:ASIANPAINT-EQ - stored 400 completed 5-minute candles
2026-09-15T11:11:44 FETCHED: NSE:AXISBANK-EQ - stored 400 completed 5-minute candles
2026-09-15T11:11:45 FETCHED: NSE:BAJAJ-AUTO-EQ - stored 400 completed 5-minute candles
2026-09-15T11:11:46 FETCHED: NSE:BAJFINANCE-EQ - stored 400 completed 5-minute candles
2026-09-15T11:11:46 FETCHED: NSE:BAJAJFINSV-EQ - stored 400 completed 5-minute candles
2026-09-15T11:11:47 FETCHED: NSE:BEL-EQ - stored 400 completed 5-minute candles
2026-09-15T11:11:48 FETCHED: NSE:BHARTIARTL-EQ - stored 400 completed 5-minute candles
2026-09-15T11:11:48 FETCHED: NSE:CIPLA-EQ - stored 400 completed 5-minute candles
2026-09-15T11:11:48 FETCHED: NSE:COALINDIA-EQ - stored 400 completed 5-minute candles
2026-09-15T11:11:50 FETCHED: NSE:DRREDDY-EQ - stored 400 completed 5-minute candles
2026-09-15T11:11:52 FETCHED: NSE:EICHERMOT-EQ - stored 400 completed 5-minute candles
2026-09-15T11:11:53 FETCHED: NSE:ETERNAL-EQ - stored 400 completed 5-minute candles
2026-09-15T11:11:54 FETCHED: NSE:GRASIM-EQ - stored 400 completed 5-minute candles
2026-09-15T11:11:54 FETCHED: NSE:HCLTECH-EQ - stored 400 completed 5-minute candles
2026-09-15T11:11:55 FETCHED: NSE:HDFCBANK-EQ - stored 400 completed 5-minute candles
2026-09-15T11:11:55 FETCHED: NSE:HDFCLIFE-EQ - stored 400 completed 5-minute candles
2026-09-15T11:11:56 FETCHED: NSE:HINDALCO-EQ - stored 400 completed 5-minute candles
2026-09-15T11:11:57 FETCHED: NSE:HINDUNILVR-EQ - stored 400 completed 5-minute candles
2026-09-15T11:11:57 FETCHED: NSE:ICICIBANK-EQ - stored 400 completed 5-minute candles
2026-09-15T11:11:58 FETCHED: NSE:ITC-EQ - stored 400 completed 5-minute candles
2026-09-15T11:11:58 FETCHED: NSE:INFY-EQ - stored 400 completed 5-minute candles
2026-09-15T11:11:59 FETCHED: NSE:INDIGO-EQ - stored 400 completed 5-minute candles
2026-09-15T11:11:59 FETCHED: NSE:JSWSTEEL-EQ - stored 400 completed 5-minute candles
2026-09-15T11:12:00 FETCHED: NSE:JIOFIN-EQ - stored 400 completed 5-minute candles
2026-09-15T11:12:00 FETCHED: NSE:KOTAKBANK-EQ - stored 400 completed 5-minute candles
2026-09-15T11:12:01 FETCHED: NSE:LT-EQ - stored 400 completed 5-minute candles
2026-09-15T11:12:01 FETCHED: NSE:M&M-EQ - stored 400 completed 5-minute candles
2026-09-15T11:12:02 FETCHED: NSE:MARUTI-EQ - stored 400 completed 5-minute candles
2026-09-15T11:12:02 FETCHED: NSE:MAXHEALTH-EQ - stored 400 completed 5-minute candles
2026-09-15T11:12:04 FETCHED: NSE:NTPC-EQ - stored 400 completed 5-minute candles
2026-09-15T11:12:06 FETCHED: NSE:NESTLEIND-EQ - stored 400 completed 5-minute candles
2026-09-15T11:12:07 FETCHED: NSE:ONGC-EQ - stored 400 completed 5-minute candles
2026-09-15T11:12:07 FETCHED: NSE:POWERGRID-EQ - stored 401 completed 5-minute candles
2026-09-15T11:12:08 FETCHED: NSE:RELIANCE-EQ - stored 400 completed 5-minute candles
2026-09-15T11:12:08 FETCHED: NSE:SBILIFE-EQ - stored 400 completed 5-minute candles
2026-09-15T11:12:09 FETCHED: NSE:SHRIRAMFIN-EQ - stored 400 completed 5-minute candles
2026-09-15T11:12:10 FETCHED: NSE:SBIN-EQ - stored 400 completed 5-minute candles
2026-09-15T11:12:10 FETCHED: NSE:SUNPHARMA-EQ - stored 400 completed 5-minute candles
2026-09-15T11:12:11 FETCHED: NSE:TCS-EQ - stored 400 completed 5-minute candles
2026-09-15T11:12:11 FETCHED: NSE:TATACONSUM-EQ - stored 400 completed 5-minute candles
2026-09-15T11:12:13 FETCHED: NSE:TMPV-EQ - stored 400 completed 5-minute candles
2026-09-15T11:12:21 FETCHED: NSE:TATASTEEL-EQ - stored 400 completed 5-minute candles
2026-09-15T11:12:23 FETCHED: NSE:TECHM-EQ - stored 400 completed 5-minute candles
2026-09-15T11:12:24 FETCHED: NSE:TITAN-EQ - stored 400 completed 5-minute candles
2026-09-15T11:12:25 FETCHED: NSE:TRENT-EQ - stored 400 completed 5-minute candles
2026-09-15T11:12:26 FETCHED: NSE:ULTRACEMCO-EQ - stored 400 completed 5-minute candles
2026-09-15T11:12:27 FETCHED: NSE:WIPRO-EQ - stored 400 completed 5-minute candles
2026-09-15T11:12:57 FETCH_CYCLE: 2026-09-15T11:12:57+05:30
2026-09-15T11:13:02 FETCHED: NSE:ADANIENT-EQ - stored 400 completed 5-minute candles
2026-09-15T11:13:04 FETCHED: NSE:ADANIPORTS-EQ - stored 400 completed 5-minute candles
2026-09-15T11:13:05 FETCHED: NSE:APOLLOHOSP-EQ - stored 400 completed 5-minute candles
2026-09-15T11:13:07 FETCHED: NSE:ASIANPAINT-EQ - stored 400 completed 5-minute candles
2026-09-15T11:13:08 FETCHED: NSE:AXISBANK-EQ - stored 400 completed 5-minute candles
2026-09-15T11:13:08 FETCHED: NSE:BAJAJ-AUTO-EQ - stored 400 completed 5-minute candles
2026-09-15T11:13:09 FETCHED: NSE:BAJFINANCE-EQ - stored 400 completed 5-minute candles
2026-09-15T11:13:09 FETCHED: NSE:BAJAJFINSV-EQ - stored 400 completed 5-minute candles
2026-09-15T11:13:10 FETCHED: NSE:BEL-EQ - stored 400 completed 5-minute candles
2026-09-15T11:13:11 FETCHED: NSE:BHARTIARTL-EQ - stored 400 completed 5-minute candles
2026-09-15T11:13:12 FETCHED: NSE:CIPLA-EQ - stored 400 completed 5-minute candles
2026-09-15T11:13:13 FETCHED: NSE:COALINDIA-EQ - stored 400 completed 5-minute candles
2026-09-15T11:13:14 FETCHED: NSE:DRREDDY-EQ - stored 400 completed 5-minute candles
2026-09-15T11:13:15 FETCHED: NSE:EICHERMOT-EQ - stored 400 completed 5-minute candles
2026-09-15T11:13:16 FETCHED: NSE:ETERNAL-EQ - stored 400 completed 5-minute candles
2026-09-15T11:13:16 FETCHED: NSE:GRASIM-EQ - stored 400 completed 5-minute candles
2026-09-15T11:13:17 FETCHED: NSE:HCLTECH-EQ - stored 400 completed 5-minute candles
2026-09-15T11:13:17 FETCHED: NSE:HDFCBANK-EQ - stored 400 completed 5-minute candles
2026-09-15T11:13:18 FETCHED: NSE:HDFCLIFE-EQ - stored 400 completed 5-minute candles
2026-09-15T11:13:19 FETCHED: NSE:HINDALCO-EQ - stored 400 completed 5-minute candles
2026-09-15T11:13:20 FETCHED: NSE:HINDUNILVR-EQ - stored 400 completed 5-minute candles
2026-09-15T11:13:20 FETCHED: NSE:ICICIBANK-EQ - stored 400 completed 5-minute candles
2026-09-15T11:13:22 FETCHED: NSE:ITC-EQ - stored 400 completed 5-minute candles
2026-09-15T11:13:24 FETCHED: NSE:INFY-EQ - stored 400 completed 5-minute candles
2026-09-15T11:13:24 FETCHED: NSE:INDIGO-EQ - stored 400 completed 5-minute candles
2026-09-15T11:13:25 FETCHED: NSE:JSWSTEEL-EQ - stored 400 completed 5-minute candles
2026-09-15T11:13:25 FETCHED: NSE:JIOFIN-EQ - stored 400 completed 5-minute candles
2026-09-15T11:13:26 FETCHED: NSE:KOTAKBANK-EQ - stored 400 completed 5-minute candles
2026-09-15T11:13:26 FETCHED: NSE:LT-EQ - stored 400 completed 5-minute candles
2026-09-15T11:13:27 FETCHED: NSE:M&M-EQ - stored 400 completed 5-minute candles
2026-09-15T11:13:27 FETCHED: NSE:MARUTI-EQ - stored 400 completed 5-minute candles
2026-09-15T11:13:27 FETCHED: NSE:MAXHEALTH-EQ - stored 400 completed 5-minute candles
2026-09-15T11:13:28 FETCHED: NSE:NTPC-EQ - stored 400 completed 5-minute candles
2026-09-15T11:13:28 FETCHED: NSE:NESTLEIND-EQ - stored 400 completed 5-minute candles
2026-09-15T11:13:29 FETCHED: NSE:ONGC-EQ - stored 400 completed 5-minute candles
2026-09-15T11:13:29 FETCHED: NSE:POWERGRID-EQ - stored 401 completed 5-minute candles
2026-09-15T11:13:30 FETCHED: NSE:RELIANCE-EQ - stored 400 completed 5-minute candles
2026-09-15T11:13:31 FETCHED: NSE:SBILIFE-EQ - stored 400 completed 5-minute candles
2026-09-15T11:13:32 FETCHED: NSE:SHRIRAMFIN-EQ - stored 400 completed 5-minute candles
2026-09-15T11:13:32 FETCHED: NSE:SBIN-EQ - stored 400 completed 5-minute candles
2026-09-15T11:13:32 FETCHED: NSE:SUNPHARMA-EQ - stored 400 completed 5-minute candles
2026-09-15T11:13:33 FETCHED: NSE:TCS-EQ - stored 400 completed 5-minute candles
2026-09-15T11:13:33 FETCHED: NSE:TATACONSUM-EQ - stored 400 completed 5-minute candles
2026-09-15T11:13:34 FETCHED: NSE:TMPV-EQ - stored 400 completed 5-minute candles
2026-09-15T11:13:34 FETCHED: NSE:TATASTEEL-EQ - stored 400 completed 5-minute candles
2026-09-15T11:13:35 FETCHED: NSE:TECHM-EQ - stored 400 completed 5-minute candles
2026-09-15T11:13:35 FETCHED: NSE:TITAN-EQ - stored 400 completed 5-minute candles
2026-09-15T11:13:36 FETCHED: NSE:TRENT-EQ - stored 400 completed 5-minute candles
2026-09-15T11:13:36 FETCHED: NSE:ULTRACEMCO-EQ - stored 400 completed 5-minute candles
2026-09-15T11:13:36 FETCHED: NSE:WIPRO-EQ - stored 400 completed 5-minute candles
2026-09-15T11:14:07 FETCH_CYCLE: 2026-09-15T11:14:07+05:30
2026-09-15T11:14:08 FETCHED: NSE:ADANIENT-EQ - stored 400 completed 5-minute candles
2026-09-15T11:14:09 FETCHED: NSE:ADANIPORTS-EQ - stored 400 completed 5-minute candles
2026-09-15T11:14:10 FETCHED: NSE:APOLLOHOSP-EQ - stored 400 completed 5-minute candles
2026-09-15T11:14:10 FETCHED: NSE:ASIANPAINT-EQ - stored 400 completed 5-minute candles
2026-09-15T11:14:12 FETCHED: NSE:AXISBANK-EQ - stored 400 completed 5-minute candles
2026-09-15T11:14:13 FETCHED: NSE:BAJAJ-AUTO-EQ - stored 400 completed 5-minute candles
2026-09-15T11:14:14 FETCHED: NSE:BAJFINANCE-EQ - stored 400 completed 5-minute candles
2026-09-15T11:14:16 FETCHED: NSE:BAJAJFINSV-EQ - stored 400 completed 5-minute candles
2026-09-15T11:14:19 FETCHED: NSE:BEL-EQ - stored 400 completed 5-minute candles
2026-09-15T11:14:31 FETCHED: NSE:BHARTIARTL-EQ - stored 400 completed 5-minute candles
2026-09-15T11:14:32 FETCHED: NSE:CIPLA-EQ - stored 400 completed 5-minute candles
2026-09-15T11:14:33 FETCHED: NSE:COALINDIA-EQ - stored 400 completed 5-minute candles
2026-09-15T11:14:33 FETCHED: NSE:DRREDDY-EQ - stored 400 completed 5-minute candles
2026-09-15T11:14:34 FETCHED: NSE:EICHERMOT-EQ - stored 400 completed 5-minute candles
2026-09-15T11:14:34 FETCHED: NSE:ETERNAL-EQ - stored 400 completed 5-minute candles
2026-09-15T11:14:34 FETCHED: NSE:GRASIM-EQ - stored 400 completed 5-minute candles
2026-09-15T11:14:35 FETCHED: NSE:HCLTECH-EQ - stored 400 completed 5-minute candles
2026-09-15T11:14:35 FETCHED: NSE:HDFCBANK-EQ - stored 400 completed 5-minute candles
2026-09-15T11:14:36 FETCHED: NSE:HDFCLIFE-EQ - stored 400 completed 5-minute candles
2026-09-15T11:14:36 FETCHED: NSE:HINDALCO-EQ - stored 400 completed 5-minute candles
2026-09-15T11:14:36 FETCHED: NSE:HINDUNILVR-EQ - stored 400 completed 5-minute candles
2026-09-15T11:14:37 FETCHED: NSE:ICICIBANK-EQ - stored 400 completed 5-minute candles
2026-09-15T11:14:37 FETCHED: NSE:ITC-EQ - stored 400 completed 5-minute candles
2026-09-15T11:14:37 FETCHED: NSE:INFY-EQ - stored 400 completed 5-minute candles
2026-09-15T11:14:38 FETCHED: NSE:INDIGO-EQ - stored 400 completed 5-minute candles
2026-09-15T11:14:38 FETCHED: NSE:JSWSTEEL-EQ - stored 400 completed 5-minute candles
2026-09-15T11:14:39 FETCHED: NSE:JIOFIN-EQ - stored 400 completed 5-minute candles
2026-09-15T11:14:39 FETCHED: NSE:KOTAKBANK-EQ - stored 400 completed 5-minute candles
2026-09-15T11:14:40 FETCHED: NSE:LT-EQ - stored 400 completed 5-minute candles
2026-09-15T11:14:40 FETCHED: NSE:M&M-EQ - stored 400 completed 5-minute candles
2026-09-15T11:14:40 FETCHED: NSE:MARUTI-EQ - stored 400 completed 5-minute candles
2026-09-15T11:14:41 FETCHED: NSE:MAXHEALTH-EQ - stored 400 completed 5-minute candles
2026-09-15T11:14:41 FETCHED: NSE:NTPC-EQ - stored 400 completed 5-minute candles
2026-09-15T11:14:42 FETCHED: NSE:NESTLEIND-EQ - stored 400 completed 5-minute candles
2026-09-15T11:14:42 FETCHED: NSE:ONGC-EQ - stored 400 completed 5-minute candles
2026-09-15T11:14:43 FETCHED: NSE:POWERGRID-EQ - stored 401 completed 5-minute candles
2026-09-15T11:14:43 FETCHED: NSE:RELIANCE-EQ - stored 400 completed 5-minute candles
2026-09-15T11:14:43 FETCHED: NSE:SBILIFE-EQ - stored 400 completed 5-minute candles
2026-09-15T11:14:44 FETCHED: NSE:SHRIRAMFIN-EQ - stored 400 completed 5-minute candles
2026-09-15T11:14:44 FETCHED: NSE:SBIN-EQ - stored 400 completed 5-minute candles
2026-09-15T11:14:45 FETCHED: NSE:SUNPHARMA-EQ - stored 400 completed 5-minute candles
2026-09-15T11:14:45 FETCHED: NSE:TCS-EQ - stored 400 completed 5-minute candles
2026-09-15T11:14:46 FETCHED: NSE:TATACONSUM-EQ - stored 400 completed 5-minute candles
2026-09-15T11:14:46 FETCHED: NSE:TMPV-EQ - stored 400 completed 5-minute candles
2026-09-15T11:14:46 FETCHED: NSE:TATASTEEL-EQ - stored 400 completed 5-minute candles
2026-09-15T11:14:47 FETCHED: NSE:TECHM-EQ - stored 400 completed 5-minute candles
2026-09-15T11:14:47 FETCHED: NSE:TITAN-EQ - stored 400 completed 5-minute candles
2026-09-15T11:14:47 FETCHED: NSE:TRENT-EQ - stored 400 completed 5-minute candles
2026-09-15T11:14:48 FETCHED: NSE:ULTRACEMCO-EQ - stored 400 completed 5-minute candles
2026-09-15T11:14:48 FETCHED: NSE:WIPRO-EQ - stored 400 completed 5-minute candles
2026-09-15T11:15:21 FETCH_CYCLE: 2026-09-15T11:15:20+05:30
2026-09-15T11:15:54 FETCHED: NSE:ADANIENT-EQ - stored 401 completed 5-minute candles
2026-09-15T11:15:56 FETCHED: NSE:ADANIPORTS-EQ - stored 401 completed 5-minute candles
2026-09-15T11:15:56 FETCHED: NSE:APOLLOHOSP-EQ - stored 401 completed 5-minute candles
2026-09-15T11:15:57 FETCHED: NSE:ASIANPAINT-EQ - stored 401 completed 5-minute candles
2026-09-15T11:15:58 FETCHED: NSE:AXISBANK-EQ - stored 401 completed 5-minute candles
2026-09-15T11:15:58 FETCHED: NSE:BAJAJ-AUTO-EQ - stored 401 completed 5-minute candles
2026-09-15T11:15:59 FETCHED: NSE:BAJFINANCE-EQ - stored 401 completed 5-minute candles
2026-09-15T11:15:59 FETCHED: NSE:BAJAJFINSV-EQ - stored 401 completed 5-minute candles
2026-09-15T11:16:00 FETCHED: NSE:BEL-EQ - stored 401 completed 5-minute candles
2026-09-15T11:16:01 FETCHED: NSE:BHARTIARTL-EQ - stored 401 completed 5-minute candles
2026-09-15T11:16:02 FETCHED: NSE:CIPLA-EQ - stored 401 completed 5-minute candles
2026-09-15T11:16:03 FETCHED: NSE:COALINDIA-EQ - stored 401 completed 5-minute candles
2026-09-15T11:16:04 FETCHED: NSE:DRREDDY-EQ - stored 401 completed 5-minute candles
2026-09-15T11:16:05 FETCHED: NSE:EICHERMOT-EQ - stored 401 completed 5-minute candles
2026-09-15T11:16:05 FETCHED: NSE:ETERNAL-EQ - stored 401 completed 5-minute candles
2026-09-15T11:16:06 FETCHED: NSE:GRASIM-EQ - stored 401 completed 5-minute candles
2026-09-15T11:16:07 FETCHED: NSE:HCLTECH-EQ - stored 401 completed 5-minute candles
2026-09-15T11:16:07 FETCHED: NSE:HDFCBANK-EQ - stored 401 completed 5-minute candles
2026-09-15T11:16:08 FETCHED: NSE:HDFCLIFE-EQ - stored 401 completed 5-minute candles
2026-09-15T11:16:08 FETCHED: NSE:HINDALCO-EQ - stored 401 completed 5-minute candles
2026-09-15T11:16:09 FETCHED: NSE:HINDUNILVR-EQ - stored 401 completed 5-minute candles
2026-09-15T11:16:09 FETCHED: NSE:ICICIBANK-EQ - stored 401 completed 5-minute candles
2026-09-15T11:16:10 FETCHED: NSE:ITC-EQ - stored 401 completed 5-minute candles
2026-09-15T11:16:11 FETCHED: NSE:INFY-EQ - stored 401 completed 5-minute candles
2026-09-15T11:16:11 FETCHED: NSE:INDIGO-EQ - stored 401 completed 5-minute candles
2026-09-15T11:16:12 FETCHED: NSE:JSWSTEEL-EQ - stored 401 completed 5-minute candles
2026-09-15T11:16:13 FETCHED: NSE:JIOFIN-EQ - stored 401 completed 5-minute candles
2026-09-15T11:16:13 FETCHED: NSE:KOTAKBANK-EQ - stored 401 completed 5-minute candles
2026-09-15T11:16:14 FETCHED: NSE:LT-EQ - stored 401 completed 5-minute candles
2026-09-15T11:16:16 FETCHED: NSE:M&M-EQ - stored 401 completed 5-minute candles
2026-09-15T11:16:19 FETCHED: NSE:MARUTI-EQ - stored 401 completed 5-minute candles
2026-09-15T11:16:20 FETCHED: NSE:MAXHEALTH-EQ - stored 401 completed 5-minute candles
2026-09-15T11:16:21 FETCHED: NSE:NTPC-EQ - stored 401 completed 5-minute candles
2026-09-15T11:16:22 FETCHED: NSE:NESTLEIND-EQ - stored 401 completed 5-minute candles
2026-09-15T11:16:23 FETCHED: NSE:ONGC-EQ - stored 401 completed 5-minute candles
2026-09-15T11:16:24 FETCHED: NSE:POWERGRID-EQ - stored 402 completed 5-minute candles
2026-09-15T11:16:24 FETCHED: NSE:RELIANCE-EQ - stored 401 completed 5-minute candles
2026-09-15T11:16:25 FETCHED: NSE:SBILIFE-EQ - stored 401 completed 5-minute candles
2026-09-15T11:16:26 FETCHED: NSE:SHRIRAMFIN-EQ - stored 401 completed 5-minute candles
2026-09-15T11:16:27 FETCHED: NSE:SBIN-EQ - stored 401 completed 5-minute candles
2026-09-15T11:16:28 FETCHED: NSE:SUNPHARMA-EQ - stored 401 completed 5-minute candles
2026-09-15T11:16:28 FETCHED: NSE:TCS-EQ - stored 401 completed 5-minute candles
2026-09-15T11:16:29 FETCHED: NSE:TATACONSUM-EQ - stored 401 completed 5-minute candles
2026-09-15T11:16:30 FETCHED: NSE:TMPV-EQ - stored 401 completed 5-minute candles
2026-09-15T11:16:30 FETCHED: NSE:TATASTEEL-EQ - stored 401 completed 5-minute candles
2026-09-15T11:16:31 FETCHED: NSE:TECHM-EQ - stored 401 completed 5-minute candles
2026-09-15T11:16:32 FETCHED: NSE:TITAN-EQ - stored 401 completed 5-minute candles
2026-09-15T11:16:32 FETCHED: NSE:TRENT-EQ - stored 401 completed 5-minute candles
2026-09-15T11:16:33 FETCHED: NSE:ULTRACEMCO-EQ - stored 401 completed 5-minute candles
2026-09-15T11:16:33 FETCHED: NSE:WIPRO-EQ - stored 401 completed 5-minute candles
2026-09-15T11:17:03 FETCH_CYCLE: 2026-09-15T11:17:03+05:30
2026-09-15T11:17:04 FETCHED: NSE:ADANIENT-EQ - stored 401 completed 5-minute candles
2026-09-15T11:17:05 FETCHED: NSE:ADANIPORTS-EQ - stored 401 completed 5-minute candles
2026-09-15T11:17:05 FETCHED: NSE:APOLLOHOSP-EQ - stored 401 completed 5-minute candles
2026-09-15T11:17:06 FETCHED: NSE:ASIANPAINT-EQ - stored 401 completed 5-minute candles
2026-09-15T11:17:06 FETCHED: NSE:AXISBANK-EQ - stored 401 completed 5-minute candles
2026-09-15T11:17:06 FETCHED: NSE:BAJAJ-AUTO-EQ - stored 401 completed 5-minute candles
2026-09-15T11:17:07 FETCHED: NSE:BAJFINANCE-EQ - stored 401 completed 5-minute candles
2026-09-15T11:17:07 FETCHED: NSE:BAJAJFINSV-EQ - stored 401 completed 5-minute candles
2026-09-15T11:17:08 FETCHED: NSE:BEL-EQ - stored 401 completed 5-minute candles
2026-09-15T11:17:08 FETCHED: NSE:BHARTIARTL-EQ - stored 401 completed 5-minute candles
2026-09-15T11:17:08 FETCHED: NSE:CIPLA-EQ - stored 401 completed 5-minute candles
2026-09-15T11:17:09 FETCHED: NSE:COALINDIA-EQ - stored 401 completed 5-minute candles
2026-09-15T11:17:09 FETCHED: NSE:DRREDDY-EQ - stored 401 completed 5-minute candles
2026-09-15T11:17:09 FETCHED: NSE:EICHERMOT-EQ - stored 401 completed 5-minute candles
2026-09-15T11:17:10 FETCHED: NSE:ETERNAL-EQ - stored 401 completed 5-minute candles
2026-09-15T11:17:10 FETCHED: NSE:GRASIM-EQ - stored 401 completed 5-minute candles
2026-09-15T11:17:11 FETCHED: NSE:HCLTECH-EQ - stored 401 completed 5-minute candles
2026-09-15T11:17:11 FETCHED: NSE:HDFCBANK-EQ - stored 401 completed 5-minute candles
2026-09-15T11:17:12 FETCHED: NSE:HDFCLIFE-EQ - stored 401 completed 5-minute candles
2026-09-15T11:17:12 FETCHED: NSE:HINDALCO-EQ - stored 401 completed 5-minute candles
2026-09-15T11:17:13 FETCHED: NSE:HINDUNILVR-EQ - stored 401 completed 5-minute candles
2026-09-15T11:17:13 FETCHED: NSE:ICICIBANK-EQ - stored 401 completed 5-minute candles
2026-09-15T11:17:14 FETCHED: NSE:ITC-EQ - stored 401 completed 5-minute candles
2026-09-15T11:17:14 FETCHED: NSE:INFY-EQ - stored 401 completed 5-minute candles
2026-09-15T11:17:15 FETCHED: NSE:INDIGO-EQ - stored 401 completed 5-minute candles
2026-09-15T11:17:15 FETCHED: NSE:JSWSTEEL-EQ - stored 401 completed 5-minute candles
2026-09-15T11:17:16 FETCHED: NSE:JIOFIN-EQ - stored 401 completed 5-minute candles
2026-09-15T11:17:16 FETCHED: NSE:KOTAKBANK-EQ - stored 401 completed 5-minute candles
2026-09-15T11:17:17 FETCHED: NSE:LT-EQ - stored 401 completed 5-minute candles
2026-09-15T11:17:18 FETCHED: NSE:M&M-EQ - stored 401 completed 5-minute candles
2026-09-15T11:17:18 FETCHED: NSE:MARUTI-EQ - stored 401 completed 5-minute candles
2026-09-15T11:17:18 FETCHED: NSE:MAXHEALTH-EQ - stored 401 completed 5-minute candles
2026-09-15T11:17:19 FETCHED: NSE:NTPC-EQ - stored 401 completed 5-minute candles
2026-09-15T11:17:19 FETCHED: NSE:NESTLEIND-EQ - stored 401 completed 5-minute candles
2026-09-15T11:17:19 FETCHED: NSE:ONGC-EQ - stored 401 completed 5-minute candles
2026-09-15T11:17:20 FETCHED: NSE:POWERGRID-EQ - stored 402 completed 5-minute candles
2026-09-15T11:17:20 FETCHED: NSE:RELIANCE-EQ - stored 401 completed 5-minute candles
2026-09-15T11:17:20 FETCHED: NSE:SBILIFE-EQ - stored 401 completed 5-minute candles
2026-09-15T11:17:21 FETCHED: NSE:SHRIRAMFIN-EQ - stored 401 completed 5-minute candles
2026-09-15T11:17:21 FETCHED: NSE:SBIN-EQ - stored 401 completed 5-minute candles
2026-09-15T11:17:21 FETCHED: NSE:SUNPHARMA-EQ - stored 401 completed 5-minute candles
2026-09-15T11:17:22 FETCHED: NSE:TCS-EQ - stored 401 completed 5-minute candles
2026-09-15T11:17:22 FETCHED: NSE:TATACONSUM-EQ - stored 401 completed 5-minute candles
2026-09-15T11:17:22 FETCHED: NSE:TMPV-EQ - stored 401 completed 5-minute candles
2026-09-15T11:17:23 FETCHED: NSE:TATASTEEL-EQ - stored 401 completed 5-minute candles
2026-09-15T11:17:23 FETCHED: NSE:TECHM-EQ - stored 401 completed 5-minute candles
2026-09-15T11:17:24 FETCHED: NSE:TITAN-EQ - stored 401 completed 5-minute candles
2026-09-15T11:17:24 FETCHED: NSE:TRENT-EQ - stored 401 completed 5-minute candles
2026-09-15T11:17:24 FETCHED: NSE:ULTRACEMCO-EQ - stored 401 completed 5-minute candles
2026-09-15T11:17:25 FETCHED: NSE:WIPRO-EQ - stored 401 completed 5-minute candles
2026-09-15T11:17:55 FETCH_CYCLE: 2026-09-15T11:17:55+05:30
2026-09-15T11:17:56 FETCHED: NSE:ADANIENT-EQ - stored 401 completed 5-minute candles
2026-09-15T11:17:56 FETCHED: NSE:ADANIPORTS-EQ - stored 401 completed 5-minute candles
2026-09-15T11:17:57 FETCHED: NSE:APOLLOHOSP-EQ - stored 401 completed 5-minute candles
2026-09-15T11:17:57 FETCHED: NSE:ASIANPAINT-EQ - stored 401 completed 5-minute candles
2026-09-15T11:17:58 FETCHED: NSE:AXISBANK-EQ - stored 401 completed 5-minute candles
2026-09-15T11:17:58 FETCHED: NSE:BAJAJ-AUTO-EQ - stored 401 completed 5-minute candles
2026-09-15T11:17:59 FETCHED: NSE:BAJFINANCE-EQ - stored 401 completed 5-minute candles
2026-09-15T11:17:59 FETCHED: NSE:BAJAJFINSV-EQ - stored 401 completed 5-minute candles
2026-09-15T11:18:00 FETCHED: NSE:BEL-EQ - stored 401 completed 5-minute candles
2026-09-15T11:18:01 FETCHED: NSE:BHARTIARTL-EQ - stored 401 completed 5-minute candles
2026-09-15T11:18:01 FETCHED: NSE:CIPLA-EQ - stored 401 completed 5-minute candles
2026-09-15T11:18:02 FETCHED: NSE:COALINDIA-EQ - stored 401 completed 5-minute candles
2026-09-15T11:18:02 FETCHED: NSE:DRREDDY-EQ - stored 401 completed 5-minute candles
2026-09-15T11:18:03 FETCHED: NSE:EICHERMOT-EQ - stored 401 completed 5-minute candles
2026-09-15T11:18:03 FETCHED: NSE:ETERNAL-EQ - stored 401 completed 5-minute candles
2026-09-15T11:18:04 FETCHED: NSE:GRASIM-EQ - stored 401 completed 5-minute candles
2026-09-15T11:18:05 FETCHED: NSE:HCLTECH-EQ - stored 401 completed 5-minute candles
2026-09-15T11:18:06 FETCHED: NSE:HDFCBANK-EQ - stored 401 completed 5-minute candles
2026-09-15T11:18:08 FETCHED: NSE:HDFCLIFE-EQ - stored 401 completed 5-minute candles
2026-09-15T11:18:08 FETCHED: NSE:HINDALCO-EQ - stored 401 completed 5-minute candles
2026-09-15T11:18:09 FETCHED: NSE:HINDUNILVR-EQ - stored 401 completed 5-minute candles
2026-09-15T11:18:09 FETCHED: NSE:ICICIBANK-EQ - stored 401 completed 5-minute candles
2026-09-15T11:18:10 FETCHED: NSE:ITC-EQ - stored 401 completed 5-minute candles
2026-09-15T11:18:11 FETCHED: NSE:INFY-EQ - stored 401 completed 5-minute candles
2026-09-15T11:18:12 FETCHED: NSE:INDIGO-EQ - stored 401 completed 5-minute candles
2026-09-15T11:18:13 FETCHED: NSE:JSWSTEEL-EQ - stored 401 completed 5-minute candles
2026-09-15T11:18:14 FETCHED: NSE:JIOFIN-EQ - stored 401 completed 5-minute candles
2026-09-15T11:18:15 FETCHED: NSE:KOTAKBANK-EQ - stored 401 completed 5-minute candles
2026-09-15T11:18:15 FETCHED: NSE:LT-EQ - stored 401 completed 5-minute candles
2026-09-15T11:18:16 FETCHED: NSE:M&M-EQ - stored 401 completed 5-minute candles
2026-09-15T11:18:17 FETCHED: NSE:MARUTI-EQ - stored 401 completed 5-minute candles
2026-09-15T11:18:18 FETCHED: NSE:MAXHEALTH-EQ - stored 401 completed 5-minute candles
2026-09-15T11:18:19 FETCHED: NSE:NTPC-EQ - stored 401 completed 5-minute candles
2026-09-15T11:18:20 FETCHED: NSE:NESTLEIND-EQ - stored 401 completed 5-minute candles
2026-09-15T11:18:20 FETCHED: NSE:ONGC-EQ - stored 401 completed 5-minute candles
2026-09-15T11:18:21 FETCHED: NSE:POWERGRID-EQ - stored 402 completed 5-minute candles
2026-09-15T11:18:21 FETCHED: NSE:RELIANCE-EQ - stored 401 completed 5-minute candles
2026-09-15T11:18:22 FETCHED: NSE:SBILIFE-EQ - stored 401 completed 5-minute candles
2026-09-15T11:18:22 FETCHED: NSE:SHRIRAMFIN-EQ - stored 401 completed 5-minute candles
2026-09-15T11:18:22 FETCHED: NSE:SBIN-EQ - stored 401 completed 5-minute candles
2026-09-15T11:18:23 FETCHED: NSE:SUNPHARMA-EQ - stored 401 completed 5-minute candles
2026-09-15T11:18:23 FETCHED: NSE:TCS-EQ - stored 401 completed 5-minute candles
2026-09-15T11:18:24 FETCHED: NSE:TATACONSUM-EQ - stored 401 completed 5-minute candles
2026-09-15T11:18:24 FETCHED: NSE:TMPV-EQ - stored 401 completed 5-minute candles
2026-09-15T11:18:25 FETCHED: NSE:TATASTEEL-EQ - stored 401 completed 5-minute candles
2026-09-15T11:18:25 FETCHED: NSE:TECHM-EQ - stored 401 completed 5-minute candles
2026-09-15T11:18:26 FETCHED: NSE:TITAN-EQ - stored 401 completed 5-minute candles
2026-09-15T11:18:26 FETCHED: NSE:TRENT-EQ - stored 401 completed 5-minute candles
2026-09-15T11:18:26 FETCHED: NSE:ULTRACEMCO-EQ - stored 401 completed 5-minute candles
2026-09-15T11:18:27 FETCHED: NSE:WIPRO-EQ - stored 401 completed 5-minute candles
2026-09-15T11:18:57 FETCH_CYCLE: 2026-09-15T11:18:57+05:30
2026-09-15T11:19:01 FETCHED: NSE:ADANIENT-EQ - stored 401 completed 5-minute candles
2026-09-15T11:19:02 FETCHED: NSE:ADANIPORTS-EQ - stored 401 completed 5-minute candles
2026-09-15T11:19:02 FETCHED: NSE:APOLLOHOSP-EQ - stored 401 completed 5-minute candles
2026-09-15T11:19:03 FETCHED: NSE:ASIANPAINT-EQ - stored 401 completed 5-minute candles
2026-09-15T11:19:03 FETCHED: NSE:AXISBANK-EQ - stored 401 completed 5-minute candles
2026-09-15T11:19:04 FETCHED: NSE:BAJAJ-AUTO-EQ - stored 401 completed 5-minute candles
2026-09-15T11:19:04 FETCHED: NSE:BAJFINANCE-EQ - stored 401 completed 5-minute candles
2026-09-15T11:19:05 FETCHED: NSE:BAJAJFINSV-EQ - stored 401 completed 5-minute candles
2026-09-15T11:19:06 FETCHED: NSE:BEL-EQ - stored 401 completed 5-minute candles
2026-09-15T11:19:06 FETCHED: NSE:BHARTIARTL-EQ - stored 401 completed 5-minute candles
2026-09-15T11:19:07 FETCHED: NSE:CIPLA-EQ - stored 401 completed 5-minute candles
2026-09-15T11:19:08 FETCHED: NSE:COALINDIA-EQ - stored 401 completed 5-minute candles
2026-09-15T11:19:09 FETCHED: NSE:DRREDDY-EQ - stored 401 completed 5-minute candles
2026-09-15T11:19:10 FETCHED: NSE:EICHERMOT-EQ - stored 401 completed 5-minute candles
2026-09-15T11:19:10 FETCHED: NSE:ETERNAL-EQ - stored 401 completed 5-minute candles
2026-09-15T11:19:11 FETCHED: NSE:GRASIM-EQ - stored 401 completed 5-minute candles
2026-09-15T11:19:12 FETCHED: NSE:HCLTECH-EQ - stored 401 completed 5-minute candles
2026-09-15T11:19:12 FETCHED: NSE:HDFCBANK-EQ - stored 401 completed 5-minute candles
2026-09-15T11:19:13 FETCHED: NSE:HDFCLIFE-EQ - stored 401 completed 5-minute candles
2026-09-15T11:19:13 FETCHED: NSE:HINDALCO-EQ - stored 401 completed 5-minute candles
2026-09-15T11:19:14 FETCHED: NSE:HINDUNILVR-EQ - stored 401 completed 5-minute candles
2026-09-15T11:19:15 FETCHED: NSE:ICICIBANK-EQ - stored 401 completed 5-minute candles
2026-09-15T11:19:26 FETCHED: NSE:ITC-EQ - stored 401 completed 5-minute candles
2026-09-15T11:19:28 FETCHED: NSE:INFY-EQ - stored 401 completed 5-minute candles
2026-09-15T11:19:29 FETCHED: NSE:INDIGO-EQ - stored 401 completed 5-minute candles
2026-09-15T11:19:30 FETCHED: NSE:JSWSTEEL-EQ - stored 401 completed 5-minute candles
2026-09-15T11:19:32 FETCHED: NSE:JIOFIN-EQ - stored 401 completed 5-minute candles
2026-09-15T11:19:35 FETCHED: NSE:KOTAKBANK-EQ - stored 401 completed 5-minute candles
2026-09-15T11:19:37 FETCHED: NSE:LT-EQ - stored 401 completed 5-minute candles
2026-09-15T11:19:38 FETCHED: NSE:M&M-EQ - stored 401 completed 5-minute candles
2026-09-15T11:19:38 FETCHED: NSE:MARUTI-EQ - stored 401 completed 5-minute candles
2026-09-15T11:19:39 FETCHED: NSE:MAXHEALTH-EQ - stored 401 completed 5-minute candles
2026-09-15T11:19:40 FETCHED: NSE:NTPC-EQ - stored 401 completed 5-minute candles
2026-09-15T11:19:40 FETCHED: NSE:NESTLEIND-EQ - stored 401 completed 5-minute candles
2026-09-15T11:19:41 FETCHED: NSE:ONGC-EQ - stored 401 completed 5-minute candles
2026-09-15T11:19:42 FETCHED: NSE:POWERGRID-EQ - stored 402 completed 5-minute candles
2026-09-15T11:19:42 FETCHED: NSE:RELIANCE-EQ - stored 401 completed 5-minute candles
2026-09-15T11:19:42 FETCHED: NSE:SBILIFE-EQ - stored 401 completed 5-minute candles
2026-09-15T11:19:43 FETCHED: NSE:SHRIRAMFIN-EQ - stored 401 completed 5-minute candles
2026-09-15T11:19:44 FETCHED: NSE:SBIN-EQ - stored 401 completed 5-minute candles
2026-09-15T11:19:45 FETCHED: NSE:SUNPHARMA-EQ - stored 401 completed 5-minute candles
2026-09-15T11:19:45 FETCHED: NSE:TCS-EQ - stored 401 completed 5-minute candles
2026-09-15T11:19:45 FETCHED: NSE:TATACONSUM-EQ - stored 401 completed 5-minute candles
2026-09-15T11:19:46 FETCHED: NSE:TMPV-EQ - stored 401 completed 5-minute candles
2026-09-15T11:19:46 FETCHED: NSE:TATASTEEL-EQ - stored 401 completed 5-minute candles
2026-09-15T11:19:46 FETCHED: NSE:TECHM-EQ - stored 401 completed 5-minute candles
2026-09-15T11:19:47 FETCHED: NSE:TITAN-EQ - stored 401 completed 5-minute candles
2026-09-15T11:19:47 FETCHED: NSE:TRENT-EQ - stored 401 completed 5-minute candles
2026-09-15T11:19:48 FETCHED: NSE:ULTRACEMCO-EQ - stored 401 completed 5-minute candles
2026-09-15T11:19:48 FETCHED: NSE:WIPRO-EQ - stored 401 completed 5-minute candles
2026-09-15T11:20:18 FETCH_CYCLE: 2026-09-15T11:20:18+05:30
2026-09-15T11:20:23 FETCHED: NSE:ADANIENT-EQ - stored 402 completed 5-minute candles
2026-09-15T11:20:26 FETCHED: NSE:ADANIPORTS-EQ - stored 402 completed 5-minute candles
2026-09-15T11:20:27 FETCHED: NSE:APOLLOHOSP-EQ - stored 402 completed 5-minute candles
2026-09-15T11:20:28 FETCHED: NSE:ASIANPAINT-EQ - stored 402 completed 5-minute candles
2026-09-15T11:20:30 FETCHED: NSE:AXISBANK-EQ - stored 402 completed 5-minute candles
2026-09-15T11:20:33 FETCHED: NSE:BAJAJ-AUTO-EQ - stored 402 completed 5-minute candles
2026-09-15T11:21:15 FETCHED: NSE:BAJFINANCE-EQ - stored 402 completed 5-minute candles
2026-09-15T11:21:35 FETCHED: NSE:BAJAJFINSV-EQ - stored 402 completed 5-minute candles
2026-09-15T11:21:45 FETCHED: NSE:BEL-EQ - stored 402 completed 5-minute candles
2026-09-15T11:21:46 FETCHED: NSE:BHARTIARTL-EQ - stored 402 completed 5-minute candles
2026-09-15T11:21:47 FETCHED: NSE:CIPLA-EQ - stored 402 completed 5-minute candles
2026-09-15T11:21:49 FETCHED: NSE:COALINDIA-EQ - stored 402 completed 5-minute candles
2026-09-15T11:21:50 FETCHED: NSE:DRREDDY-EQ - stored 402 completed 5-minute candles
2026-09-15T11:21:52 FETCHED: NSE:EICHERMOT-EQ - stored 402 completed 5-minute candles
2026-09-15T11:21:54 FETCHED: NSE:ETERNAL-EQ - stored 402 completed 5-minute candles
2026-09-15T11:21:56 FETCHED: NSE:GRASIM-EQ - stored 402 completed 5-minute candles
2026-09-15T11:21:57 FETCHED: NSE:HCLTECH-EQ - stored 402 completed 5-minute candles
2026-09-15T11:21:58 FETCHED: NSE:HDFCBANK-EQ - stored 402 completed 5-minute candles
2026-09-15T11:22:00 FETCHED: NSE:HDFCLIFE-EQ - stored 402 completed 5-minute candles
2026-09-15T11:22:01 FETCHED: NSE:HINDALCO-EQ - stored 402 completed 5-minute candles
2026-09-15T11:22:06 FETCHED: NSE:HINDUNILVR-EQ - stored 402 completed 5-minute candles
2026-09-15T11:22:08 FETCHED: NSE:ICICIBANK-EQ - stored 402 completed 5-minute candles
2026-09-15T11:22:09 FETCHED: NSE:ITC-EQ - stored 402 completed 5-minute candles
2026-09-15T11:22:11 FETCHED: NSE:INFY-EQ - stored 402 completed 5-minute candles
2026-09-15T11:22:12 FETCHED: NSE:INDIGO-EQ - stored 402 completed 5-minute candles
2026-09-15T11:22:13 FETCHED: NSE:JSWSTEEL-EQ - stored 402 completed 5-minute candles
2026-09-15T11:22:14 FETCHED: NSE:JIOFIN-EQ - stored 402 completed 5-minute candles
2026-09-15T11:22:15 FETCHED: NSE:KOTAKBANK-EQ - stored 402 completed 5-minute candles
2026-09-15T11:22:15 FETCHED: NSE:LT-EQ - stored 402 completed 5-minute candles
2026-09-15T11:22:16 FETCHED: NSE:M&M-EQ - stored 402 completed 5-minute candles
2026-09-15T11:22:17 FETCHED: NSE:MARUTI-EQ - stored 402 completed 5-minute candles
2026-09-15T11:22:17 FETCHED: NSE:MAXHEALTH-EQ - stored 402 completed 5-minute candles
2026-09-15T11:22:18 FETCHED: NSE:NTPC-EQ - stored 402 completed 5-minute candles
2026-09-15T11:22:19 FETCHED: NSE:NESTLEIND-EQ - stored 402 completed 5-minute candles
2026-09-15T11:22:20 FETCHED: NSE:ONGC-EQ - stored 402 completed 5-minute candles
2026-09-15T11:22:20 FETCHED: NSE:POWERGRID-EQ - stored 403 completed 5-minute candles
2026-09-15T11:22:21 FETCHED: NSE:RELIANCE-EQ - stored 402 completed 5-minute candles
2026-09-15T11:22:22 FETCHED: NSE:SBILIFE-EQ - stored 402 completed 5-minute candles
2026-09-15T11:22:24 FETCHED: NSE:SHRIRAMFIN-EQ - stored 402 completed 5-minute candles
2026-09-15T11:22:25 FETCHED: NSE:SBIN-EQ - stored 402 completed 5-minute candles
2026-09-15T11:22:26 FETCHED: NSE:SUNPHARMA-EQ - stored 402 completed 5-minute candles
2026-09-15T11:22:28 FETCHED: NSE:TCS-EQ - stored 402 completed 5-minute candles
2026-09-15T11:22:28 FETCHED: NSE:TATACONSUM-EQ - stored 402 completed 5-minute candles
2026-09-15T11:22:29 FETCHED: NSE:TMPV-EQ - stored 402 completed 5-minute candles
2026-09-15T11:22:30 FETCHED: NSE:TATASTEEL-EQ - stored 402 completed 5-minute candles
2026-09-15T11:22:31 FETCHED: NSE:TECHM-EQ - stored 402 completed 5-minute candles
2026-09-15T11:22:36 FETCHED: NSE:TITAN-EQ - stored 402 completed 5-minute candles
2026-09-15T11:22:38 FETCHED: NSE:TRENT-EQ - stored 402 completed 5-minute candles
2026-09-15T11:22:39 FETCHED: NSE:ULTRACEMCO-EQ - stored 402 completed 5-minute candles
2026-09-15T11:22:40 FETCHED: NSE:WIPRO-EQ - stored 402 completed 5-minute candles
2026-09-15T11:23:11 FETCH_CYCLE: 2026-09-15T11:23:11+05:30
2026-09-15T11:23:32 FETCHED: NSE:ADANIENT-EQ - stored 402 completed 5-minute candles
2026-09-15T11:23:34 FETCHED: NSE:ADANIPORTS-EQ - stored 402 completed 5-minute candles
2026-09-15T11:23:36 FETCHED: NSE:APOLLOHOSP-EQ - stored 402 completed 5-minute candles
2026-09-15T11:23:38 FETCHED: NSE:ASIANPAINT-EQ - stored 402 completed 5-minute candles
2026-09-15T11:23:40 FETCHED: NSE:AXISBANK-EQ - stored 402 completed 5-minute candles
2026-09-15T11:23:43 FETCHED: NSE:BAJAJ-AUTO-EQ - stored 402 completed 5-minute candles
2026-09-15T11:23:44 FETCHED: NSE:BAJFINANCE-EQ - stored 402 completed 5-minute candles
2026-09-15T11:23:47 FETCHED: NSE:BAJAJFINSV-EQ - stored 402 completed 5-minute candles
2026-09-15T11:23:48 FETCHED: NSE:BEL-EQ - stored 402 completed 5-minute candles
2026-09-15T11:23:49 FETCHED: NSE:BHARTIARTL-EQ - stored 402 completed 5-minute candles
2026-09-15T11:23:51 FETCHED: NSE:CIPLA-EQ - stored 402 completed 5-minute candles
2026-09-15T11:23:54 FETCHED: NSE:COALINDIA-EQ - stored 402 completed 5-minute candles
2026-09-15T11:23:54 FETCHED: NSE:DRREDDY-EQ - stored 402 completed 5-minute candles
2026-09-15T11:23:55 FETCHED: NSE:EICHERMOT-EQ - stored 402 completed 5-minute candles
2026-09-15T11:23:56 FETCHED: NSE:ETERNAL-EQ - stored 402 completed 5-minute candles
2026-09-15T11:23:57 FETCHED: NSE:GRASIM-EQ - stored 402 completed 5-minute candles
2026-09-15T11:23:59 FETCHED: NSE:HCLTECH-EQ - stored 402 completed 5-minute candles
2026-09-15T11:23:59 FETCHED: NSE:HDFCBANK-EQ - stored 402 completed 5-minute candles
2026-09-15T11:24:01 FETCHED: NSE:HDFCLIFE-EQ - stored 402 completed 5-minute candles
2026-09-15T11:24:02 FETCHED: NSE:HINDALCO-EQ - stored 402 completed 5-minute candles
2026-09-15T11:24:04 FETCHED: NSE:HINDUNILVR-EQ - stored 402 completed 5-minute candles
2026-09-15T11:24:05 FETCHED: NSE:ICICIBANK-EQ - stored 402 completed 5-minute candles
2026-09-15T11:24:06 FETCHED: NSE:ITC-EQ - stored 402 completed 5-minute candles
2026-09-15T11:24:07 FETCHED: NSE:INFY-EQ - stored 402 completed 5-minute candles
2026-09-15T11:24:08 FETCHED: NSE:INDIGO-EQ - stored 402 completed 5-minute candles
2026-09-15T11:24:09 FETCHED: NSE:JSWSTEEL-EQ - stored 402 completed 5-minute candles
2026-09-15T11:24:10 FETCHED: NSE:JIOFIN-EQ - stored 402 completed 5-minute candles
2026-09-15T11:24:11 FETCHED: NSE:KOTAKBANK-EQ - stored 402 completed 5-minute candles
2026-09-15T11:24:12 FETCHED: NSE:LT-EQ - stored 402 completed 5-minute candles
2026-09-15T11:24:12 FETCHED: NSE:M&M-EQ - stored 402 completed 5-minute candles
2026-09-15T11:24:13 FETCHED: NSE:MARUTI-EQ - stored 402 completed 5-minute candles
2026-09-15T11:24:14 FETCHED: NSE:MAXHEALTH-EQ - stored 402 completed 5-minute candles
2026-09-15T11:24:14 FETCHED: NSE:NTPC-EQ - stored 402 completed 5-minute candles
2026-09-15T11:24:15 FETCHED: NSE:NESTLEIND-EQ - stored 402 completed 5-minute candles
2026-09-15T11:24:16 FETCHED: NSE:ONGC-EQ - stored 402 completed 5-minute candles
2026-09-15T11:24:16 FETCHED: NSE:POWERGRID-EQ - stored 403 completed 5-minute candles
2026-09-15T11:24:17 FETCHED: NSE:RELIANCE-EQ - stored 402 completed 5-minute candles
2026-09-15T11:24:18 FETCHED: NSE:SBILIFE-EQ - stored 402 completed 5-minute candles
2026-09-15T11:24:19 FETCHED: NSE:SHRIRAMFIN-EQ - stored 402 completed 5-minute candles
2026-09-15T11:24:19 FETCHED: NSE:SBIN-EQ - stored 402 completed 5-minute candles
2026-09-15T11:24:20 FETCHED: NSE:SUNPHARMA-EQ - stored 402 completed 5-minute candles
2026-09-15T11:24:21 FETCHED: NSE:TCS-EQ - stored 402 completed 5-minute candles
2026-09-15T11:24:22 FETCHED: NSE:TATACONSUM-EQ - stored 402 completed 5-minute candles
2026-09-15T11:24:22 FETCHED: NSE:TMPV-EQ - stored 402 completed 5-minute candles
2026-09-15T11:24:23 FETCHED: NSE:TATASTEEL-EQ - stored 402 completed 5-minute candles
2026-09-15T11:24:23 FETCHED: NSE:TECHM-EQ - stored 402 completed 5-minute candles
2026-09-15T11:24:24 FETCHED: NSE:TITAN-EQ - stored 402 completed 5-minute candles
2026-09-15T11:24:25 FETCHED: NSE:TRENT-EQ - stored 402 completed 5-minute candles
2026-09-15T11:24:26 FETCHED: NSE:ULTRACEMCO-EQ - stored 402 completed 5-minute candles
2026-09-15T11:24:26 FETCHED: NSE:WIPRO-EQ - stored 402 completed 5-minute candles
2026-09-15T11:24:56 FETCH_CYCLE: 2026-09-15T11:24:56+05:30
2026-09-15T11:24:58 FETCHED: NSE:ADANIENT-EQ - stored 402 completed 5-minute candles
2026-09-15T11:24:59 FETCHED: NSE:ADANIPORTS-EQ - stored 402 completed 5-minute candles
2026-09-15T11:24:59 FETCHED: NSE:APOLLOHOSP-EQ - stored 402 completed 5-minute candles
2026-09-15T11:25:00 FETCHED: NSE:ASIANPAINT-EQ - stored 402 completed 5-minute candles
2026-09-15T11:25:01 FETCHED: NSE:AXISBANK-EQ - stored 403 completed 5-minute candles
2026-09-15T11:25:02 FETCHED: NSE:BAJAJ-AUTO-EQ - stored 403 completed 5-minute candles
2026-09-15T11:25:03 FETCHED: NSE:BAJFINANCE-EQ - stored 403 completed 5-minute candles
2026-09-15T11:25:07 FETCHED: NSE:BAJAJFINSV-EQ - stored 403 completed 5-minute candles
2026-09-15T11:25:09 FETCHED: NSE:BEL-EQ - stored 403 completed 5-minute candles
2026-09-15T11:25:11 FETCHED: NSE:BHARTIARTL-EQ - stored 403 completed 5-minute candles
2026-09-15T11:25:13 FETCHED: NSE:CIPLA-EQ - stored 403 completed 5-minute candles
2026-09-15T11:25:14 FETCHED: NSE:COALINDIA-EQ - stored 403 completed 5-minute candles
2026-09-15T11:25:16 FETCHED: NSE:DRREDDY-EQ - stored 403 completed 5-minute candles
2026-09-15T11:25:17 FETCHED: NSE:EICHERMOT-EQ - stored 403 completed 5-minute candles
2026-09-15T11:25:19 FETCHED: NSE:ETERNAL-EQ - stored 403 completed 5-minute candles
2026-09-15T11:25:20 FETCHED: NSE:GRASIM-EQ - stored 403 completed 5-minute candles
2026-09-15T11:25:20 FETCHED: NSE:HCLTECH-EQ - stored 403 completed 5-minute candles
2026-09-15T11:25:21 FETCHED: NSE:HDFCBANK-EQ - stored 403 completed 5-minute candles
2026-09-15T11:25:22 FETCHED: NSE:HDFCLIFE-EQ - stored 403 completed 5-minute candles
2026-09-15T11:25:23 FETCHED: NSE:HINDALCO-EQ - stored 403 completed 5-minute candles
2026-09-15T11:25:24 FETCHED: NSE:HINDUNILVR-EQ - stored 403 completed 5-minute candles
2026-09-15T11:25:26 FETCHED: NSE:ICICIBANK-EQ - stored 403 completed 5-minute candles
2026-09-15T11:25:27 FETCHED: NSE:ITC-EQ - stored 403 completed 5-minute candles
2026-09-15T11:25:27 FETCHED: NSE:INFY-EQ - stored 403 completed 5-minute candles
2026-09-15T11:25:28 FETCHED: NSE:INDIGO-EQ - stored 403 completed 5-minute candles
2026-09-15T11:25:29 FETCHED: NSE:JSWSTEEL-EQ - stored 403 completed 5-minute candles
2026-09-15T11:25:30 FETCHED: NSE:JIOFIN-EQ - stored 403 completed 5-minute candles
2026-09-15T11:25:31 FETCHED: NSE:KOTAKBANK-EQ - stored 403 completed 5-minute candles
2026-09-15T11:25:32 FETCHED: NSE:LT-EQ - stored 403 completed 5-minute candles
2026-09-15T11:25:32 FETCHED: NSE:M&M-EQ - stored 403 completed 5-minute candles
2026-09-15T11:25:33 FETCHED: NSE:MARUTI-EQ - stored 403 completed 5-minute candles
2026-09-15T11:25:34 FETCHED: NSE:MAXHEALTH-EQ - stored 403 completed 5-minute candles
2026-09-15T11:25:34 FETCHED: NSE:NTPC-EQ - stored 403 completed 5-minute candles
2026-09-15T11:25:35 FETCHED: NSE:NESTLEIND-EQ - stored 403 completed 5-minute candles
2026-09-15T11:25:36 FETCHED: NSE:ONGC-EQ - stored 403 completed 5-minute candles
2026-09-15T11:25:37 FETCHED: NSE:POWERGRID-EQ - stored 404 completed 5-minute candles
2026-09-15T11:25:37 FETCHED: NSE:RELIANCE-EQ - stored 403 completed 5-minute candles
2026-09-15T11:25:38 FETCHED: NSE:SBILIFE-EQ - stored 403 completed 5-minute candles
2026-09-15T11:25:38 FETCHED: NSE:SHRIRAMFIN-EQ - stored 403 completed 5-minute candles
2026-09-15T11:25:40 FETCHED: NSE:SBIN-EQ - stored 403 completed 5-minute candles
2026-09-15T11:25:40 FETCHED: NSE:SUNPHARMA-EQ - stored 403 completed 5-minute candles
2026-09-15T11:25:41 FETCHED: NSE:TCS-EQ - stored 403 completed 5-minute candles
2026-09-15T11:25:42 FETCHED: NSE:TATACONSUM-EQ - stored 403 completed 5-minute candles
2026-09-15T11:25:42 FETCHED: NSE:TMPV-EQ - stored 403 completed 5-minute candles
2026-09-15T11:25:43 FETCHED: NSE:TATASTEEL-EQ - stored 403 completed 5-minute candles
2026-09-15T11:25:43 FETCHED: NSE:TECHM-EQ - stored 403 completed 5-minute candles
2026-09-15T11:25:44 FETCHED: NSE:TITAN-EQ - stored 403 completed 5-minute candles
2026-09-15T11:25:45 FETCHED: NSE:TRENT-EQ - stored 403 completed 5-minute candles
2026-09-15T11:25:46 FETCHED: NSE:ULTRACEMCO-EQ - stored 403 completed 5-minute candles
2026-09-15T11:25:47 FETCHED: NSE:WIPRO-EQ - stored 403 completed 5-minute candles
2026-09-15T11:26:17 FETCH_CYCLE: 2026-09-15T11:26:17+05:30
2026-09-15T11:26:18 FETCHED: NSE:ADANIENT-EQ - stored 403 completed 5-minute candles
2026-09-15T11:26:18 FETCHED: NSE:ADANIPORTS-EQ - stored 403 completed 5-minute candles
2026-09-15T11:26:19 FETCHED: NSE:APOLLOHOSP-EQ - stored 403 completed 5-minute candles
2026-09-15T11:26:19 FETCHED: NSE:ASIANPAINT-EQ - stored 403 completed 5-minute candles
2026-09-15T11:26:20 FETCHED: NSE:AXISBANK-EQ - stored 403 completed 5-minute candles
2026-09-15T11:26:20 FETCHED: NSE:BAJAJ-AUTO-EQ - stored 403 completed 5-minute candles
2026-09-15T11:26:20 FETCHED: NSE:BAJFINANCE-EQ - stored 403 completed 5-minute candles
2026-09-15T11:26:21 FETCHED: NSE:BAJAJFINSV-EQ - stored 403 completed 5-minute candles
2026-09-15T11:26:22 FETCHED: NSE:BEL-EQ - stored 403 completed 5-minute candles
2026-09-15T11:26:23 FETCHED: NSE:BHARTIARTL-EQ - stored 403 completed 5-minute candles
2026-09-15T11:26:23 FETCHED: NSE:CIPLA-EQ - stored 403 completed 5-minute candles
2026-09-15T11:26:24 FETCHED: NSE:COALINDIA-EQ - stored 403 completed 5-minute candles
2026-09-15T11:26:25 FETCHED: NSE:DRREDDY-EQ - stored 403 completed 5-minute candles
2026-09-15T11:26:25 FETCHED: NSE:EICHERMOT-EQ - stored 403 completed 5-minute candles
2026-09-15T11:26:26 FETCHED: NSE:ETERNAL-EQ - stored 403 completed 5-minute candles
2026-09-15T11:26:27 FETCHED: NSE:GRASIM-EQ - stored 403 completed 5-minute candles
2026-09-15T11:26:28 FETCHED: NSE:HCLTECH-EQ - stored 403 completed 5-minute candles
2026-09-15T11:26:29 FETCHED: NSE:HDFCBANK-EQ - stored 403 completed 5-minute candles
2026-09-15T11:26:30 FETCHED: NSE:HDFCLIFE-EQ - stored 403 completed 5-minute candles
2026-09-15T11:26:30 FETCHED: NSE:HINDALCO-EQ - stored 403 completed 5-minute candles
2026-09-15T11:26:31 FETCHED: NSE:HINDUNILVR-EQ - stored 403 completed 5-minute candles
2026-09-15T11:26:32 FETCHED: NSE:ICICIBANK-EQ - stored 403 completed 5-minute candles
2026-09-15T11:26:32 FETCHED: NSE:ITC-EQ - stored 403 completed 5-minute candles
2026-09-15T11:26:33 FETCHED: NSE:INFY-EQ - stored 403 completed 5-minute candles
2026-09-15T11:26:33 FETCHED: NSE:INDIGO-EQ - stored 403 completed 5-minute candles
2026-09-15T11:26:34 FETCHED: NSE:JSWSTEEL-EQ - stored 403 completed 5-minute candles
2026-09-15T11:26:35 FETCHED: NSE:JIOFIN-EQ - stored 403 completed 5-minute candles
2026-09-15T11:26:36 FETCHED: NSE:KOTAKBANK-EQ - stored 403 completed 5-minute candles
2026-09-15T11:26:36 FETCHED: NSE:LT-EQ - stored 403 completed 5-minute candles
2026-09-15T11:26:37 FETCHED: NSE:M&M-EQ - stored 403 completed 5-minute candles
2026-09-15T11:26:37 FETCHED: NSE:MARUTI-EQ - stored 403 completed 5-minute candles
2026-09-15T11:26:38 FETCHED: NSE:MAXHEALTH-EQ - stored 403 completed 5-minute candles
2026-09-15T11:26:38 FETCHED: NSE:NTPC-EQ - stored 403 completed 5-minute candles
2026-09-15T11:26:39 FETCHED: NSE:NESTLEIND-EQ - stored 403 completed 5-minute candles
2026-09-15T11:26:40 FETCHED: NSE:ONGC-EQ - stored 403 completed 5-minute candles
2026-09-15T11:26:41 FETCHED: NSE:POWERGRID-EQ - stored 404 completed 5-minute candles
2026-09-15T11:26:41 FETCHED: NSE:RELIANCE-EQ - stored 403 completed 5-minute candles
2026-09-15T11:26:42 FETCHED: NSE:SBILIFE-EQ - stored 403 completed 5-minute candles
2026-09-15T11:26:43 FETCHED: NSE:SHRIRAMFIN-EQ - stored 403 completed 5-minute candles
2026-09-15T11:26:44 FETCHED: NSE:SBIN-EQ - stored 403 completed 5-minute candles
2026-09-15T11:26:44 FETCHED: NSE:SUNPHARMA-EQ - stored 403 completed 5-minute candles
2026-09-15T11:26:45 FETCHED: NSE:TCS-EQ - stored 403 completed 5-minute candles
2026-09-15T11:26:45 FETCHED: NSE:TATACONSUM-EQ - stored 403 completed 5-minute candles
2026-09-15T11:26:46 FETCHED: NSE:TMPV-EQ - stored 403 completed 5-minute candles
2026-09-15T11:26:46 FETCHED: NSE:TATASTEEL-EQ - stored 403 completed 5-minute candles
2026-09-15T11:26:47 FETCHED: NSE:TECHM-EQ - stored 403 completed 5-minute candles
2026-09-15T11:26:47 FETCHED: NSE:TITAN-EQ - stored 403 completed 5-minute candles
2026-09-15T11:26:48 FETCHED: NSE:TRENT-EQ - stored 403 completed 5-minute candles
2026-09-15T11:26:49 FETCHED: NSE:ULTRACEMCO-EQ - stored 403 completed 5-minute candles
2026-09-15T11:26:50 FETCHED: NSE:WIPRO-EQ - stored 403 completed 5-minute candles
2026-09-15T11:27:20 FETCH_CYCLE: 2026-09-15T11:27:20+05:30
2026-09-15T11:27:24 FETCHED: NSE:ADANIENT-EQ - stored 403 completed 5-minute candles
2026-09-15T11:27:25 FETCHED: NSE:ADANIPORTS-EQ - stored 403 completed 5-minute candles
2026-09-15T11:27:25 FETCHED: NSE:APOLLOHOSP-EQ - stored 403 completed 5-minute candles
2026-09-15T11:27:25 FETCHED: NSE:ASIANPAINT-EQ - stored 403 completed 5-minute candles
2026-09-15T11:27:26 FETCHED: NSE:AXISBANK-EQ - stored 403 completed 5-minute candles
2026-09-15T11:27:26 FETCHED: NSE:BAJAJ-AUTO-EQ - stored 403 completed 5-minute candles
2026-09-15T11:27:28 FETCHED: NSE:BAJFINANCE-EQ - stored 403 completed 5-minute candles
2026-09-15T11:27:28 FETCHED: NSE:BAJAJFINSV-EQ - stored 403 completed 5-minute candles
2026-09-15T11:27:29 FETCHED: NSE:BEL-EQ - stored 403 completed 5-minute candles
2026-09-15T11:27:29 FETCHED: NSE:BHARTIARTL-EQ - stored 403 completed 5-minute candles
2026-09-15T11:27:30 FETCHED: NSE:CIPLA-EQ - stored 403 completed 5-minute candles
2026-09-15T11:27:30 FETCHED: NSE:COALINDIA-EQ - stored 403 completed 5-minute candles
2026-09-15T11:27:31 FETCHED: NSE:DRREDDY-EQ - stored 403 completed 5-minute candles
2026-09-15T11:27:31 FETCHED: NSE:EICHERMOT-EQ - stored 403 completed 5-minute candles
2026-09-15T11:27:33 FETCHED: NSE:ETERNAL-EQ - stored 403 completed 5-minute candles
2026-09-15T11:27:33 FETCHED: NSE:GRASIM-EQ - stored 403 completed 5-minute candles
2026-09-15T11:27:36 FETCHED: NSE:HCLTECH-EQ - stored 403 completed 5-minute candles
2026-09-15T11:27:37 FETCHED: NSE:HDFCBANK-EQ - stored 403 completed 5-minute candles
2026-09-15T11:27:38 FETCHED: NSE:HDFCLIFE-EQ - stored 403 completed 5-minute candles
2026-09-15T11:27:39 FETCHED: NSE:HINDALCO-EQ - stored 403 completed 5-minute candles
2026-09-15T11:27:39 FETCHED: NSE:HINDUNILVR-EQ - stored 403 completed 5-minute candles
2026-09-15T11:27:40 FETCHED: NSE:ICICIBANK-EQ - stored 403 completed 5-minute candles
2026-09-15T11:27:40 FETCHED: NSE:ITC-EQ - stored 403 completed 5-minute candles
2026-09-15T11:27:41 FETCHED: NSE:INFY-EQ - stored 403 completed 5-minute candles
2026-09-15T11:27:42 FETCHED: NSE:INDIGO-EQ - stored 403 completed 5-minute candles
2026-09-15T11:27:42 FETCHED: NSE:JSWSTEEL-EQ - stored 403 completed 5-minute candles
2026-09-15T11:27:43 FETCHED: NSE:JIOFIN-EQ - stored 403 completed 5-minute candles
2026-09-15T11:27:45 FETCHED: NSE:KOTAKBANK-EQ - stored 403 completed 5-minute candles
2026-09-15T11:27:46 FETCHED: NSE:LT-EQ - stored 403 completed 5-minute candles
2026-09-15T11:27:47 FETCHED: NSE:M&M-EQ - stored 403 completed 5-minute candles
2026-09-15T11:27:48 FETCHED: NSE:MARUTI-EQ - stored 403 completed 5-minute candles
2026-09-15T11:27:48 FETCHED: NSE:MAXHEALTH-EQ - stored 403 completed 5-minute candles
2026-09-15T11:27:49 FETCHED: NSE:NTPC-EQ - stored 403 completed 5-minute candles
2026-09-15T11:27:49 FETCHED: NSE:NESTLEIND-EQ - stored 403 completed 5-minute candles
2026-09-15T11:27:50 FETCHED: NSE:ONGC-EQ - stored 403 completed 5-minute candles
2026-09-15T11:27:50 FETCHED: NSE:POWERGRID-EQ - stored 404 completed 5-minute candles
2026-09-15T11:27:51 FETCHED: NSE:RELIANCE-EQ - stored 403 completed 5-minute candles
2026-09-15T11:27:51 FETCHED: NSE:SBILIFE-EQ - stored 403 completed 5-minute candles
2026-09-15T11:27:52 FETCHED: NSE:SHRIRAMFIN-EQ - stored 403 completed 5-minute candles
2026-09-15T11:27:53 FETCHED: NSE:SBIN-EQ - stored 403 completed 5-minute candles
2026-09-15T11:27:53 FETCHED: NSE:SUNPHARMA-EQ - stored 403 completed 5-minute candles
2026-09-15T11:27:53 FETCHED: NSE:TCS-EQ - stored 403 completed 5-minute candles
2026-09-15T11:27:54 FETCHED: NSE:TATACONSUM-EQ - stored 403 completed 5-minute candles
2026-09-15T11:27:54 FETCHED: NSE:TMPV-EQ - stored 403 completed 5-minute candles
2026-09-15T11:27:55 FETCHED: NSE:TATASTEEL-EQ - stored 403 completed 5-minute candles
2026-09-15T11:27:55 FETCHED: NSE:TECHM-EQ - stored 403 completed 5-minute candles
2026-09-15T11:27:55 FETCHED: NSE:TITAN-EQ - stored 403 completed 5-minute candles
2026-09-15T11:27:56 FETCHED: NSE:TRENT-EQ - stored 403 completed 5-minute candles
2026-09-15T11:27:56 FETCHED: NSE:ULTRACEMCO-EQ - stored 403 completed 5-minute candles
2026-09-15T11:27:56 FETCHED: NSE:WIPRO-EQ - stored 403 completed 5-minute candles
2026-09-15T11:28:26 FETCH_CYCLE: 2026-09-15T11:28:26+05:30
2026-09-15T11:28:28 FETCHED: NSE:ADANIENT-EQ - stored 403 completed 5-minute candles
2026-09-15T11:28:28 FETCHED: NSE:ADANIPORTS-EQ - stored 403 completed 5-minute candles
2026-09-15T11:28:28 FETCHED: NSE:APOLLOHOSP-EQ - stored 403 completed 5-minute candles
2026-09-15T11:28:29 FETCHED: NSE:ASIANPAINT-EQ - stored 403 completed 5-minute candles
2026-09-15T11:28:29 FETCHED: NSE:AXISBANK-EQ - stored 403 completed 5-minute candles
2026-09-15T11:28:29 FETCHED: NSE:BAJAJ-AUTO-EQ - stored 403 completed 5-minute candles
2026-09-15T11:28:30 FETCHED: NSE:BAJFINANCE-EQ - stored 403 completed 5-minute candles
2026-09-15T11:28:30 FETCHED: NSE:BAJAJFINSV-EQ - stored 403 completed 5-minute candles
2026-09-15T11:28:31 FETCHED: NSE:BEL-EQ - stored 403 completed 5-minute candles
2026-09-15T11:28:31 FETCHED: NSE:BHARTIARTL-EQ - stored 403 completed 5-minute candles
2026-09-15T11:28:31 FETCHED: NSE:CIPLA-EQ - stored 403 completed 5-minute candles
2026-09-15T11:28:32 FETCHED: NSE:COALINDIA-EQ - stored 403 completed 5-minute candles
2026-09-15T11:28:32 FETCHED: NSE:DRREDDY-EQ - stored 403 completed 5-minute candles
2026-09-15T11:28:32 FETCHED: NSE:EICHERMOT-EQ - stored 403 completed 5-minute candles
2026-09-15T11:28:33 FETCHED: NSE:ETERNAL-EQ - stored 403 completed 5-minute candles
2026-09-15T11:28:33 FETCHED: NSE:GRASIM-EQ - stored 403 completed 5-minute candles
2026-09-15T11:28:34 FETCHED: NSE:HCLTECH-EQ - stored 403 completed 5-minute candles
2026-09-15T11:28:34 FETCHED: NSE:HDFCBANK-EQ - stored 403 completed 5-minute candles
2026-09-15T11:28:34 FETCHED: NSE:HDFCLIFE-EQ - stored 403 completed 5-minute candles
2026-09-15T11:28:35 FETCHED: NSE:HINDALCO-EQ - stored 403 completed 5-minute candles
2026-09-15T11:28:35 FETCHED: NSE:HINDUNILVR-EQ - stored 403 completed 5-minute candles
2026-09-15T11:28:36 FETCHED: NSE:ICICIBANK-EQ - stored 403 completed 5-minute candles
2026-09-15T11:28:36 FETCHED: NSE:ITC-EQ - stored 403 completed 5-minute candles
2026-09-15T11:28:37 FETCHED: NSE:INFY-EQ - stored 403 completed 5-minute candles
2026-09-15T11:28:37 FETCHED: NSE:INDIGO-EQ - stored 403 completed 5-minute candles
2026-09-15T11:28:37 FETCHED: NSE:JSWSTEEL-EQ - stored 403 completed 5-minute candles
2026-09-15T11:28:38 FETCHED: NSE:JIOFIN-EQ - stored 403 completed 5-minute candles
2026-09-15T11:28:38 FETCHED: NSE:KOTAKBANK-EQ - stored 403 completed 5-minute candles
2026-09-15T11:28:38 FETCHED: NSE:LT-EQ - stored 403 completed 5-minute candles
2026-09-15T11:28:39 FETCHED: NSE:M&M-EQ - stored 403 completed 5-minute candles
2026-09-15T11:28:39 FETCHED: NSE:MARUTI-EQ - stored 403 completed 5-minute candles
2026-09-15T11:28:40 FETCHED: NSE:MAXHEALTH-EQ - stored 403 completed 5-minute candles
2026-09-15T11:28:40 FETCHED: NSE:NTPC-EQ - stored 403 completed 5-minute candles
2026-09-15T11:28:40 FETCHED: NSE:NESTLEIND-EQ - stored 403 completed 5-minute candles
2026-09-15T11:28:41 FETCHED: NSE:ONGC-EQ - stored 403 completed 5-minute candles
2026-09-15T11:28:41 FETCHED: NSE:POWERGRID-EQ - stored 404 completed 5-minute candles
2026-09-15T11:28:42 FETCHED: NSE:RELIANCE-EQ - stored 403 completed 5-minute candles
2026-09-15T11:28:42 FETCHED: NSE:SBILIFE-EQ - stored 403 completed 5-minute candles
2026-09-15T11:28:43 FETCHED: NSE:SHRIRAMFIN-EQ - stored 403 completed 5-minute candles
2026-09-15T11:28:43 FETCHED: NSE:SBIN-EQ - stored 403 completed 5-minute candles
2026-09-15T11:28:43 FETCHED: NSE:SUNPHARMA-EQ - stored 403 completed 5-minute candles
2026-09-15T11:28:44 FETCHED: NSE:TCS-EQ - stored 403 completed 5-minute candles
2026-09-15T11:28:44 FETCHED: NSE:TATACONSUM-EQ - stored 403 completed 5-minute candles
2026-09-15T11:28:45 FETCHED: NSE:TMPV-EQ - stored 403 completed 5-minute candles
2026-09-15T11:28:45 FETCHED: NSE:TATASTEEL-EQ - stored 403 completed 5-minute candles
2026-09-15T11:28:46 FETCHED: NSE:TECHM-EQ - stored 403 completed 5-minute candles
2026-09-15T11:28:46 FETCHED: NSE:TITAN-EQ - stored 403 completed 5-minute candles
2026-09-15T11:28:47 FETCHED: NSE:TRENT-EQ - stored 403 completed 5-minute candles
2026-09-15T11:28:47 FETCHED: NSE:ULTRACEMCO-EQ - stored 403 completed 5-minute candles
2026-09-15T11:28:48 FETCHED: NSE:WIPRO-EQ - stored 403 completed 5-minute candles
2026-09-15T11:29:18 FETCH_CYCLE: 2026-09-15T11:29:18+05:30
2026-09-15T11:29:18 FETCHED: NSE:ADANIENT-EQ - stored 403 completed 5-minute candles
2026-09-15T11:29:19 FETCHED: NSE:ADANIPORTS-EQ - stored 403 completed 5-minute candles
2026-09-15T11:29:19 FETCHED: NSE:APOLLOHOSP-EQ - stored 403 completed 5-minute candles
2026-09-15T11:29:20 FETCHED: NSE:ASIANPAINT-EQ - stored 403 completed 5-minute candles
2026-09-15T11:29:20 FETCHED: NSE:AXISBANK-EQ - stored 403 completed 5-minute candles
2026-09-15T11:29:25 FETCHED: NSE:BAJAJ-AUTO-EQ - stored 403 completed 5-minute candles
2026-09-15T11:29:33 FETCHED: NSE:BAJFINANCE-EQ - stored 403 completed 5-minute candles
2026-09-15T11:29:33 FETCHED: NSE:BAJAJFINSV-EQ - stored 403 completed 5-minute candles
2026-09-15T11:29:33 FETCHED: NSE:BEL-EQ - stored 403 completed 5-minute candles
2026-09-15T11:29:34 FETCHED: NSE:BHARTIARTL-EQ - stored 403 completed 5-minute candles
2026-09-15T11:29:34 FETCHED: NSE:CIPLA-EQ - stored 403 completed 5-minute candles
2026-09-15T11:29:35 FETCHED: NSE:COALINDIA-EQ - stored 403 completed 5-minute candles
2026-09-15T11:29:35 FETCHED: NSE:DRREDDY-EQ - stored 403 completed 5-minute candles
2026-09-15T11:29:36 FETCHED: NSE:EICHERMOT-EQ - stored 403 completed 5-minute candles
2026-09-15T11:29:36 FETCHED: NSE:ETERNAL-EQ - stored 403 completed 5-minute candles
2026-09-15T11:29:37 FETCHED: NSE:GRASIM-EQ - stored 403 completed 5-minute candles
2026-09-15T11:29:38 FETCHED: NSE:HCLTECH-EQ - stored 403 completed 5-minute candles
2026-09-15T11:29:38 FETCHED: NSE:HDFCBANK-EQ - stored 403 completed 5-minute candles
2026-09-15T11:29:39 FETCHED: NSE:HDFCLIFE-EQ - stored 403 completed 5-minute candles
2026-09-15T11:29:39 FETCHED: NSE:HINDALCO-EQ - stored 403 completed 5-minute candles
2026-09-15T11:29:40 FETCHED: NSE:HINDUNILVR-EQ - stored 403 completed 5-minute candles
2026-09-15T11:29:40 FETCHED: NSE:ICICIBANK-EQ - stored 403 completed 5-minute candles
2026-09-15T11:29:40 FETCHED: NSE:ITC-EQ - stored 403 completed 5-minute candles
2026-09-15T11:29:41 FETCHED: NSE:INFY-EQ - stored 403 completed 5-minute candles
2026-09-15T11:29:41 FETCHED: NSE:INDIGO-EQ - stored 403 completed 5-minute candles
2026-09-15T11:29:42 FETCHED: NSE:JSWSTEEL-EQ - stored 403 completed 5-minute candles
2026-09-15T11:29:42 FETCHED: NSE:JIOFIN-EQ - stored 403 completed 5-minute candles
2026-09-15T11:29:43 FETCHED: NSE:KOTAKBANK-EQ - stored 403 completed 5-minute candles
2026-09-15T11:29:43 FETCHED: NSE:LT-EQ - stored 403 completed 5-minute candles
2026-09-15T11:29:44 FETCHED: NSE:M&M-EQ - stored 403 completed 5-minute candles
2026-09-15T11:29:44 FETCHED: NSE:MARUTI-EQ - stored 403 completed 5-minute candles
2026-09-15T11:29:44 FETCHED: NSE:MAXHEALTH-EQ - stored 403 completed 5-minute candles
2026-09-15T11:29:45 FETCHED: NSE:NTPC-EQ - stored 403 completed 5-minute candles
2026-09-15T11:29:46 FETCHED: NSE:NESTLEIND-EQ - stored 403 completed 5-minute candles
2026-09-15T11:29:46 FETCHED: NSE:ONGC-EQ - stored 403 completed 5-minute candles
2026-09-15T11:29:47 FETCHED: NSE:POWERGRID-EQ - stored 404 completed 5-minute candles
2026-09-15T11:29:47 FETCHED: NSE:RELIANCE-EQ - stored 403 completed 5-minute candles
2026-09-15T11:29:47 FETCHED: NSE:SBILIFE-EQ - stored 403 completed 5-minute candles
2026-09-15T11:29:48 FETCHED: NSE:SHRIRAMFIN-EQ - stored 403 completed 5-minute candles
2026-09-15T11:29:48 FETCHED: NSE:SBIN-EQ - stored 403 completed 5-minute candles
2026-09-15T11:29:49 FETCHED: NSE:SUNPHARMA-EQ - stored 403 completed 5-minute candles
2026-09-15T11:29:49 FETCHED: NSE:TCS-EQ - stored 403 completed 5-minute candles
2026-09-15T11:29:50 FETCHED: NSE:TATACONSUM-EQ - stored 403 completed 5-minute candles
2026-09-15T11:29:50 FETCHED: NSE:TMPV-EQ - stored 403 completed 5-minute candles
2026-09-15T11:29:50 FETCHED: NSE:TATASTEEL-EQ - stored 403 completed 5-minute candles
2026-09-15T11:29:51 FETCHED: NSE:TECHM-EQ - stored 403 completed 5-minute candles
2026-09-15T11:29:51 FETCHED: NSE:TITAN-EQ - stored 403 completed 5-minute candles
2026-09-15T11:29:52 FETCHED: NSE:TRENT-EQ - stored 403 completed 5-minute candles
2026-09-15T11:29:52 FETCHED: NSE:ULTRACEMCO-EQ - stored 403 completed 5-minute candles
2026-09-15T11:29:53 FETCHED: NSE:WIPRO-EQ - stored 403 completed 5-minute candles
2026-09-15T11:30:23 FETCH_CYCLE: 2026-09-15T11:30:23+05:30
2026-09-15T11:30:24 FETCHED: NSE:ADANIENT-EQ - stored 404 completed 5-minute candles
2026-09-15T11:30:24 FETCHED: NSE:ADANIPORTS-EQ - stored 404 completed 5-minute candles
2026-09-15T11:30:25 FETCHED: NSE:APOLLOHOSP-EQ - stored 404 completed 5-minute candles
2026-09-15T11:30:25 FETCHED: NSE:ASIANPAINT-EQ - stored 404 completed 5-minute candles
2026-09-15T11:30:26 FETCHED: NSE:AXISBANK-EQ - stored 404 completed 5-minute candles
2026-09-15T11:30:26 FETCHED: NSE:BAJAJ-AUTO-EQ - stored 404 completed 5-minute candles
2026-09-15T11:30:27 FETCHED: NSE:BAJFINANCE-EQ - stored 404 completed 5-minute candles
2026-09-15T11:30:28 FETCHED: NSE:BAJAJFINSV-EQ - stored 404 completed 5-minute candles
2026-09-15T11:30:28 FETCHED: NSE:BEL-EQ - stored 404 completed 5-minute candles
2026-09-15T11:30:29 FETCHED: NSE:BHARTIARTL-EQ - stored 404 completed 5-minute candles
2026-09-15T11:30:30 FETCHED: NSE:CIPLA-EQ - stored 404 completed 5-minute candles
2026-09-15T11:30:30 FETCHED: NSE:COALINDIA-EQ - stored 404 completed 5-minute candles
2026-09-15T11:30:31 FETCHED: NSE:DRREDDY-EQ - stored 404 completed 5-minute candles
2026-09-15T11:30:32 FETCHED: NSE:EICHERMOT-EQ - stored 404 completed 5-minute candles
2026-09-15T11:30:32 FETCHED: NSE:ETERNAL-EQ - stored 404 completed 5-minute candles
2026-09-15T11:30:33 FETCHED: NSE:GRASIM-EQ - stored 404 completed 5-minute candles
2026-09-15T11:30:33 FETCHED: NSE:HCLTECH-EQ - stored 404 completed 5-minute candles
2026-09-15T11:30:33 FETCHED: NSE:HDFCBANK-EQ - stored 404 completed 5-minute candles
2026-09-15T11:30:34 FETCHED: NSE:HDFCLIFE-EQ - stored 404 completed 5-minute candles
2026-09-15T11:30:34 FETCHED: NSE:HINDALCO-EQ - stored 404 completed 5-minute candles
2026-09-15T11:30:35 FETCHED: NSE:HINDUNILVR-EQ - stored 404 completed 5-minute candles
2026-09-15T11:30:36 FETCHED: NSE:ICICIBANK-EQ - stored 404 completed 5-minute candles
2026-09-15T11:30:40 FETCHED: NSE:ITC-EQ - stored 404 completed 5-minute candles
2026-09-15T11:30:41 FETCHED: NSE:INFY-EQ - stored 404 completed 5-minute candles
2026-09-15T11:30:41 FETCHED: NSE:INDIGO-EQ - stored 404 completed 5-minute candles
2026-09-15T11:30:42 FETCHED: NSE:JSWSTEEL-EQ - stored 404 completed 5-minute candles
2026-09-15T11:30:43 FETCHED: NSE:JIOFIN-EQ - stored 404 completed 5-minute candles
2026-09-15T11:30:43 FETCHED: NSE:KOTAKBANK-EQ - stored 404 completed 5-minute candles
2026-09-15T11:30:44 FETCHED: NSE:LT-EQ - stored 404 completed 5-minute candles
2026-09-15T11:30:44 FETCHED: NSE:M&M-EQ - stored 404 completed 5-minute candles
2026-09-15T11:30:45 FETCHED: NSE:MARUTI-EQ - stored 404 completed 5-minute candles
2026-09-15T11:30:46 FETCHED: NSE:MAXHEALTH-EQ - stored 404 completed 5-minute candles
2026-09-15T11:30:46 FETCHED: NSE:NTPC-EQ - stored 404 completed 5-minute candles
2026-09-15T11:30:47 FETCHED: NSE:NESTLEIND-EQ - stored 404 completed 5-minute candles
2026-09-15T11:30:47 FETCHED: NSE:ONGC-EQ - stored 404 completed 5-minute candles
2026-09-15T11:30:48 FETCHED: NSE:POWERGRID-EQ - stored 405 completed 5-minute candles
2026-09-15T11:30:48 FETCHED: NSE:RELIANCE-EQ - stored 404 completed 5-minute candles
2026-09-15T11:30:49 FETCHED: NSE:SBILIFE-EQ - stored 404 completed 5-minute candles
2026-09-15T11:30:49 FETCHED: NSE:SHRIRAMFIN-EQ - stored 404 completed 5-minute candles
2026-09-15T11:30:49 FETCHED: NSE:SBIN-EQ - stored 404 completed 5-minute candles
2026-09-15T11:30:50 FETCHED: NSE:SUNPHARMA-EQ - stored 404 completed 5-minute candles
2026-09-15T11:30:50 FETCHED: NSE:TCS-EQ - stored 404 completed 5-minute candles
2026-09-15T11:30:51 FETCHED: NSE:TATACONSUM-EQ - stored 404 completed 5-minute candles
2026-09-15T11:30:51 FETCHED: NSE:TMPV-EQ - stored 404 completed 5-minute candles
2026-09-15T11:30:52 FETCHED: NSE:TATASTEEL-EQ - stored 404 completed 5-minute candles
2026-09-15T11:30:52 FETCHED: NSE:TECHM-EQ - stored 404 completed 5-minute candles
2026-09-15T11:30:53 FETCHED: NSE:TITAN-EQ - stored 404 completed 5-minute candles
2026-09-15T11:30:53 FETCHED: NSE:TRENT-EQ - stored 404 completed 5-minute candles
2026-09-15T11:30:53 FETCHED: NSE:ULTRACEMCO-EQ - stored 404 completed 5-minute candles
2026-09-15T11:30:54 FETCHED: NSE:WIPRO-EQ - stored 404 completed 5-minute candles
2026-09-15T11:31:24 FETCH_CYCLE: 2026-09-15T11:31:24+05:30
2026-09-15T11:31:25 FETCHED: NSE:ADANIENT-EQ - stored 404 completed 5-minute candles
2026-09-15T11:31:25 FETCHED: NSE:ADANIPORTS-EQ - stored 404 completed 5-minute candles
2026-09-15T11:31:26 FETCHED: NSE:APOLLOHOSP-EQ - stored 404 completed 5-minute candles
2026-09-15T11:31:26 FETCHED: NSE:ASIANPAINT-EQ - stored 404 completed 5-minute candles
2026-09-15T11:31:27 FETCHED: NSE:AXISBANK-EQ - stored 404 completed 5-minute candles
2026-09-15T11:31:27 FETCHED: NSE:BAJAJ-AUTO-EQ - stored 404 completed 5-minute candles
2026-09-15T11:31:27 FETCHED: NSE:BAJFINANCE-EQ - stored 404 completed 5-minute candles
2026-09-15T11:31:28 FETCHED: NSE:BAJAJFINSV-EQ - stored 404 completed 5-minute candles
2026-09-15T11:31:28 FETCHED: NSE:BEL-EQ - stored 404 completed 5-minute candles
2026-09-15T11:31:29 FETCHED: NSE:BHARTIARTL-EQ - stored 404 completed 5-minute candles
2026-09-15T11:31:29 FETCHED: NSE:CIPLA-EQ - stored 404 completed 5-minute candles
2026-09-15T11:31:29 FETCHED: NSE:COALINDIA-EQ - stored 404 completed 5-minute candles
2026-09-15T11:31:30 FETCHED: NSE:DRREDDY-EQ - stored 404 completed 5-minute candles
2026-09-15T11:31:30 FETCHED: NSE:EICHERMOT-EQ - stored 404 completed 5-minute candles
2026-09-15T11:31:31 FETCHED: NSE:ETERNAL-EQ - stored 404 completed 5-minute candles
2026-09-15T11:31:31 FETCHED: NSE:GRASIM-EQ - stored 404 completed 5-minute candles
2026-09-15T11:31:31 FETCHED: NSE:HCLTECH-EQ - stored 404 completed 5-minute candles
2026-09-15T11:31:32 FETCHED: NSE:HDFCBANK-EQ - stored 404 completed 5-minute candles
2026-09-15T11:31:32 FETCHED: NSE:HDFCLIFE-EQ - stored 404 completed 5-minute candles
2026-09-15T11:31:33 FETCHED: NSE:HINDALCO-EQ - stored 404 completed 5-minute candles
2026-09-15T11:31:33 FETCHED: NSE:HINDUNILVR-EQ - stored 404 completed 5-minute candles
2026-09-15T11:31:33 FETCHED: NSE:ICICIBANK-EQ - stored 404 completed 5-minute candles
2026-09-15T11:31:34 FETCHED: NSE:ITC-EQ - stored 404 completed 5-minute candles
2026-09-15T11:31:34 FETCHED: NSE:INFY-EQ - stored 404 completed 5-minute candles
2026-09-15T11:31:35 FETCHED: NSE:INDIGO-EQ - stored 404 completed 5-minute candles
2026-09-15T11:31:35 FETCHED: NSE:JSWSTEEL-EQ - stored 404 completed 5-minute candles
2026-09-15T11:31:35 FETCHED: NSE:JIOFIN-EQ - stored 404 completed 5-minute candles
2026-09-15T11:31:36 FETCHED: NSE:KOTAKBANK-EQ - stored 404 completed 5-minute candles
2026-09-15T11:31:36 FETCHED: NSE:LT-EQ - stored 404 completed 5-minute candles
2026-09-15T11:31:37 FETCHED: NSE:M&M-EQ - stored 404 completed 5-minute candles
2026-09-15T11:31:37 FETCHED: NSE:MARUTI-EQ - stored 404 completed 5-minute candles
2026-09-15T11:31:37 FETCHED: NSE:MAXHEALTH-EQ - stored 404 completed 5-minute candles
2026-09-15T11:31:38 FETCHED: NSE:NTPC-EQ - stored 404 completed 5-minute candles
2026-09-15T11:31:38 FETCHED: NSE:NESTLEIND-EQ - stored 404 completed 5-minute candles
2026-09-15T11:31:39 FETCHED: NSE:ONGC-EQ - stored 404 completed 5-minute candles
2026-09-15T11:31:39 FETCHED: NSE:POWERGRID-EQ - stored 405 completed 5-minute candles
2026-09-15T11:31:39 FETCHED: NSE:RELIANCE-EQ - stored 404 completed 5-minute candles
2026-09-15T11:31:40 FETCHED: NSE:SBILIFE-EQ - stored 404 completed 5-minute candles
2026-09-15T11:31:40 FETCHED: NSE:SHRIRAMFIN-EQ - stored 404 completed 5-minute candles
2026-09-15T11:31:41 FETCHED: NSE:SBIN-EQ - stored 404 completed 5-minute candles
2026-09-15T11:31:41 FETCHED: NSE:SUNPHARMA-EQ - stored 404 completed 5-minute candles
2026-09-15T11:31:41 FETCHED: NSE:TCS-EQ - stored 404 completed 5-minute candles
2026-09-15T11:31:42 FETCHED: NSE:TATACONSUM-EQ - stored 404 completed 5-minute candles
2026-09-15T11:31:42 FETCHED: NSE:TMPV-EQ - stored 404 completed 5-minute candles
2026-09-15T11:31:43 FETCHED: NSE:TATASTEEL-EQ - stored 404 completed 5-minute candles
2026-09-15T11:31:43 FETCHED: NSE:TECHM-EQ - stored 404 completed 5-minute candles
2026-09-15T11:31:43 FETCHED: NSE:TITAN-EQ - stored 404 completed 5-minute candles
2026-09-15T11:31:44 FETCHED: NSE:TRENT-EQ - stored 404 completed 5-minute candles
2026-09-15T11:31:44 FETCHED: NSE:ULTRACEMCO-EQ - stored 404 completed 5-minute candles
2026-09-15T11:31:45 FETCHED: NSE:WIPRO-EQ - stored 404 completed 5-minute candles
2026-09-15T11:32:15 FETCH_CYCLE: 2026-09-15T11:32:15+05:30
2026-09-15T11:32:16 FETCHED: NSE:ADANIENT-EQ - stored 404 completed 5-minute candles
2026-09-15T11:32:16 FETCHED: NSE:ADANIPORTS-EQ - stored 404 completed 5-minute candles
2026-09-15T11:32:17 FETCHED: NSE:APOLLOHOSP-EQ - stored 404 completed 5-minute candles
2026-09-15T11:32:17 FETCHED: NSE:ASIANPAINT-EQ - stored 404 completed 5-minute candles
2026-09-15T11:32:18 FETCHED: NSE:AXISBANK-EQ - stored 404 completed 5-minute candles
2026-09-15T11:32:18 FETCHED: NSE:BAJAJ-AUTO-EQ - stored 404 completed 5-minute candles
2026-09-15T11:32:19 FETCHED: NSE:BAJFINANCE-EQ - stored 404 completed 5-minute candles
2026-09-15T11:32:19 FETCHED: NSE:BAJAJFINSV-EQ - stored 404 completed 5-minute candles
2026-09-15T11:32:19 FETCHED: NSE:BEL-EQ - stored 404 completed 5-minute candles
2026-09-15T11:32:20 FETCHED: NSE:BHARTIARTL-EQ - stored 404 completed 5-minute candles
2026-09-15T11:32:20 FETCHED: NSE:CIPLA-EQ - stored 404 completed 5-minute candles
2026-09-15T11:32:20 FETCHED: NSE:COALINDIA-EQ - stored 404 completed 5-minute candles
2026-09-15T11:32:21 FETCHED: NSE:DRREDDY-EQ - stored 404 completed 5-minute candles
2026-09-15T11:32:21 FETCHED: NSE:EICHERMOT-EQ - stored 404 completed 5-minute candles
2026-09-15T11:32:22 FETCHED: NSE:ETERNAL-EQ - stored 404 completed 5-minute candles
2026-09-15T11:32:22 FETCHED: NSE:GRASIM-EQ - stored 404 completed 5-minute candles
2026-09-15T11:32:22 FETCHED: NSE:HCLTECH-EQ - stored 404 completed 5-minute candles
2026-09-15T11:32:23 FETCHED: NSE:HDFCBANK-EQ - stored 404 completed 5-minute candles
2026-09-15T11:32:23 FETCHED: NSE:HDFCLIFE-EQ - stored 404 completed 5-minute candles
2026-09-15T11:32:24 FETCHED: NSE:HINDALCO-EQ - stored 404 completed 5-minute candles
2026-09-15T11:32:24 FETCHED: NSE:HINDUNILVR-EQ - stored 404 completed 5-minute candles
2026-09-15T11:32:24 FETCHED: NSE:ICICIBANK-EQ - stored 404 completed 5-minute candles
2026-09-15T11:32:25 FETCHED: NSE:ITC-EQ - stored 404 completed 5-minute candles
2026-09-15T11:32:25 FETCHED: NSE:INFY-EQ - stored 404 completed 5-minute candles
2026-09-15T11:32:26 FETCHED: NSE:INDIGO-EQ - stored 404 completed 5-minute candles
2026-09-15T11:32:26 FETCHED: NSE:JSWSTEEL-EQ - stored 404 completed 5-minute candles
2026-09-15T11:32:26 FETCHED: NSE:JIOFIN-EQ - stored 404 completed 5-minute candles
2026-09-15T11:32:27 FETCHED: NSE:KOTAKBANK-EQ - stored 404 completed 5-minute candles
2026-09-15T11:32:27 FETCHED: NSE:LT-EQ - stored 404 completed 5-minute candles
2026-09-15T11:32:28 FETCHED: NSE:M&M-EQ - stored 404 completed 5-minute candles
2026-09-15T11:32:28 FETCHED: NSE:MARUTI-EQ - stored 404 completed 5-minute candles
2026-09-15T11:32:29 FETCHED: NSE:MAXHEALTH-EQ - stored 404 completed 5-minute candles
2026-09-15T11:32:29 FETCHED: NSE:NTPC-EQ - stored 404 completed 5-minute candles
2026-09-15T11:32:29 FETCHED: NSE:NESTLEIND-EQ - stored 404 completed 5-minute candles
2026-09-15T11:32:30 FETCHED: NSE:ONGC-EQ - stored 404 completed 5-minute candles
2026-09-15T11:32:30 FETCHED: NSE:POWERGRID-EQ - stored 405 completed 5-minute candles
2026-09-15T11:32:30 FETCHED: NSE:RELIANCE-EQ - stored 404 completed 5-minute candles
2026-09-15T11:32:31 FETCHED: NSE:SBILIFE-EQ - stored 404 completed 5-minute candles
2026-09-15T11:32:31 FETCHED: NSE:SHRIRAMFIN-EQ - stored 404 completed 5-minute candles
2026-09-15T11:32:32 FETCHED: NSE:SBIN-EQ - stored 404 completed 5-minute candles
2026-09-15T11:32:33 FETCHED: NSE:SUNPHARMA-EQ - stored 404 completed 5-minute candles
2026-09-15T11:32:33 FETCHED: NSE:TCS-EQ - stored 404 completed 5-minute candles
2026-09-15T11:32:34 FETCHED: NSE:TATACONSUM-EQ - stored 404 completed 5-minute candles
2026-09-15T11:32:34 FETCHED: NSE:TMPV-EQ - stored 404 completed 5-minute candles
2026-09-15T11:32:35 FETCHED: NSE:TATASTEEL-EQ - stored 404 completed 5-minute candles
2026-09-15T11:32:35 FETCHED: NSE:TECHM-EQ - stored 404 completed 5-minute candles
2026-09-15T11:32:36 FETCHED: NSE:TITAN-EQ - stored 404 completed 5-minute candles
2026-09-15T11:32:36 FETCHED: NSE:TRENT-EQ - stored 404 completed 5-minute candles
2026-09-15T11:32:37 FETCHED: NSE:ULTRACEMCO-EQ - stored 404 completed 5-minute candles
2026-09-15T11:32:38 FETCHED: NSE:WIPRO-EQ - stored 404 completed 5-minute candles
2026-09-15T11:33:08 FETCH_CYCLE: 2026-09-15T11:33:08+05:30
2026-09-15T11:33:09 FETCHED: NSE:ADANIENT-EQ - stored 404 completed 5-minute candles
2026-09-15T11:33:09 FETCHED: NSE:ADANIPORTS-EQ - stored 404 completed 5-minute candles
2026-09-15T11:33:09 FETCHED: NSE:APOLLOHOSP-EQ - stored 404 completed 5-minute candles
2026-09-15T11:33:10 FETCHED: NSE:ASIANPAINT-EQ - stored 404 completed 5-minute candles
2026-09-15T11:33:10 FETCHED: NSE:AXISBANK-EQ - stored 404 completed 5-minute candles
2026-09-15T11:33:18 FETCHED: NSE:BAJAJ-AUTO-EQ - stored 404 completed 5-minute candles
2026-09-15T11:33:18 FETCHED: NSE:BAJFINANCE-EQ - stored 404 completed 5-minute candles
2026-09-15T11:33:19 FETCHED: NSE:BAJAJFINSV-EQ - stored 404 completed 5-minute candles
2026-09-15T11:33:20 FETCHED: NSE:BEL-EQ - stored 404 completed 5-minute candles
2026-09-15T11:33:20 FETCHED: NSE:BHARTIARTL-EQ - stored 404 completed 5-minute candles
2026-09-15T11:33:22 FETCHED: NSE:CIPLA-EQ - stored 404 completed 5-minute candles
2026-09-15T11:33:22 FETCHED: NSE:COALINDIA-EQ - stored 404 completed 5-minute candles
2026-09-15T11:33:23 FETCHED: NSE:DRREDDY-EQ - stored 404 completed 5-minute candles
2026-09-15T11:33:24 FETCHED: NSE:EICHERMOT-EQ - stored 404 completed 5-minute candles
2026-09-15T11:33:24 FETCHED: NSE:ETERNAL-EQ - stored 404 completed 5-minute candles
2026-09-15T11:33:25 FETCHED: NSE:GRASIM-EQ - stored 404 completed 5-minute candles
2026-09-15T11:33:25 FETCHED: NSE:HCLTECH-EQ - stored 404 completed 5-minute candles
2026-09-15T11:33:26 FETCHED: NSE:HDFCBANK-EQ - stored 404 completed 5-minute candles
2026-09-15T11:33:26 FETCHED: NSE:HDFCLIFE-EQ - stored 404 completed 5-minute candles
2026-09-15T11:33:27 FETCHED: NSE:HINDALCO-EQ - stored 404 completed 5-minute candles
2026-09-15T11:33:27 FETCHED: NSE:HINDUNILVR-EQ - stored 404 completed 5-minute candles
2026-09-15T11:33:27 FETCHED: NSE:ICICIBANK-EQ - stored 404 completed 5-minute candles
2026-09-15T11:33:28 FETCHED: NSE:ITC-EQ - stored 404 completed 5-minute candles
2026-09-15T11:33:28 FETCHED: NSE:INFY-EQ - stored 404 completed 5-minute candles
2026-09-15T11:33:29 FETCHED: NSE:INDIGO-EQ - stored 404 completed 5-minute candles
2026-09-15T11:33:29 FETCHED: NSE:JSWSTEEL-EQ - stored 404 completed 5-minute candles
2026-09-15T11:33:29 FETCHED: NSE:JIOFIN-EQ - stored 404 completed 5-minute candles
2026-09-15T11:33:30 FETCHED: NSE:KOTAKBANK-EQ - stored 404 completed 5-minute candles
2026-09-15T11:33:30 FETCHED: NSE:LT-EQ - stored 404 completed 5-minute candles
2026-09-15T11:33:31 FETCHED: NSE:M&M-EQ - stored 404 completed 5-minute candles
2026-09-15T11:33:31 FETCHED: NSE:MARUTI-EQ - stored 404 completed 5-minute candles
2026-09-15T11:33:31 FETCHED: NSE:MAXHEALTH-EQ - stored 404 completed 5-minute candles
2026-09-15T11:33:32 FETCHED: NSE:NTPC-EQ - stored 404 completed 5-minute candles
2026-09-15T11:33:32 FETCHED: NSE:NESTLEIND-EQ - stored 404 completed 5-minute candles
2026-09-15T11:33:33 FETCHED: NSE:ONGC-EQ - stored 404 completed 5-minute candles
2026-09-15T11:33:33 FETCHED: NSE:POWERGRID-EQ - stored 405 completed 5-minute candles
2026-09-15T11:33:34 FETCHED: NSE:RELIANCE-EQ - stored 404 completed 5-minute candles
2026-09-15T11:33:34 FETCHED: NSE:SBILIFE-EQ - stored 404 completed 5-minute candles
2026-09-15T11:33:35 FETCHED: NSE:SHRIRAMFIN-EQ - stored 404 completed 5-minute candles
2026-09-15T11:33:35 FETCHED: NSE:SBIN-EQ - stored 404 completed 5-minute candles
2026-09-15T11:33:36 FETCHED: NSE:SUNPHARMA-EQ - stored 404 completed 5-minute candles
2026-09-15T11:33:36 FETCHED: NSE:TCS-EQ - stored 404 completed 5-minute candles
2026-09-15T11:33:39 FETCHED: NSE:TATACONSUM-EQ - stored 404 completed 5-minute candles
2026-09-15T11:33:39 FETCHED: NSE:TMPV-EQ - stored 404 completed 5-minute candles
2026-09-15T11:33:40 FETCHED: NSE:TATASTEEL-EQ - stored 404 completed 5-minute candles
2026-09-15T11:33:41 FETCHED: NSE:TECHM-EQ - stored 404 completed 5-minute candles
2026-09-15T11:33:41 FETCHED: NSE:TITAN-EQ - stored 404 completed 5-minute candles
2026-09-15T11:33:42 FETCHED: NSE:TRENT-EQ - stored 404 completed 5-minute candles
2026-09-15T11:33:42 FETCHED: NSE:ULTRACEMCO-EQ - stored 404 completed 5-minute candles
2026-09-15T11:33:43 FETCHED: NSE:WIPRO-EQ - stored 404 completed 5-minute candles
2026-09-15T11:34:13 FETCH_CYCLE: 2026-09-15T11:34:13+05:30
2026-09-15T11:34:13 FETCHED: NSE:ADANIENT-EQ - stored 404 completed 5-minute candles
2026-09-15T11:34:14 FETCHED: NSE:ADANIPORTS-EQ - stored 404 completed 5-minute candles
2026-09-15T11:34:22 FETCHED: NSE:APOLLOHOSP-EQ - stored 404 completed 5-minute candles
2026-09-15T11:34:23 FETCHED: NSE:ASIANPAINT-EQ - stored 404 completed 5-minute candles
2026-09-15T11:34:23 FETCHED: NSE:AXISBANK-EQ - stored 404 completed 5-minute candles
2026-09-15T11:34:25 FETCHED: NSE:BAJAJ-AUTO-EQ - stored 404 completed 5-minute candles
2026-09-15T11:34:27 FETCHED: NSE:BAJFINANCE-EQ - stored 404 completed 5-minute candles
2026-09-15T11:34:29 FETCHED: NSE:BAJAJFINSV-EQ - stored 404 completed 5-minute candles
2026-09-15T11:34:30 FETCHED: NSE:BEL-EQ - stored 404 completed 5-minute candles
2026-09-15T11:34:31 FETCHED: NSE:BHARTIARTL-EQ - stored 404 completed 5-minute candles
2026-09-15T11:34:36 FETCHED: NSE:CIPLA-EQ - stored 404 completed 5-minute candles
2026-09-15T11:34:37 FETCHED: NSE:COALINDIA-EQ - stored 404 completed 5-minute candles
2026-09-15T11:34:38 FETCHED: NSE:DRREDDY-EQ - stored 404 completed 5-minute candles
2026-09-15T11:34:38 FETCHED: NSE:EICHERMOT-EQ - stored 404 completed 5-minute candles
2026-09-15T11:34:40 FETCHED: NSE:ETERNAL-EQ - stored 404 completed 5-minute candles
2026-09-15T11:34:40 FETCHED: NSE:GRASIM-EQ - stored 404 completed 5-minute candles
2026-09-15T11:34:42 FETCHED: NSE:HCLTECH-EQ - stored 404 completed 5-minute candles
2026-09-15T11:34:43 FETCHED: NSE:HDFCBANK-EQ - stored 404 completed 5-minute candles
2026-09-15T11:34:43 FETCHED: NSE:HDFCLIFE-EQ - stored 404 completed 5-minute candles
2026-09-15T11:34:44 FETCHED: NSE:HINDALCO-EQ - stored 404 completed 5-minute candles
2026-09-15T11:34:45 FETCHED: NSE:HINDUNILVR-EQ - stored 404 completed 5-minute candles
2026-09-15T11:34:45 FETCHED: NSE:ICICIBANK-EQ - stored 404 completed 5-minute candles
2026-09-15T11:34:46 FETCHED: NSE:ITC-EQ - stored 404 completed 5-minute candles
2026-09-15T11:34:46 FETCHED: NSE:INFY-EQ - stored 404 completed 5-minute candles
2026-09-15T11:34:47 FETCHED: NSE:INDIGO-EQ - stored 404 completed 5-minute candles
2026-09-15T11:34:48 FETCHED: NSE:JSWSTEEL-EQ - stored 404 completed 5-minute candles
2026-09-15T11:34:50 FETCHED: NSE:JIOFIN-EQ - stored 404 completed 5-minute candles
2026-09-15T11:34:51 FETCHED: NSE:KOTAKBANK-EQ - stored 404 completed 5-minute candles
2026-09-15T11:34:51 FETCHED: NSE:LT-EQ - stored 404 completed 5-minute candles
2026-09-15T11:34:52 FETCHED: NSE:M&M-EQ - stored 404 completed 5-minute candles
2026-09-15T11:34:52 FETCHED: NSE:MARUTI-EQ - stored 404 completed 5-minute candles
2026-09-15T11:34:52 FETCHED: NSE:MAXHEALTH-EQ - stored 404 completed 5-minute candles
2026-09-15T11:34:53 FETCHED: NSE:NTPC-EQ - stored 404 completed 5-minute candles
2026-09-15T11:34:54 FETCHED: NSE:NESTLEIND-EQ - stored 404 completed 5-minute candles
2026-09-15T11:34:55 FETCHED: NSE:ONGC-EQ - stored 404 completed 5-minute candles
2026-09-15T11:34:55 FETCHED: NSE:POWERGRID-EQ - stored 405 completed 5-minute candles
2026-09-15T11:34:56 FETCHED: NSE:RELIANCE-EQ - stored 404 completed 5-minute candles
2026-09-15T11:34:57 FETCHED: NSE:SBILIFE-EQ - stored 404 completed 5-minute candles
2026-09-15T11:34:58 FETCHED: NSE:SHRIRAMFIN-EQ - stored 404 completed 5-minute candles
2026-09-15T11:34:59 FETCHED: NSE:SBIN-EQ - stored 404 completed 5-minute candles
2026-09-15T11:35:00 FETCHED: NSE:SUNPHARMA-EQ - stored 404 completed 5-minute candles
2026-09-15T11:35:01 FETCHED: NSE:TCS-EQ - stored 404 completed 5-minute candles
2026-09-15T11:35:04 FETCHED: NSE:TATACONSUM-EQ - stored 405 completed 5-minute candles
2026-09-15T11:35:05 FETCHED: NSE:TMPV-EQ - stored 405 completed 5-minute candles
2026-09-15T11:35:07 FETCHED: NSE:TATASTEEL-EQ - stored 405 completed 5-minute candles
2026-09-15T11:35:08 FETCHED: NSE:TECHM-EQ - stored 405 completed 5-minute candles
2026-09-15T11:35:08 FETCHED: NSE:TITAN-EQ - stored 405 completed 5-minute candles
2026-09-15T11:35:10 FETCHED: NSE:TRENT-EQ - stored 405 completed 5-minute candles
2026-09-15T11:35:11 FETCHED: NSE:ULTRACEMCO-EQ - stored 405 completed 5-minute candles
2026-09-15T11:35:13 FETCHED: NSE:WIPRO-EQ - stored 405 completed 5-minute candles
2026-09-15T11:35:43 FETCH_CYCLE: 2026-09-15T11:35:43+05:30
2026-09-15T11:35:46 FETCHED: NSE:ADANIENT-EQ - stored 405 completed 5-minute candles
2026-09-15T11:35:46 FETCHED: NSE:ADANIPORTS-EQ - stored 405 completed 5-minute candles
2026-09-15T11:35:47 FETCHED: NSE:APOLLOHOSP-EQ - stored 405 completed 5-minute candles
2026-09-15T11:35:48 FETCHED: NSE:ASIANPAINT-EQ - stored 405 completed 5-minute candles
2026-09-15T11:35:48 FETCHED: NSE:AXISBANK-EQ - stored 405 completed 5-minute candles
2026-09-15T11:35:49 FETCHED: NSE:BAJAJ-AUTO-EQ - stored 405 completed 5-minute candles
2026-09-15T11:35:49 FETCHED: NSE:BAJFINANCE-EQ - stored 405 completed 5-minute candles
2026-09-15T11:35:50 FETCHED: NSE:BAJAJFINSV-EQ - stored 405 completed 5-minute candles
2026-09-15T11:35:50 FETCHED: NSE:BEL-EQ - stored 405 completed 5-minute candles
2026-09-15T11:35:51 FETCHED: NSE:BHARTIARTL-EQ - stored 405 completed 5-minute candles
2026-09-15T11:35:51 FETCHED: NSE:CIPLA-EQ - stored 405 completed 5-minute candles
2026-09-15T11:35:52 FETCHED: NSE:COALINDIA-EQ - stored 405 completed 5-minute candles
2026-09-15T11:35:53 FETCHED: NSE:DRREDDY-EQ - stored 405 completed 5-minute candles
2026-09-15T11:35:53 FETCHED: NSE:EICHERMOT-EQ - stored 405 completed 5-minute candles
2026-09-15T11:35:55 FETCHED: NSE:ETERNAL-EQ - stored 405 completed 5-minute candles
2026-09-15T11:35:55 FETCHED: NSE:GRASIM-EQ - stored 405 completed 5-minute candles
2026-09-15T11:35:56 FETCHED: NSE:HCLTECH-EQ - stored 405 completed 5-minute candles
2026-09-15T11:35:57 FETCHED: NSE:HDFCBANK-EQ - stored 405 completed 5-minute candles
2026-09-15T11:35:57 FETCHED: NSE:HDFCLIFE-EQ - stored 405 completed 5-minute candles
2026-09-15T11:35:58 FETCHED: NSE:HINDALCO-EQ - stored 405 completed 5-minute candles
2026-09-15T11:35:59 FETCHED: NSE:HINDUNILVR-EQ - stored 405 completed 5-minute candles
2026-09-15T11:35:59 FETCHED: NSE:ICICIBANK-EQ - stored 405 completed 5-minute candles
2026-09-15T11:36:00 FETCHED: NSE:ITC-EQ - stored 405 completed 5-minute candles
2026-09-15T11:36:00 FETCHED: NSE:INFY-EQ - stored 405 completed 5-minute candles
2026-09-15T11:36:01 FETCHED: NSE:INDIGO-EQ - stored 405 completed 5-minute candles
2026-09-15T11:36:01 FETCHED: NSE:JSWSTEEL-EQ - stored 405 completed 5-minute candles
2026-09-15T11:36:02 FETCHED: NSE:JIOFIN-EQ - stored 405 completed 5-minute candles
2026-09-15T11:36:02 FETCHED: NSE:KOTAKBANK-EQ - stored 405 completed 5-minute candles
2026-09-15T11:36:03 FETCHED: NSE:LT-EQ - stored 405 completed 5-minute candles
2026-09-15T11:36:03 FETCHED: NSE:M&M-EQ - stored 405 completed 5-minute candles
2026-09-15T11:36:04 FETCHED: NSE:MARUTI-EQ - stored 405 completed 5-minute candles
2026-09-15T11:36:05 FETCHED: NSE:MAXHEALTH-EQ - stored 405 completed 5-minute candles
2026-09-15T11:36:06 FETCHED: NSE:NTPC-EQ - stored 405 completed 5-minute candles
2026-09-15T11:36:06 FETCHED: NSE:NESTLEIND-EQ - stored 405 completed 5-minute candles
2026-09-15T11:36:07 FETCHED: NSE:ONGC-EQ - stored 405 completed 5-minute candles
2026-09-15T11:36:08 FETCHED: NSE:POWERGRID-EQ - stored 406 completed 5-minute candles
2026-09-15T11:36:08 FETCHED: NSE:RELIANCE-EQ - stored 405 completed 5-minute candles
2026-09-15T11:36:09 FETCHED: NSE:SBILIFE-EQ - stored 405 completed 5-minute candles
2026-09-15T11:36:09 FETCHED: NSE:SHRIRAMFIN-EQ - stored 405 completed 5-minute candles
2026-09-15T11:36:10 FETCHED: NSE:SBIN-EQ - stored 405 completed 5-minute candles
2026-09-15T11:36:10 FETCHED: NSE:SUNPHARMA-EQ - stored 405 completed 5-minute candles
2026-09-15T11:36:11 FETCHED: NSE:TCS-EQ - stored 405 completed 5-minute candles
2026-09-15T11:36:12 FETCHED: NSE:TATACONSUM-EQ - stored 405 completed 5-minute candles
2026-09-15T11:36:13 FETCHED: NSE:TMPV-EQ - stored 405 completed 5-minute candles
2026-09-15T11:36:13 FETCHED: NSE:TATASTEEL-EQ - stored 405 completed 5-minute candles
2026-09-15T11:36:14 FETCHED: NSE:TECHM-EQ - stored 405 completed 5-minute candles
2026-09-15T11:36:15 FETCHED: NSE:TITAN-EQ - stored 405 completed 5-minute candles
2026-09-15T11:36:15 FETCHED: NSE:TRENT-EQ - stored 405 completed 5-minute candles
2026-09-15T11:36:16 FETCHED: NSE:ULTRACEMCO-EQ - stored 405 completed 5-minute candles
2026-09-15T11:36:16 FETCHED: NSE:WIPRO-EQ - stored 405 completed 5-minute candles
2026-09-15T11:36:46 FETCH_CYCLE: 2026-09-15T11:36:46+05:30
2026-09-15T11:36:48 FETCHED: NSE:ADANIENT-EQ - stored 405 completed 5-minute candles
2026-09-15T11:36:48 FETCHED: NSE:ADANIPORTS-EQ - stored 405 completed 5-minute candles
2026-09-15T11:36:49 FETCHED: NSE:APOLLOHOSP-EQ - stored 405 completed 5-minute candles
2026-09-15T11:36:49 FETCHED: NSE:ASIANPAINT-EQ - stored 405 completed 5-minute candles
2026-09-15T11:36:50 FETCHED: NSE:AXISBANK-EQ - stored 405 completed 5-minute candles
2026-09-15T11:36:50 FETCHED: NSE:BAJAJ-AUTO-EQ - stored 405 completed 5-minute candles
2026-09-15T11:36:51 FETCHED: NSE:BAJFINANCE-EQ - stored 405 completed 5-minute candles
2026-09-15T11:36:52 FETCHED: NSE:BAJAJFINSV-EQ - stored 405 completed 5-minute candles
2026-09-15T11:36:52 FETCHED: NSE:BEL-EQ - stored 405 completed 5-minute candles
2026-09-15T11:36:52 FETCHED: NSE:BHARTIARTL-EQ - stored 405 completed 5-minute candles
2026-09-15T11:36:53 FETCHED: NSE:CIPLA-EQ - stored 405 completed 5-minute candles
2026-09-15T11:36:54 FETCHED: NSE:COALINDIA-EQ - stored 405 completed 5-minute candles
2026-09-15T11:36:54 FETCHED: NSE:DRREDDY-EQ - stored 405 completed 5-minute candles
2026-09-15T11:36:55 FETCHED: NSE:EICHERMOT-EQ - stored 405 completed 5-minute candles
2026-09-15T11:36:55 FETCHED: NSE:ETERNAL-EQ - stored 405 completed 5-minute candles
2026-09-15T11:36:56 FETCHED: NSE:GRASIM-EQ - stored 405 completed 5-minute candles
2026-09-15T11:36:56 FETCHED: NSE:HCLTECH-EQ - stored 405 completed 5-minute candles
2026-09-15T11:36:57 FETCHED: NSE:HDFCBANK-EQ - stored 405 completed 5-minute candles
2026-09-15T11:36:57 FETCHED: NSE:HDFCLIFE-EQ - stored 405 completed 5-minute candles
2026-09-15T11:36:58 FETCHED: NSE:HINDALCO-EQ - stored 405 completed 5-minute candles
2026-09-15T11:36:59 FETCHED: NSE:HINDUNILVR-EQ - stored 405 completed 5-minute candles
2026-09-15T11:37:00 FETCHED: NSE:ICICIBANK-EQ - stored 405 completed 5-minute candles
2026-09-15T11:37:02 FETCHED: NSE:ITC-EQ - stored 405 completed 5-minute candles
2026-09-15T11:37:04 FETCHED: NSE:INFY-EQ - stored 405 completed 5-minute candles
2026-09-15T11:37:05 FETCHED: NSE:INDIGO-EQ - stored 405 completed 5-minute candles
2026-09-15T11:37:06 FETCHED: NSE:JSWSTEEL-EQ - stored 405 completed 5-minute candles
2026-09-15T11:37:07 FETCHED: NSE:JIOFIN-EQ - stored 405 completed 5-minute candles
2026-09-15T11:37:07 FETCHED: NSE:KOTAKBANK-EQ - stored 405 completed 5-minute candles
2026-09-15T11:37:08 FETCHED: NSE:LT-EQ - stored 405 completed 5-minute candles
2026-09-15T11:37:08 FETCHED: NSE:M&M-EQ - stored 405 completed 5-minute candles
2026-09-15T11:37:09 FETCHED: NSE:MARUTI-EQ - stored 405 completed 5-minute candles
2026-09-15T11:37:10 FETCHED: NSE:MAXHEALTH-EQ - stored 405 completed 5-minute candles
2026-09-15T11:37:10 FETCHED: NSE:NTPC-EQ - stored 405 completed 5-minute candles
2026-09-15T11:37:11 FETCHED: NSE:NESTLEIND-EQ - stored 405 completed 5-minute candles
2026-09-15T11:37:12 FETCHED: NSE:ONGC-EQ - stored 405 completed 5-minute candles
2026-09-15T11:37:12 FETCHED: NSE:POWERGRID-EQ - stored 406 completed 5-minute candles
2026-09-15T11:37:13 FETCHED: NSE:RELIANCE-EQ - stored 405 completed 5-minute candles
2026-09-15T11:37:13 FETCHED: NSE:SBILIFE-EQ - stored 405 completed 5-minute candles
2026-09-15T11:37:14 FETCHED: NSE:SHRIRAMFIN-EQ - stored 405 completed 5-minute candles
2026-09-15T11:37:14 FETCHED: NSE:SBIN-EQ - stored 405 completed 5-minute candles
2026-09-15T11:37:15 FETCHED: NSE:SUNPHARMA-EQ - stored 405 completed 5-minute candles
2026-09-15T11:37:16 FETCHED: NSE:TCS-EQ - stored 405 completed 5-minute candles
2026-09-15T11:37:16 FETCHED: NSE:TATACONSUM-EQ - stored 405 completed 5-minute candles
2026-09-15T11:37:16 FETCHED: NSE:TMPV-EQ - stored 405 completed 5-minute candles
2026-09-15T11:37:17 FETCHED: NSE:TATASTEEL-EQ - stored 405 completed 5-minute candles
2026-09-15T11:37:17 FETCHED: NSE:TECHM-EQ - stored 405 completed 5-minute candles
2026-09-15T11:37:17 FETCHED: NSE:TITAN-EQ - stored 405 completed 5-minute candles
2026-09-15T11:37:18 FETCHED: NSE:TRENT-EQ - stored 405 completed 5-minute candles
2026-09-15T11:37:18 FETCHED: NSE:ULTRACEMCO-EQ - stored 405 completed 5-minute candles
2026-09-15T11:37:18 FETCHED: NSE:WIPRO-EQ - stored 405 completed 5-minute candles
2026-09-15T11:37:49 FETCH_CYCLE: 2026-09-15T11:37:49+05:30
2026-09-15T11:37:56 FETCHED: NSE:ADANIENT-EQ - stored 405 completed 5-minute candles
2026-09-15T11:37:56 FETCHED: NSE:ADANIPORTS-EQ - stored 405 completed 5-minute candles
2026-09-15T11:37:57 FETCHED: NSE:APOLLOHOSP-EQ - stored 405 completed 5-minute candles
2026-09-15T11:37:58 FETCHED: NSE:ASIANPAINT-EQ - stored 405 completed 5-minute candles
2026-09-15T11:37:59 FETCHED: NSE:AXISBANK-EQ - stored 405 completed 5-minute candles
2026-09-15T11:38:00 FETCHED: NSE:BAJAJ-AUTO-EQ - stored 405 completed 5-minute candles
2026-09-15T11:38:01 FETCHED: NSE:BAJFINANCE-EQ - stored 405 completed 5-minute candles
2026-09-15T11:38:03 FETCHED: NSE:BAJAJFINSV-EQ - stored 405 completed 5-minute candles
2026-09-15T11:38:05 FETCHED: NSE:BEL-EQ - stored 405 completed 5-minute candles
2026-09-15T11:38:07 FETCHED: NSE:BHARTIARTL-EQ - stored 405 completed 5-minute candles
2026-09-15T11:38:08 FETCHED: NSE:CIPLA-EQ - stored 405 completed 5-minute candles
2026-09-15T11:38:10 FETCHED: NSE:COALINDIA-EQ - stored 405 completed 5-minute candles
2026-09-15T11:38:12 FETCHED: NSE:DRREDDY-EQ - stored 405 completed 5-minute candles
2026-09-15T11:38:14 FETCHED: NSE:EICHERMOT-EQ - stored 405 completed 5-minute candles
2026-09-15T11:38:17 FETCHED: NSE:ETERNAL-EQ - stored 405 completed 5-minute candles
2026-09-15T11:38:47 FETCHED: NSE:GRASIM-EQ - stored 405 completed 5-minute candles
2026-09-15T11:38:48 FETCHED: NSE:HCLTECH-EQ - stored 405 completed 5-minute candles
2026-09-15T11:38:49 FETCHED: NSE:HDFCBANK-EQ - stored 405 completed 5-minute candles
2026-09-15T11:38:50 FETCHED: NSE:HDFCLIFE-EQ - stored 405 completed 5-minute candles
2026-09-15T11:38:51 FETCHED: NSE:HINDALCO-EQ - stored 405 completed 5-minute candles
2026-09-15T11:38:52 FETCHED: NSE:HINDUNILVR-EQ - stored 405 completed 5-minute candles
2026-09-15T11:38:53 FETCHED: NSE:ICICIBANK-EQ - stored 405 completed 5-minute candles
2026-09-15T11:38:54 FETCHED: NSE:ITC-EQ - stored 405 completed 5-minute candles
2026-09-15T11:38:55 FETCHED: NSE:INFY-EQ - stored 405 completed 5-minute candles
2026-09-15T11:38:56 FETCHED: NSE:INDIGO-EQ - stored 405 completed 5-minute candles
2026-09-15T11:39:00 FETCHED: NSE:JSWSTEEL-EQ - stored 405 completed 5-minute candles
2026-09-15T11:39:04 FETCHED: NSE:JIOFIN-EQ - stored 405 completed 5-minute candles
2026-09-15T11:39:25 FETCHED: NSE:KOTAKBANK-EQ - stored 405 completed 5-minute candles
2026-09-15T11:39:26 FETCHED: NSE:LT-EQ - stored 405 completed 5-minute candles
2026-09-15T11:39:26 FETCHED: NSE:M&M-EQ - stored 405 completed 5-minute candles
2026-09-15T11:39:27 FETCHED: NSE:MARUTI-EQ - stored 405 completed 5-minute candles
2026-09-15T11:39:28 FETCHED: NSE:MAXHEALTH-EQ - stored 405 completed 5-minute candles
2026-09-15T11:39:29 FETCHED: NSE:NTPC-EQ - stored 405 completed 5-minute candles
2026-09-15T11:39:30 FETCHED: NSE:NESTLEIND-EQ - stored 405 completed 5-minute candles
2026-09-15T11:39:30 FETCHED: NSE:ONGC-EQ - stored 405 completed 5-minute candles
2026-09-15T11:39:31 FETCHED: NSE:POWERGRID-EQ - stored 406 completed 5-minute candles
2026-09-15T11:39:33 FETCHED: NSE:RELIANCE-EQ - stored 405 completed 5-minute candles
2026-09-15T11:39:34 FETCHED: NSE:SBILIFE-EQ - stored 405 completed 5-minute candles
2026-09-15T11:39:35 FETCHED: NSE:SHRIRAMFIN-EQ - stored 405 completed 5-minute candles
2026-09-15T11:39:36 FETCHED: NSE:SBIN-EQ - stored 405 completed 5-minute candles
2026-09-15T11:39:37 FETCHED: NSE:SUNPHARMA-EQ - stored 405 completed 5-minute candles
2026-09-15T11:39:37 FETCHED: NSE:TCS-EQ - stored 405 completed 5-minute candles
2026-09-15T11:39:38 FETCHED: NSE:TATACONSUM-EQ - stored 405 completed 5-minute candles
2026-09-15T11:39:38 FETCHED: NSE:TMPV-EQ - stored 405 completed 5-minute candles
2026-09-15T11:39:38 FETCHED: NSE:TATASTEEL-EQ - stored 405 completed 5-minute candles
2026-09-15T11:39:39 FETCHED: NSE:TECHM-EQ - stored 405 completed 5-minute candles
2026-09-15T11:39:40 FETCHED: NSE:TITAN-EQ - stored 405 completed 5-minute candles
2026-09-15T11:39:41 FETCHED: NSE:TRENT-EQ - stored 405 completed 5-minute candles
2026-09-15T11:39:42 FETCHED: NSE:ULTRACEMCO-EQ - stored 405 completed 5-minute candles
2026-09-15T11:39:43 FETCHED: NSE:WIPRO-EQ - stored 405 completed 5-minute candles
2026-09-15T11:40:15 FETCH_CYCLE: 2026-09-15T11:40:14+05:30
2026-09-15T11:40:28 FETCHED: NSE:ADANIENT-EQ - stored 406 completed 5-minute candles
2026-09-15T11:40:29 FETCHED: NSE:ADANIPORTS-EQ - stored 406 completed 5-minute candles
2026-09-15T11:40:31 FETCHED: NSE:APOLLOHOSP-EQ - stored 406 completed 5-minute candles
2026-09-15T11:40:33 FETCHED: NSE:ASIANPAINT-EQ - stored 406 completed 5-minute candles
2026-09-15T11:40:34 FETCHED: NSE:AXISBANK-EQ - stored 406 completed 5-minute candles
2026-09-15T11:40:35 FETCHED: NSE:BAJAJ-AUTO-EQ - stored 406 completed 5-minute candles
2026-09-15T11:40:37 FETCHED: NSE:BAJFINANCE-EQ - stored 406 completed 5-minute candles
2026-09-15T11:40:38 FETCHED: NSE:BAJAJFINSV-EQ - stored 406 completed 5-minute candles
2026-09-15T11:40:38 FETCHED: NSE:BEL-EQ - stored 406 completed 5-minute candles
2026-09-15T11:40:39 FETCHED: NSE:BHARTIARTL-EQ - stored 406 completed 5-minute candles
2026-09-15T11:40:40 FETCHED: NSE:CIPLA-EQ - stored 406 completed 5-minute candles
2026-09-15T11:40:40 FETCHED: NSE:COALINDIA-EQ - stored 406 completed 5-minute candles
2026-09-15T11:40:41 FETCHED: NSE:DRREDDY-EQ - stored 406 completed 5-minute candles
2026-09-15T11:40:41 FETCHED: NSE:EICHERMOT-EQ - stored 406 completed 5-minute candles
2026-09-15T11:40:42 FETCHED: NSE:ETERNAL-EQ - stored 406 completed 5-minute candles
2026-09-15T11:40:42 FETCHED: NSE:GRASIM-EQ - stored 406 completed 5-minute candles
2026-09-15T11:40:43 FETCHED: NSE:HCLTECH-EQ - stored 406 completed 5-minute candles
2026-09-15T11:40:43 FETCHED: NSE:HDFCBANK-EQ - stored 406 completed 5-minute candles
2026-09-15T11:40:44 FETCHED: NSE:HDFCLIFE-EQ - stored 406 completed 5-minute candles
2026-09-15T11:40:44 FETCHED: NSE:HINDALCO-EQ - stored 406 completed 5-minute candles
2026-09-15T11:40:44 FETCHED: NSE:HINDUNILVR-EQ - stored 406 completed 5-minute candles
2026-09-15T11:40:45 FETCHED: NSE:ICICIBANK-EQ - stored 406 completed 5-minute candles
2026-09-15T11:40:46 FETCHED: NSE:ITC-EQ - stored 406 completed 5-minute candles
2026-09-15T11:40:46 FETCHED: NSE:INFY-EQ - stored 406 completed 5-minute candles
2026-09-15T11:40:46 FETCHED: NSE:INDIGO-EQ - stored 406 completed 5-minute candles
2026-09-15T11:40:47 FETCHED: NSE:JSWSTEEL-EQ - stored 406 completed 5-minute candles
2026-09-15T11:40:47 FETCHED: NSE:JIOFIN-EQ - stored 406 completed 5-minute candles
2026-09-15T11:40:48 FETCHED: NSE:KOTAKBANK-EQ - stored 406 completed 5-minute candles
2026-09-15T11:40:48 FETCHED: NSE:LT-EQ - stored 406 completed 5-minute candles
2026-09-15T11:40:48 FETCHED: NSE:M&M-EQ - stored 406 completed 5-minute candles
2026-09-15T11:40:49 FETCHED: NSE:MARUTI-EQ - stored 406 completed 5-minute candles
2026-09-15T11:40:49 FETCHED: NSE:MAXHEALTH-EQ - stored 406 completed 5-minute candles
2026-09-15T11:40:50 FETCHED: NSE:NTPC-EQ - stored 406 completed 5-minute candles
2026-09-15T11:40:50 FETCHED: NSE:NESTLEIND-EQ - stored 406 completed 5-minute candles
2026-09-15T11:40:50 FETCHED: NSE:ONGC-EQ - stored 406 completed 5-minute candles
2026-09-15T11:40:51 FETCHED: NSE:POWERGRID-EQ - stored 407 completed 5-minute candles
2026-09-15T11:40:51 FETCHED: NSE:RELIANCE-EQ - stored 406 completed 5-minute candles
2026-09-15T11:40:52 FETCHED: NSE:SBILIFE-EQ - stored 406 completed 5-minute candles
2026-09-15T11:40:52 FETCHED: NSE:SHRIRAMFIN-EQ - stored 406 completed 5-minute candles
2026-09-15T11:40:52 FETCHED: NSE:SBIN-EQ - stored 406 completed 5-minute candles
2026-09-15T11:40:53 FETCHED: NSE:SUNPHARMA-EQ - stored 406 completed 5-minute candles
2026-09-15T11:40:54 FETCHED: NSE:TCS-EQ - stored 406 completed 5-minute candles
2026-09-15T11:40:55 FETCHED: NSE:TATACONSUM-EQ - stored 406 completed 5-minute candles
2026-09-15T11:40:55 FETCHED: NSE:TMPV-EQ - stored 406 completed 5-minute candles
2026-09-15T11:40:56 FETCHED: NSE:TATASTEEL-EQ - stored 406 completed 5-minute candles
2026-09-15T11:40:56 FETCHED: NSE:TECHM-EQ - stored 406 completed 5-minute candles
2026-09-15T11:40:57 FETCHED: NSE:TITAN-EQ - stored 406 completed 5-minute candles
2026-09-15T11:40:57 FETCHED: NSE:TRENT-EQ - stored 406 completed 5-minute candles
2026-09-15T11:40:58 FETCHED: NSE:ULTRACEMCO-EQ - stored 406 completed 5-minute candles
2026-09-15T11:40:58 FETCHED: NSE:WIPRO-EQ - stored 406 completed 5-minute candles
2026-09-15T11:41:28 FETCH_CYCLE: 2026-09-15T11:41:28+05:30
2026-09-15T11:41:30 FETCHED: NSE:ADANIENT-EQ - stored 406 completed 5-minute candles
2026-09-15T11:41:30 FETCHED: NSE:ADANIPORTS-EQ - stored 406 completed 5-minute candles
2026-09-15T11:41:31 FETCHED: NSE:APOLLOHOSP-EQ - stored 406 completed 5-minute candles
2026-09-15T11:41:31 FETCHED: NSE:ASIANPAINT-EQ - stored 406 completed 5-minute candles
2026-09-15T11:41:32 FETCHED: NSE:AXISBANK-EQ - stored 406 completed 5-minute candles
2026-09-15T11:41:32 FETCHED: NSE:BAJAJ-AUTO-EQ - stored 406 completed 5-minute candles
2026-09-15T11:41:33 FETCHED: NSE:BAJFINANCE-EQ - stored 406 completed 5-minute candles
2026-09-15T11:41:33 FETCHED: NSE:BAJAJFINSV-EQ - stored 406 completed 5-minute candles
2026-09-15T11:41:34 FETCHED: NSE:BEL-EQ - stored 406 completed 5-minute candles
2026-09-15T11:41:35 FETCHED: NSE:BHARTIARTL-EQ - stored 406 completed 5-minute candles
2026-09-15T11:41:37 FETCHED: NSE:CIPLA-EQ - stored 406 completed 5-minute candles
2026-09-15T11:41:39 FETCHED: NSE:COALINDIA-EQ - stored 406 completed 5-minute candles
2026-09-15T11:41:41 FETCHED: NSE:DRREDDY-EQ - stored 406 completed 5-minute candles
2026-09-15T11:41:42 FETCHED: NSE:EICHERMOT-EQ - stored 406 completed 5-minute candles
2026-09-15T11:41:44 FETCHED: NSE:ETERNAL-EQ - stored 406 completed 5-minute candles
2026-09-15T11:41:46 FETCHED: NSE:GRASIM-EQ - stored 406 completed 5-minute candles
2026-09-15T11:41:47 FETCHED: NSE:HCLTECH-EQ - stored 406 completed 5-minute candles
2026-09-15T11:41:48 FETCHED: NSE:HDFCBANK-EQ - stored 406 completed 5-minute candles
2026-09-15T11:41:49 FETCHED: NSE:HDFCLIFE-EQ - stored 406 completed 5-minute candles
2026-09-15T11:41:51 FETCHED: NSE:HINDALCO-EQ - stored 406 completed 5-minute candles
2026-09-15T11:41:52 FETCHED: NSE:HINDUNILVR-EQ - stored 406 completed 5-minute candles
2026-09-15T11:41:52 FETCHED: NSE:ICICIBANK-EQ - stored 406 completed 5-minute candles
2026-09-15T11:41:53 FETCHED: NSE:ITC-EQ - stored 406 completed 5-minute candles
2026-09-15T11:41:53 FETCHED: NSE:INFY-EQ - stored 406 completed 5-minute candles
2026-09-15T11:41:54 FETCHED: NSE:INDIGO-EQ - stored 406 completed 5-minute candles
2026-09-15T11:41:55 FETCHED: NSE:JSWSTEEL-EQ - stored 406 completed 5-minute candles
2026-09-15T11:41:55 FETCHED: NSE:JIOFIN-EQ - stored 406 completed 5-minute candles
2026-09-15T11:41:57 FETCHED: NSE:KOTAKBANK-EQ - stored 406 completed 5-minute candles
2026-09-15T11:41:58 FETCHED: NSE:LT-EQ - stored 406 completed 5-minute candles
2026-09-15T11:41:59 FETCHED: NSE:M&M-EQ - stored 406 completed 5-minute candles
2026-09-15T11:41:59 FETCHED: NSE:MARUTI-EQ - stored 406 completed 5-minute candles
2026-09-15T11:42:00 FETCHED: NSE:MAXHEALTH-EQ - stored 406 completed 5-minute candles
2026-09-15T11:42:01 FETCHED: NSE:NTPC-EQ - stored 406 completed 5-minute candles
2026-09-15T11:42:01 FETCHED: NSE:NESTLEIND-EQ - stored 406 completed 5-minute candles
2026-09-15T11:42:02 FETCHED: NSE:ONGC-EQ - stored 406 completed 5-minute candles
2026-09-15T11:42:02 FETCHED: NSE:POWERGRID-EQ - stored 407 completed 5-minute candles
2026-09-15T11:42:03 FETCHED: NSE:RELIANCE-EQ - stored 406 completed 5-minute candles
2026-09-15T11:42:04 FETCHED: NSE:SBILIFE-EQ - stored 406 completed 5-minute candles
2026-09-15T11:42:05 FETCHED: NSE:SHRIRAMFIN-EQ - stored 406 completed 5-minute candles
2026-09-15T11:42:05 FETCHED: NSE:SBIN-EQ - stored 406 completed 5-minute candles
2026-09-15T11:42:05 FETCHED: NSE:SUNPHARMA-EQ - stored 406 completed 5-minute candles
2026-09-15T11:42:06 FETCHED: NSE:TCS-EQ - stored 406 completed 5-minute candles
2026-09-15T11:42:07 FETCHED: NSE:TATACONSUM-EQ - stored 406 completed 5-minute candles
2026-09-15T11:42:07 FETCHED: NSE:TMPV-EQ - stored 406 completed 5-minute candles
2026-09-15T11:42:08 FETCHED: NSE:TATASTEEL-EQ - stored 406 completed 5-minute candles
2026-09-15T11:42:09 FETCHED: NSE:TECHM-EQ - stored 406 completed 5-minute candles
2026-09-15T11:42:10 FETCHED: NSE:TITAN-EQ - stored 406 completed 5-minute candles
2026-09-15T11:42:11 FETCHED: NSE:TRENT-EQ - stored 406 completed 5-minute candles
2026-09-15T11:42:12 FETCHED: NSE:ULTRACEMCO-EQ - stored 406 completed 5-minute candles
2026-09-15T11:42:12 FETCHED: NSE:WIPRO-EQ - stored 406 completed 5-minute candles
2026-09-15T11:42:42 FETCH_CYCLE: 2026-09-15T11:42:42+05:30
2026-09-15T11:42:43 FETCHED: NSE:ADANIENT-EQ - stored 406 completed 5-minute candles
2026-09-15T11:42:44 FETCHED: NSE:ADANIPORTS-EQ - stored 406 completed 5-minute candles
2026-09-15T11:42:44 FETCHED: NSE:APOLLOHOSP-EQ - stored 406 completed 5-minute candles
2026-09-15T11:42:45 FETCHED: NSE:ASIANPAINT-EQ - stored 406 completed 5-minute candles
2026-09-15T11:42:45 FETCHED: NSE:AXISBANK-EQ - stored 406 completed 5-minute candles
2026-09-15T11:42:46 FETCHED: NSE:BAJAJ-AUTO-EQ - stored 406 completed 5-minute candles
2026-09-15T11:42:47 FETCHED: NSE:BAJFINANCE-EQ - stored 406 completed 5-minute candles
2026-09-15T11:42:47 FETCHED: NSE:BAJAJFINSV-EQ - stored 406 completed 5-minute candles
2026-09-15T11:42:48 FETCHED: NSE:BEL-EQ - stored 406 completed 5-minute candles
2026-09-15T11:42:48 FETCHED: NSE:BHARTIARTL-EQ - stored 406 completed 5-minute candles
2026-09-15T11:42:49 FETCHED: NSE:CIPLA-EQ - stored 406 completed 5-minute candles
2026-09-15T11:42:49 FETCHED: NSE:COALINDIA-EQ - stored 406 completed 5-minute candles
2026-09-15T11:42:49 FETCHED: NSE:DRREDDY-EQ - stored 406 completed 5-minute candles
2026-09-15T11:42:50 FETCHED: NSE:EICHERMOT-EQ - stored 406 completed 5-minute candles
2026-09-15T11:42:50 FETCHED: NSE:ETERNAL-EQ - stored 406 completed 5-minute candles
2026-09-15T11:42:51 FETCHED: NSE:GRASIM-EQ - stored 406 completed 5-minute candles
2026-09-15T11:42:51 FETCHED: NSE:HCLTECH-EQ - stored 406 completed 5-minute candles
2026-09-15T11:42:51 FETCHED: NSE:HDFCBANK-EQ - stored 406 completed 5-minute candles
2026-09-15T11:42:52 FETCHED: NSE:HDFCLIFE-EQ - stored 406 completed 5-minute candles
2026-09-15T11:42:52 FETCHED: NSE:HINDALCO-EQ - stored 406 completed 5-minute candles
2026-09-15T11:42:52 FETCHED: NSE:HINDUNILVR-EQ - stored 406 completed 5-minute candles
2026-09-15T11:42:53 FETCHED: NSE:ICICIBANK-EQ - stored 406 completed 5-minute candles
2026-09-15T11:42:53 FETCHED: NSE:ITC-EQ - stored 406 completed 5-minute candles
2026-09-15T11:42:54 FETCHED: NSE:INFY-EQ - stored 406 completed 5-minute candles
2026-09-15T11:42:54 FETCHED: NSE:INDIGO-EQ - stored 406 completed 5-minute candles
2026-09-15T11:42:54 FETCHED: NSE:JSWSTEEL-EQ - stored 406 completed 5-minute candles
2026-09-15T11:42:55 FETCHED: NSE:JIOFIN-EQ - stored 406 completed 5-minute candles
2026-09-15T11:42:55 FETCHED: NSE:KOTAKBANK-EQ - stored 406 completed 5-minute candles
2026-09-15T11:42:55 FETCHED: NSE:LT-EQ - stored 406 completed 5-minute candles
2026-09-15T11:42:56 FETCHED: NSE:M&M-EQ - stored 406 completed 5-minute candles
2026-09-15T11:42:56 FETCHED: NSE:MARUTI-EQ - stored 406 completed 5-minute candles
2026-09-15T11:42:57 FETCHED: NSE:MAXHEALTH-EQ - stored 406 completed 5-minute candles
2026-09-15T11:42:57 FETCHED: NSE:NTPC-EQ - stored 406 completed 5-minute candles
2026-09-15T11:42:57 FETCHED: NSE:NESTLEIND-EQ - stored 406 completed 5-minute candles
2026-09-15T11:42:58 FETCHED: NSE:ONGC-EQ - stored 406 completed 5-minute candles
2026-09-15T11:42:58 FETCHED: NSE:POWERGRID-EQ - stored 407 completed 5-minute candles
2026-09-15T11:42:59 FETCHED: NSE:RELIANCE-EQ - stored 406 completed 5-minute candles
2026-09-15T11:42:59 FETCHED: NSE:SBILIFE-EQ - stored 406 completed 5-minute candles
2026-09-15T11:42:59 FETCHED: NSE:SHRIRAMFIN-EQ - stored 406 completed 5-minute candles
2026-09-15T11:43:00 FETCHED: NSE:SBIN-EQ - stored 406 completed 5-minute candles
2026-09-15T11:43:00 FETCHED: NSE:SUNPHARMA-EQ - stored 406 completed 5-minute candles
2026-09-15T11:43:00 FETCHED: NSE:TCS-EQ - stored 406 completed 5-minute candles
2026-09-15T11:43:01 FETCHED: NSE:TATACONSUM-EQ - stored 406 completed 5-minute candles
2026-09-15T11:43:01 FETCHED: NSE:TMPV-EQ - stored 406 completed 5-minute candles
2026-09-15T11:43:02 FETCHED: NSE:TATASTEEL-EQ - stored 406 completed 5-minute candles
2026-09-15T11:43:02 FETCHED: NSE:TECHM-EQ - stored 406 completed 5-minute candles
2026-09-15T11:43:02 FETCHED: NSE:TITAN-EQ - stored 406 completed 5-minute candles
2026-09-15T11:43:03 FETCHED: NSE:TRENT-EQ - stored 406 completed 5-minute candles
2026-09-15T11:43:03 FETCHED: NSE:ULTRACEMCO-EQ - stored 406 completed 5-minute candles
2026-09-15T11:43:04 FETCHED: NSE:WIPRO-EQ - stored 406 completed 5-minute candles
2026-09-15T11:43:34 FETCH_CYCLE: 2026-09-15T11:43:34+05:30
2026-09-15T11:43:34 FETCHED: NSE:ADANIENT-EQ - stored 406 completed 5-minute candles
2026-09-15T11:43:34 FETCHED: NSE:ADANIPORTS-EQ - stored 406 completed 5-minute candles
2026-09-15T11:43:35 FETCHED: NSE:APOLLOHOSP-EQ - stored 406 completed 5-minute candles
2026-09-15T11:43:35 FETCHED: NSE:ASIANPAINT-EQ - stored 406 completed 5-minute candles
2026-09-15T11:43:35 FETCHED: NSE:AXISBANK-EQ - stored 406 completed 5-minute candles
2026-09-15T11:43:36 FETCHED: NSE:BAJAJ-AUTO-EQ - stored 406 completed 5-minute candles
2026-09-15T11:43:36 FETCHED: NSE:BAJFINANCE-EQ - stored 406 completed 5-minute candles
2026-09-15T11:43:37 FETCHED: NSE:BAJAJFINSV-EQ - stored 406 completed 5-minute candles
2026-09-15T11:43:37 FETCHED: NSE:BEL-EQ - stored 406 completed 5-minute candles
2026-09-15T11:43:37 FETCHED: NSE:BHARTIARTL-EQ - stored 406 completed 5-minute candles
2026-09-15T11:43:38 FETCHED: NSE:CIPLA-EQ - stored 406 completed 5-minute candles
2026-09-15T11:43:38 FETCHED: NSE:COALINDIA-EQ - stored 406 completed 5-minute candles
2026-09-15T11:43:38 FETCHED: NSE:DRREDDY-EQ - stored 406 completed 5-minute candles
2026-09-15T11:43:39 FETCHED: NSE:EICHERMOT-EQ - stored 406 completed 5-minute candles
2026-09-15T11:43:39 FETCHED: NSE:ETERNAL-EQ - stored 406 completed 5-minute candles
2026-09-15T11:43:40 FETCHED: NSE:GRASIM-EQ - stored 406 completed 5-minute candles
2026-09-15T11:43:40 FETCHED: NSE:HCLTECH-EQ - stored 406 completed 5-minute candles
2026-09-15T11:43:40 FETCHED: NSE:HDFCBANK-EQ - stored 406 completed 5-minute candles
2026-09-15T11:43:41 FETCHED: NSE:HDFCLIFE-EQ - stored 406 completed 5-minute candles
2026-09-15T11:43:41 FETCHED: NSE:HINDALCO-EQ - stored 406 completed 5-minute candles
2026-09-15T11:43:41 FETCHED: NSE:HINDUNILVR-EQ - stored 406 completed 5-minute candles
2026-09-15T11:43:42 FETCHED: NSE:ICICIBANK-EQ - stored 406 completed 5-minute candles
2026-09-15T11:43:42 FETCHED: NSE:ITC-EQ - stored 406 completed 5-minute candles
2026-09-15T11:43:42 FETCHED: NSE:INFY-EQ - stored 406 completed 5-minute candles
2026-09-15T11:43:43 FETCHED: NSE:INDIGO-EQ - stored 406 completed 5-minute candles
2026-09-15T11:43:43 FETCHED: NSE:JSWSTEEL-EQ - stored 406 completed 5-minute candles
2026-09-15T11:43:44 FETCHED: NSE:JIOFIN-EQ - stored 406 completed 5-minute candles
2026-09-15T11:43:44 FETCHED: NSE:KOTAKBANK-EQ - stored 406 completed 5-minute candles
2026-09-15T11:43:44 FETCHED: NSE:LT-EQ - stored 406 completed 5-minute candles
2026-09-15T11:43:45 FETCHED: NSE:M&M-EQ - stored 406 completed 5-minute candles
2026-09-15T11:43:45 FETCHED: NSE:MARUTI-EQ - stored 406 completed 5-minute candles
2026-09-15T11:43:45 FETCHED: NSE:MAXHEALTH-EQ - stored 406 completed 5-minute candles
2026-09-15T11:43:46 FETCHED: NSE:NTPC-EQ - stored 406 completed 5-minute candles
2026-09-15T11:43:46 FETCHED: NSE:NESTLEIND-EQ - stored 406 completed 5-minute candles
2026-09-15T11:43:46 FETCHED: NSE:ONGC-EQ - stored 406 completed 5-minute candles
2026-09-15T11:43:47 FETCHED: NSE:POWERGRID-EQ - stored 407 completed 5-minute candles
2026-09-15T11:43:47 FETCHED: NSE:RELIANCE-EQ - stored 406 completed 5-minute candles
2026-09-15T11:43:48 FETCHED: NSE:SBILIFE-EQ - stored 406 completed 5-minute candles
2026-09-15T11:43:48 FETCHED: NSE:SHRIRAMFIN-EQ - stored 406 completed 5-minute candles
2026-09-15T11:43:49 FETCHED: NSE:SBIN-EQ - stored 406 completed 5-minute candles
2026-09-15T11:43:49 FETCHED: NSE:SUNPHARMA-EQ - stored 406 completed 5-minute candles
2026-09-15T11:43:49 FETCHED: NSE:TCS-EQ - stored 406 completed 5-minute candles
2026-09-15T11:43:50 FETCHED: NSE:TATACONSUM-EQ - stored 406 completed 5-minute candles
2026-09-15T11:43:50 FETCHED: NSE:TMPV-EQ - stored 406 completed 5-minute candles
2026-09-15T11:43:50 FETCHED: NSE:TATASTEEL-EQ - stored 406 completed 5-minute candles
2026-09-15T11:43:51 FETCHED: NSE:TECHM-EQ - stored 406 completed 5-minute candles
2026-09-15T11:43:51 FETCHED: NSE:TITAN-EQ - stored 406 completed 5-minute candles
2026-09-15T11:43:52 FETCHED: NSE:TRENT-EQ - stored 406 completed 5-minute candles
2026-09-15T11:43:53 FETCHED: NSE:ULTRACEMCO-EQ - stored 406 completed 5-minute candles
2026-09-15T11:43:54 FETCHED: NSE:WIPRO-EQ - stored 406 completed 5-minute candles
2026-09-15T11:44:24 FETCH_CYCLE: 2026-09-15T11:44:24+05:30
2026-09-15T11:44:25 FETCHED: NSE:ADANIENT-EQ - stored 406 completed 5-minute candles
2026-09-15T11:44:25 FETCHED: NSE:ADANIPORTS-EQ - stored 406 completed 5-minute candles
2026-09-15T11:44:26 FETCHED: NSE:APOLLOHOSP-EQ - stored 406 completed 5-minute candles
2026-09-15T11:44:26 FETCHED: NSE:ASIANPAINT-EQ - stored 406 completed 5-minute candles
2026-09-15T11:44:27 FETCHED: NSE:AXISBANK-EQ - stored 406 completed 5-minute candles
2026-09-15T11:44:27 FETCHED: NSE:BAJAJ-AUTO-EQ - stored 406 completed 5-minute candles
2026-09-15T11:44:28 FETCHED: NSE:BAJFINANCE-EQ - stored 406 completed 5-minute candles
2026-09-15T11:44:29 FETCHED: NSE:BAJAJFINSV-EQ - stored 406 completed 5-minute candles
2026-09-15T11:44:30 FETCHED: NSE:BEL-EQ - stored 406 completed 5-minute candles
2026-09-15T11:44:30 FETCHED: NSE:BHARTIARTL-EQ - stored 406 completed 5-minute candles
2026-09-15T11:44:31 FETCHED: NSE:CIPLA-EQ - stored 406 completed 5-minute candles
2026-09-15T11:44:32 FETCHED: NSE:COALINDIA-EQ - stored 406 completed 5-minute candles
2026-09-15T11:44:32 FETCHED: NSE:DRREDDY-EQ - stored 406 completed 5-minute candles
2026-09-15T11:44:33 FETCHED: NSE:EICHERMOT-EQ - stored 406 completed 5-minute candles
2026-09-15T11:44:33 FETCHED: NSE:ETERNAL-EQ - stored 406 completed 5-minute candles
2026-09-15T11:44:33 FETCHED: NSE:GRASIM-EQ - stored 406 completed 5-minute candles
2026-09-15T11:44:34 FETCHED: NSE:HCLTECH-EQ - stored 406 completed 5-minute candles
2026-09-15T11:44:34 FETCHED: NSE:HDFCBANK-EQ - stored 406 completed 5-minute candles
2026-09-15T11:44:35 FETCHED: NSE:HDFCLIFE-EQ - stored 406 completed 5-minute candles
2026-09-15T11:44:35 FETCHED: NSE:HINDALCO-EQ - stored 406 completed 5-minute candles
2026-09-15T11:44:36 FETCHED: NSE:HINDUNILVR-EQ - stored 406 completed 5-minute candles
2026-09-15T11:44:36 FETCHED: NSE:ICICIBANK-EQ - stored 406 completed 5-minute candles
2026-09-15T11:44:38 FETCHED: NSE:ITC-EQ - stored 406 completed 5-minute candles
2026-09-15T11:44:40 FETCHED: NSE:INFY-EQ - stored 406 completed 5-minute candles
2026-09-15T11:44:40 FETCHED: NSE:INDIGO-EQ - stored 406 completed 5-minute candles
2026-09-15T11:44:41 FETCHED: NSE:JSWSTEEL-EQ - stored 406 completed 5-minute candles
2026-09-15T11:44:41 FETCHED: NSE:JIOFIN-EQ - stored 406 completed 5-minute candles
2026-09-15T11:44:42 FETCHED: NSE:KOTAKBANK-EQ - stored 406 completed 5-minute candles
2026-09-15T11:44:42 FETCHED: NSE:LT-EQ - stored 406 completed 5-minute candles
2026-09-15T11:44:43 FETCHED: NSE:M&M-EQ - stored 406 completed 5-minute candles
2026-09-15T11:44:43 FETCHED: NSE:MARUTI-EQ - stored 406 completed 5-minute candles
2026-09-15T11:44:44 FETCHED: NSE:MAXHEALTH-EQ - stored 406 completed 5-minute candles
2026-09-15T11:44:44 FETCHED: NSE:NTPC-EQ - stored 406 completed 5-minute candles
2026-09-15T11:44:45 FETCHED: NSE:NESTLEIND-EQ - stored 406 completed 5-minute candles
2026-09-15T11:44:46 FETCHED: NSE:ONGC-EQ - stored 406 completed 5-minute candles
2026-09-15T11:44:46 FETCHED: NSE:POWERGRID-EQ - stored 407 completed 5-minute candles
2026-09-15T11:44:47 FETCHED: NSE:RELIANCE-EQ - stored 406 completed 5-minute candles
2026-09-15T11:44:48 FETCHED: NSE:SBILIFE-EQ - stored 406 completed 5-minute candles
2026-09-15T11:44:48 FETCHED: NSE:SHRIRAMFIN-EQ - stored 406 completed 5-minute candles
2026-09-15T11:44:48 FETCHED: NSE:SBIN-EQ - stored 406 completed 5-minute candles
2026-09-15T11:44:49 FETCHED: NSE:SUNPHARMA-EQ - stored 406 completed 5-minute candles
2026-09-15T11:44:49 FETCHED: NSE:TCS-EQ - stored 406 completed 5-minute candles
2026-09-15T11:44:50 FETCHED: NSE:TATACONSUM-EQ - stored 406 completed 5-minute candles
2026-09-15T11:44:50 FETCHED: NSE:TMPV-EQ - stored 406 completed 5-minute candles
2026-09-15T11:44:51 FETCHED: NSE:TATASTEEL-EQ - stored 406 completed 5-minute candles
2026-09-15T11:44:51 FETCHED: NSE:TECHM-EQ - stored 406 completed 5-minute candles
2026-09-15T11:44:52 FETCHED: NSE:TITAN-EQ - stored 406 completed 5-minute candles
2026-09-15T11:44:52 FETCHED: NSE:TRENT-EQ - stored 406 completed 5-minute candles
2026-09-15T11:44:53 FETCHED: NSE:ULTRACEMCO-EQ - stored 406 completed 5-minute candles
2026-09-15T11:44:53 FETCHED: NSE:WIPRO-EQ - stored 406 completed 5-minute candles
2026-09-15T11:45:23 FETCH_CYCLE: 2026-09-15T11:45:23+05:30
2026-09-15T11:45:24 FETCHED: NSE:ADANIENT-EQ - stored 407 completed 5-minute candles
2026-09-15T11:45:25 FETCHED: NSE:ADANIPORTS-EQ - stored 407 completed 5-minute candles
2026-09-15T11:45:26 FETCHED: NSE:APOLLOHOSP-EQ - stored 407 completed 5-minute candles
2026-09-15T11:45:27 FETCHED: NSE:ASIANPAINT-EQ - stored 407 completed 5-minute candles
2026-09-15T11:45:27 FETCHED: NSE:AXISBANK-EQ - stored 407 completed 5-minute candles
2026-09-15T11:45:28 FETCHED: NSE:BAJAJ-AUTO-EQ - stored 407 completed 5-minute candles
2026-09-15T11:45:29 FETCHED: NSE:BAJFINANCE-EQ - stored 407 completed 5-minute candles
2026-09-15T11:45:29 FETCHED: NSE:BAJAJFINSV-EQ - stored 407 completed 5-minute candles
2026-09-15T11:45:30 FETCHED: NSE:BEL-EQ - stored 407 completed 5-minute candles
2026-09-15T11:45:31 FETCHED: NSE:BHARTIARTL-EQ - stored 407 completed 5-minute candles
2026-09-15T11:45:32 FETCHED: NSE:CIPLA-EQ - stored 407 completed 5-minute candles
2026-09-15T11:45:33 FETCHED: NSE:COALINDIA-EQ - stored 407 completed 5-minute candles
2026-09-15T11:45:34 FETCHED: NSE:DRREDDY-EQ - stored 407 completed 5-minute candles
2026-09-15T11:45:35 FETCHED: NSE:EICHERMOT-EQ - stored 407 completed 5-minute candles
2026-09-15T11:45:35 FETCHED: NSE:ETERNAL-EQ - stored 407 completed 5-minute candles
2026-09-15T11:45:36 FETCHED: NSE:GRASIM-EQ - stored 407 completed 5-minute candles
2026-09-15T11:45:36 FETCHED: NSE:HCLTECH-EQ - stored 407 completed 5-minute candles
2026-09-15T11:45:37 FETCHED: NSE:HDFCBANK-EQ - stored 407 completed 5-minute candles
2026-09-15T11:45:38 FETCHED: NSE:HDFCLIFE-EQ - stored 407 completed 5-minute candles
2026-09-15T11:45:38 FETCHED: NSE:HINDALCO-EQ - stored 407 completed 5-minute candles
2026-09-15T11:45:39 FETCHED: NSE:HINDUNILVR-EQ - stored 407 completed 5-minute candles
2026-09-15T11:45:39 FETCHED: NSE:ICICIBANK-EQ - stored 407 completed 5-minute candles
2026-09-15T11:45:39 FETCHED: NSE:ITC-EQ - stored 407 completed 5-minute candles
2026-09-15T11:45:40 FETCHED: NSE:INFY-EQ - stored 407 completed 5-minute candles
2026-09-15T11:45:40 FETCHED: NSE:INDIGO-EQ - stored 407 completed 5-minute candles
2026-09-15T11:45:41 FETCHED: NSE:JSWSTEEL-EQ - stored 407 completed 5-minute candles
2026-09-15T11:45:41 FETCHED: NSE:JIOFIN-EQ - stored 407 completed 5-minute candles
2026-09-15T11:45:41 FETCHED: NSE:KOTAKBANK-EQ - stored 407 completed 5-minute candles
2026-09-15T11:45:42 FETCHED: NSE:LT-EQ - stored 407 completed 5-minute candles
2026-09-15T11:45:42 FETCHED: NSE:M&M-EQ - stored 407 completed 5-minute candles
2026-09-15T11:45:43 FETCHED: NSE:MARUTI-EQ - stored 407 completed 5-minute candles
2026-09-15T11:45:43 FETCHED: NSE:MAXHEALTH-EQ - stored 407 completed 5-minute candles
2026-09-15T11:45:44 FETCHED: NSE:NTPC-EQ - stored 407 completed 5-minute candles
2026-09-15T11:45:44 FETCHED: NSE:NESTLEIND-EQ - stored 407 completed 5-minute candles
2026-09-15T11:45:45 FETCHED: NSE:ONGC-EQ - stored 407 completed 5-minute candles
2026-09-15T11:45:46 FETCHED: NSE:POWERGRID-EQ - stored 408 completed 5-minute candles
2026-09-15T11:45:46 FETCHED: NSE:RELIANCE-EQ - stored 407 completed 5-minute candles
2026-09-15T11:45:47 FETCHED: NSE:SBILIFE-EQ - stored 407 completed 5-minute candles
2026-09-15T11:45:47 FETCHED: NSE:SHRIRAMFIN-EQ - stored 407 completed 5-minute candles
2026-09-15T11:45:48 FETCHED: NSE:SBIN-EQ - stored 407 completed 5-minute candles
2026-09-15T11:45:48 FETCHED: NSE:SUNPHARMA-EQ - stored 407 completed 5-minute candles
2026-09-15T11:45:49 FETCHED: NSE:TCS-EQ - stored 407 completed 5-minute candles
2026-09-15T11:45:49 FETCHED: NSE:TATACONSUM-EQ - stored 407 completed 5-minute candles
2026-09-15T11:45:50 FETCHED: NSE:TMPV-EQ - stored 407 completed 5-minute candles
2026-09-15T11:45:50 FETCHED: NSE:TATASTEEL-EQ - stored 407 completed 5-minute candles
2026-09-15T11:45:51 FETCHED: NSE:TECHM-EQ - stored 407 completed 5-minute candles
2026-09-15T11:45:52 FETCHED: NSE:TITAN-EQ - stored 407 completed 5-minute candles
2026-09-15T11:45:52 FETCHED: NSE:TRENT-EQ - stored 407 completed 5-minute candles
2026-09-15T11:45:53 FETCHED: NSE:ULTRACEMCO-EQ - stored 407 completed 5-minute candles
2026-09-15T11:45:53 FETCHED: NSE:WIPRO-EQ - stored 407 completed 5-minute candles
2026-09-15T11:46:23 FETCH_CYCLE: 2026-09-15T11:46:23+05:30
2026-09-15T11:46:23 FETCHED: NSE:ADANIENT-EQ - stored 407 completed 5-minute candles
2026-09-15T11:46:24 FETCHED: NSE:ADANIPORTS-EQ - stored 407 completed 5-minute candles
2026-09-15T11:46:24 FETCHED: NSE:APOLLOHOSP-EQ - stored 407 completed 5-minute candles
2026-09-15T11:46:24 FETCHED: NSE:ASIANPAINT-EQ - stored 407 completed 5-minute candles
2026-09-15T11:46:25 FETCHED: NSE:AXISBANK-EQ - stored 407 completed 5-minute candles
2026-09-15T11:46:25 FETCHED: NSE:BAJAJ-AUTO-EQ - stored 407 completed 5-minute candles
2026-09-15T11:46:26 FETCHED: NSE:BAJFINANCE-EQ - stored 407 completed 5-minute candles
2026-09-15T11:46:26 FETCHED: NSE:BAJAJFINSV-EQ - stored 407 completed 5-minute candles
2026-09-15T11:46:27 FETCHED: NSE:BEL-EQ - stored 407 completed 5-minute candles
2026-09-15T11:46:27 FETCHED: NSE:BHARTIARTL-EQ - stored 407 completed 5-minute candles
2026-09-15T11:46:27 FETCHED: NSE:CIPLA-EQ - stored 407 completed 5-minute candles
2026-09-15T11:46:28 FETCHED: NSE:COALINDIA-EQ - stored 407 completed 5-minute candles
2026-09-15T11:46:28 FETCHED: NSE:DRREDDY-EQ - stored 407 completed 5-minute candles
2026-09-15T11:46:28 FETCHED: NSE:EICHERMOT-EQ - stored 407 completed 5-minute candles
2026-09-15T11:46:29 FETCHED: NSE:ETERNAL-EQ - stored 407 completed 5-minute candles
2026-09-15T11:46:29 FETCHED: NSE:GRASIM-EQ - stored 407 completed 5-minute candles
2026-09-15T11:46:30 FETCHED: NSE:HCLTECH-EQ - stored 407 completed 5-minute candles
2026-09-15T11:46:30 FETCHED: NSE:HDFCBANK-EQ - stored 407 completed 5-minute candles
2026-09-15T11:46:30 FETCHED: NSE:HDFCLIFE-EQ - stored 407 completed 5-minute candles
2026-09-15T11:46:31 FETCHED: NSE:HINDALCO-EQ - stored 407 completed 5-minute candles
2026-09-15T11:46:31 FETCHED: NSE:HINDUNILVR-EQ - stored 407 completed 5-minute candles
2026-09-15T11:46:32 FETCHED: NSE:ICICIBANK-EQ - stored 407 completed 5-minute candles
2026-09-15T11:46:32 FETCHED: NSE:ITC-EQ - stored 407 completed 5-minute candles
2026-09-15T11:46:32 FETCHED: NSE:INFY-EQ - stored 407 completed 5-minute candles
2026-09-15T11:46:33 FETCHED: NSE:INDIGO-EQ - stored 407 completed 5-minute candles
2026-09-15T11:46:33 FETCHED: NSE:JSWSTEEL-EQ - stored 407 completed 5-minute candles
2026-09-15T11:46:33 FETCHED: NSE:JIOFIN-EQ - stored 407 completed 5-minute candles
2026-09-15T11:46:34 FETCHED: NSE:KOTAKBANK-EQ - stored 407 completed 5-minute candles
2026-09-15T11:46:34 FETCHED: NSE:LT-EQ - stored 407 completed 5-minute candles
2026-09-15T11:46:35 FETCHED: NSE:M&M-EQ - stored 407 completed 5-minute candles
2026-09-15T11:46:35 FETCHED: NSE:MARUTI-EQ - stored 407 completed 5-minute candles
2026-09-15T11:46:35 FETCHED: NSE:MAXHEALTH-EQ - stored 407 completed 5-minute candles
2026-09-15T11:46:36 FETCHED: NSE:NTPC-EQ - stored 407 completed 5-minute candles
2026-09-15T11:46:36 FETCHED: NSE:NESTLEIND-EQ - stored 407 completed 5-minute candles
2026-09-15T11:46:37 FETCHED: NSE:ONGC-EQ - stored 407 completed 5-minute candles
2026-09-15T11:46:37 FETCHED: NSE:POWERGRID-EQ - stored 408 completed 5-minute candles
2026-09-15T11:46:37 FETCHED: NSE:RELIANCE-EQ - stored 407 completed 5-minute candles
2026-09-15T11:46:38 FETCHED: NSE:SBILIFE-EQ - stored 407 completed 5-minute candles
2026-09-15T11:46:39 FETCHED: NSE:SHRIRAMFIN-EQ - stored 407 completed 5-minute candles
2026-09-15T11:46:39 FETCHED: NSE:SBIN-EQ - stored 407 completed 5-minute candles
2026-09-15T11:46:40 FETCHED: NSE:SUNPHARMA-EQ - stored 407 completed 5-minute candles
2026-09-15T11:46:40 FETCHED: NSE:TCS-EQ - stored 407 completed 5-minute candles
2026-09-15T11:46:41 FETCHED: NSE:TATACONSUM-EQ - stored 407 completed 5-minute candles
2026-09-15T11:46:42 FETCHED: NSE:TMPV-EQ - stored 407 completed 5-minute candles
2026-09-15T11:46:42 FETCHED: NSE:TATASTEEL-EQ - stored 407 completed 5-minute candles
2026-09-15T11:46:42 FETCHED: NSE:TECHM-EQ - stored 407 completed 5-minute candles
2026-09-15T11:46:43 FETCHED: NSE:TITAN-EQ - stored 407 completed 5-minute candles
2026-09-15T11:46:44 FETCHED: NSE:TRENT-EQ - stored 407 completed 5-minute candles
2026-09-15T11:46:45 FETCHED: NSE:ULTRACEMCO-EQ - stored 407 completed 5-minute candles
2026-09-15T11:46:45 FETCHED: NSE:WIPRO-EQ - stored 407 completed 5-minute candles
2026-09-15T11:47:15 FETCH_CYCLE: 2026-09-15T11:47:15+05:30
2026-09-15T11:47:16 FETCHED: NSE:ADANIENT-EQ - stored 407 completed 5-minute candles
2026-09-15T11:47:17 FETCHED: NSE:ADANIPORTS-EQ - stored 407 completed 5-minute candles
2026-09-15T11:47:17 FETCHED: NSE:APOLLOHOSP-EQ - stored 407 completed 5-minute candles
2026-09-15T11:47:18 FETCHED: NSE:ASIANPAINT-EQ - stored 407 completed 5-minute candles
2026-09-15T11:47:18 FETCHED: NSE:AXISBANK-EQ - stored 407 completed 5-minute candles
2026-09-15T11:47:18 FETCHED: NSE:BAJAJ-AUTO-EQ - stored 407 completed 5-minute candles
2026-09-15T11:47:19 FETCHED: NSE:BAJFINANCE-EQ - stored 407 completed 5-minute candles
2026-09-15T11:47:19 FETCHED: NSE:BAJAJFINSV-EQ - stored 407 completed 5-minute candles
2026-09-15T11:47:20 FETCHED: NSE:BEL-EQ - stored 407 completed 5-minute candles
2026-09-15T11:47:20 FETCHED: NSE:BHARTIARTL-EQ - stored 407 completed 5-minute candles
2026-09-15T11:47:21 FETCHED: NSE:CIPLA-EQ - stored 407 completed 5-minute candles
2026-09-15T11:47:22 FETCHED: NSE:COALINDIA-EQ - stored 407 completed 5-minute candles
2026-09-15T11:47:22 FETCHED: NSE:DRREDDY-EQ - stored 407 completed 5-minute candles
2026-09-15T11:47:23 FETCHED: NSE:EICHERMOT-EQ - stored 407 completed 5-minute candles
2026-09-15T11:47:23 FETCHED: NSE:ETERNAL-EQ - stored 407 completed 5-minute candles
2026-09-15T11:47:24 FETCHED: NSE:GRASIM-EQ - stored 407 completed 5-minute candles
2026-09-15T11:47:24 FETCHED: NSE:HCLTECH-EQ - stored 407 completed 5-minute candles
2026-09-15T11:47:24 FETCHED: NSE:HDFCBANK-EQ - stored 407 completed 5-minute candles
2026-09-15T11:47:25 FETCHED: NSE:HDFCLIFE-EQ - stored 407 completed 5-minute candles
2026-09-15T11:47:25 FETCHED: NSE:HINDALCO-EQ - stored 407 completed 5-minute candles
2026-09-15T11:47:25 FETCHED: NSE:HINDUNILVR-EQ - stored 407 completed 5-minute candles
2026-09-15T11:47:26 FETCHED: NSE:ICICIBANK-EQ - stored 407 completed 5-minute candles
2026-09-15T11:47:26 FETCHED: NSE:ITC-EQ - stored 407 completed 5-minute candles
2026-09-15T11:47:26 FETCHED: NSE:INFY-EQ - stored 407 completed 5-minute candles
2026-09-15T11:47:27 FETCHED: NSE:INDIGO-EQ - stored 407 completed 5-minute candles
2026-09-15T11:47:27 FETCHED: NSE:JSWSTEEL-EQ - stored 407 completed 5-minute candles
2026-09-15T11:47:27 FETCHED: NSE:JIOFIN-EQ - stored 407 completed 5-minute candles
2026-09-15T11:47:28 FETCHED: NSE:KOTAKBANK-EQ - stored 407 completed 5-minute candles
2026-09-15T11:47:29 FETCHED: NSE:LT-EQ - stored 407 completed 5-minute candles
2026-09-15T11:47:29 FETCHED: NSE:M&M-EQ - stored 407 completed 5-minute candles
2026-09-15T11:47:29 FETCHED: NSE:MARUTI-EQ - stored 407 completed 5-minute candles
2026-09-15T11:47:30 FETCHED: NSE:MAXHEALTH-EQ - stored 407 completed 5-minute candles
2026-09-15T11:47:30 FETCHED: NSE:NTPC-EQ - stored 407 completed 5-minute candles
2026-09-15T11:47:31 FETCHED: NSE:NESTLEIND-EQ - stored 407 completed 5-minute candles
2026-09-15T11:47:31 FETCHED: NSE:ONGC-EQ - stored 407 completed 5-minute candles
2026-09-15T11:47:32 FETCHED: NSE:POWERGRID-EQ - stored 408 completed 5-minute candles
2026-09-15T11:47:33 FETCHED: NSE:RELIANCE-EQ - stored 407 completed 5-minute candles
2026-09-15T11:47:33 FETCHED: NSE:SBILIFE-EQ - stored 407 completed 5-minute candles
2026-09-15T11:47:34 FETCHED: NSE:SHRIRAMFIN-EQ - stored 407 completed 5-minute candles
2026-09-15T11:47:34 FETCHED: NSE:SBIN-EQ - stored 407 completed 5-minute candles
2026-09-15T11:47:35 FETCHED: NSE:SUNPHARMA-EQ - stored 407 completed 5-minute candles
2026-09-15T11:47:35 FETCHED: NSE:TCS-EQ - stored 407 completed 5-minute candles
2026-09-15T11:47:35 FETCHED: NSE:TATACONSUM-EQ - stored 407 completed 5-minute candles
2026-09-15T11:47:36 FETCHED: NSE:TMPV-EQ - stored 407 completed 5-minute candles
2026-09-15T11:47:36 FETCHED: NSE:TATASTEEL-EQ - stored 407 completed 5-minute candles
2026-09-15T11:47:37 FETCHED: NSE:TECHM-EQ - stored 407 completed 5-minute candles
2026-09-15T11:47:37 FETCHED: NSE:TITAN-EQ - stored 407 completed 5-minute candles
2026-09-15T11:47:37 FETCHED: NSE:TRENT-EQ - stored 407 completed 5-minute candles
2026-09-15T11:47:38 FETCHED: NSE:ULTRACEMCO-EQ - stored 407 completed 5-minute candles
2026-09-15T11:47:38 FETCHED: NSE:WIPRO-EQ - stored 407 completed 5-minute candles
2026-09-15T11:48:08 FETCH_CYCLE: 2026-09-15T11:48:08+05:30
2026-09-15T11:48:09 FETCHED: NSE:ADANIENT-EQ - stored 407 completed 5-minute candles
2026-09-15T11:48:10 FETCHED: NSE:ADANIPORTS-EQ - stored 407 completed 5-minute candles
2026-09-15T11:48:10 FETCHED: NSE:APOLLOHOSP-EQ - stored 407 completed 5-minute candles
2026-09-15T11:48:10 FETCHED: NSE:ASIANPAINT-EQ - stored 407 completed 5-minute candles
2026-09-15T11:48:11 FETCHED: NSE:AXISBANK-EQ - stored 407 completed 5-minute candles
2026-09-15T11:48:11 FETCHED: NSE:BAJAJ-AUTO-EQ - stored 407 completed 5-minute candles
2026-09-15T11:48:12 FETCHED: NSE:BAJFINANCE-EQ - stored 407 completed 5-minute candles
2026-09-15T11:48:12 FETCHED: NSE:BAJAJFINSV-EQ - stored 407 completed 5-minute candles
2026-09-15T11:48:12 FETCHED: NSE:BEL-EQ - stored 407 completed 5-minute candles
2026-09-15T11:48:13 FETCHED: NSE:BHARTIARTL-EQ - stored 407 completed 5-minute candles
2026-09-15T11:48:13 FETCHED: NSE:CIPLA-EQ - stored 407 completed 5-minute candles
2026-09-15T11:48:13 FETCHED: NSE:COALINDIA-EQ - stored 407 completed 5-minute candles
2026-09-15T11:48:14 FETCHED: NSE:DRREDDY-EQ - stored 407 completed 5-minute candles
2026-09-15T11:48:14 FETCHED: NSE:EICHERMOT-EQ - stored 407 completed 5-minute candles
2026-09-15T11:48:14 FETCHED: NSE:ETERNAL-EQ - stored 407 completed 5-minute candles
2026-09-15T11:48:15 FETCHED: NSE:GRASIM-EQ - stored 407 completed 5-minute candles
2026-09-15T11:48:15 FETCHED: NSE:HCLTECH-EQ - stored 407 completed 5-minute candles
2026-09-15T11:48:16 FETCHED: NSE:HDFCBANK-EQ - stored 407 completed 5-minute candles
2026-09-15T11:48:16 FETCHED: NSE:HDFCLIFE-EQ - stored 407 completed 5-minute candles
2026-09-15T11:48:16 FETCHED: NSE:HINDALCO-EQ - stored 407 completed 5-minute candles
2026-09-15T11:48:17 FETCHED: NSE:HINDUNILVR-EQ - stored 407 completed 5-minute candles
2026-09-15T11:48:17 FETCHED: NSE:ICICIBANK-EQ - stored 407 completed 5-minute candles
2026-09-15T11:48:18 FETCHED: NSE:ITC-EQ - stored 407 completed 5-minute candles
2026-09-15T11:48:18 FETCHED: NSE:INFY-EQ - stored 407 completed 5-minute candles
2026-09-15T11:48:19 FETCHED: NSE:INDIGO-EQ - stored 407 completed 5-minute candles
2026-09-15T11:48:19 FETCHED: NSE:JSWSTEEL-EQ - stored 407 completed 5-minute candles
2026-09-15T11:48:19 FETCHED: NSE:JIOFIN-EQ - stored 407 completed 5-minute candles
2026-09-15T11:48:20 FETCHED: NSE:KOTAKBANK-EQ - stored 407 completed 5-minute candles
2026-09-15T11:48:20 FETCHED: NSE:LT-EQ - stored 407 completed 5-minute candles
2026-09-15T11:48:21 FETCHED: NSE:M&M-EQ - stored 407 completed 5-minute candles
2026-09-15T11:48:21 FETCHED: NSE:MARUTI-EQ - stored 407 completed 5-minute candles
2026-09-15T11:48:21 FETCHED: NSE:MAXHEALTH-EQ - stored 407 completed 5-minute candles
2026-09-15T11:48:22 FETCHED: NSE:NTPC-EQ - stored 407 completed 5-minute candles
2026-09-15T11:48:22 FETCHED: NSE:NESTLEIND-EQ - stored 407 completed 5-minute candles
2026-09-15T11:48:23 FETCHED: NSE:ONGC-EQ - stored 407 completed 5-minute candles
2026-09-15T11:48:23 FETCHED: NSE:POWERGRID-EQ - stored 408 completed 5-minute candles
2026-09-15T11:48:23 FETCHED: NSE:RELIANCE-EQ - stored 407 completed 5-minute candles
2026-09-15T11:48:24 FETCHED: NSE:SBILIFE-EQ - stored 407 completed 5-minute candles
2026-09-15T11:48:24 FETCHED: NSE:SHRIRAMFIN-EQ - stored 407 completed 5-minute candles
2026-09-15T11:48:25 FETCHED: NSE:SBIN-EQ - stored 407 completed 5-minute candles
2026-09-15T11:48:25 FETCHED: NSE:SUNPHARMA-EQ - stored 407 completed 5-minute candles
2026-09-15T11:48:25 FETCHED: NSE:TCS-EQ - stored 407 completed 5-minute candles
2026-09-15T11:48:26 FETCHED: NSE:TATACONSUM-EQ - stored 407 completed 5-minute candles
2026-09-15T11:48:26 FETCHED: NSE:TMPV-EQ - stored 407 completed 5-minute candles
2026-09-15T11:48:27 FETCHED: NSE:TATASTEEL-EQ - stored 407 completed 5-minute candles
2026-09-15T11:48:28 FETCHED: NSE:TECHM-EQ - stored 407 completed 5-minute candles
2026-09-15T11:48:29 FETCHED: NSE:TITAN-EQ - stored 407 completed 5-minute candles
2026-09-15T11:48:29 FETCHED: NSE:TRENT-EQ - stored 407 completed 5-minute candles
2026-09-15T11:48:29 FETCHED: NSE:ULTRACEMCO-EQ - stored 407 completed 5-minute candles
2026-09-15T11:48:30 FETCHED: NSE:WIPRO-EQ - stored 407 completed 5-minute candles
2026-09-15T11:49:00 FETCH_CYCLE: 2026-09-15T11:49:00+05:30
2026-09-15T11:49:00 FETCHED: NSE:ADANIENT-EQ - stored 407 completed 5-minute candles
2026-09-15T11:49:00 FETCHED: NSE:ADANIPORTS-EQ - stored 407 completed 5-minute candles
2026-09-15T11:49:01 FETCHED: NSE:APOLLOHOSP-EQ - stored 407 completed 5-minute candles
2026-09-15T11:49:01 FETCHED: NSE:ASIANPAINT-EQ - stored 407 completed 5-minute candles
2026-09-15T11:49:02 FETCHED: NSE:AXISBANK-EQ - stored 407 completed 5-minute candles
2026-09-15T11:49:02 FETCHED: NSE:BAJAJ-AUTO-EQ - stored 407 completed 5-minute candles
2026-09-15T11:49:03 FETCHED: NSE:BAJFINANCE-EQ - stored 407 completed 5-minute candles
2026-09-15T11:49:03 FETCHED: NSE:BAJAJFINSV-EQ - stored 407 completed 5-minute candles
2026-09-15T11:49:04 FETCHED: NSE:BEL-EQ - stored 407 completed 5-minute candles
2026-09-15T11:49:04 FETCHED: NSE:BHARTIARTL-EQ - stored 407 completed 5-minute candles
2026-09-15T11:49:04 FETCHED: NSE:CIPLA-EQ - stored 407 completed 5-minute candles
2026-09-15T11:49:05 FETCHED: NSE:COALINDIA-EQ - stored 407 completed 5-minute candles
2026-09-15T11:49:05 FETCHED: NSE:DRREDDY-EQ - stored 407 completed 5-minute candles
2026-09-15T11:49:06 FETCHED: NSE:EICHERMOT-EQ - stored 407 completed 5-minute candles
2026-09-15T11:49:06 FETCHED: NSE:ETERNAL-EQ - stored 407 completed 5-minute candles
2026-09-15T11:49:06 FETCHED: NSE:GRASIM-EQ - stored 407 completed 5-minute candles
2026-09-15T11:49:08 FETCHED: NSE:HCLTECH-EQ - stored 407 completed 5-minute candles
2026-09-15T11:49:09 FETCHED: NSE:HDFCBANK-EQ - stored 407 completed 5-minute candles
2026-09-15T11:49:09 FETCHED: NSE:HDFCLIFE-EQ - stored 407 completed 5-minute candles
2026-09-15T11:49:10 FETCHED: NSE:HINDALCO-EQ - stored 407 completed 5-minute candles
2026-09-15T11:49:11 FETCHED: NSE:HINDUNILVR-EQ - stored 407 completed 5-minute candles
2026-09-15T11:49:11 FETCHED: NSE:ICICIBANK-EQ - stored 407 completed 5-minute candles
2026-09-15T11:49:12 FETCHED: NSE:ITC-EQ - stored 407 completed 5-minute candles
2026-09-15T11:49:12 FETCHED: NSE:INFY-EQ - stored 407 completed 5-minute candles
2026-09-15T11:49:13 FETCHED: NSE:INDIGO-EQ - stored 407 completed 5-minute candles
2026-09-15T11:49:13 FETCHED: NSE:JSWSTEEL-EQ - stored 407 completed 5-minute candles
2026-09-15T11:49:14 FETCHED: NSE:JIOFIN-EQ - stored 407 completed 5-minute candles
2026-09-15T11:49:14 FETCHED: NSE:KOTAKBANK-EQ - stored 407 completed 5-minute candles
2026-09-15T11:49:15 FETCHED: NSE:LT-EQ - stored 407 completed 5-minute candles
2026-09-15T11:49:16 FETCHED: NSE:M&M-EQ - stored 407 completed 5-minute candles
2026-09-15T11:49:16 FETCHED: NSE:MARUTI-EQ - stored 407 completed 5-minute candles
2026-09-15T11:49:17 FETCHED: NSE:MAXHEALTH-EQ - stored 407 completed 5-minute candles
2026-09-15T11:49:17 FETCHED: NSE:NTPC-EQ - stored 407 completed 5-minute candles
2026-09-15T11:49:18 FETCHED: NSE:NESTLEIND-EQ - stored 407 completed 5-minute candles
2026-09-15T11:49:18 FETCHED: NSE:ONGC-EQ - stored 407 completed 5-minute candles
2026-09-15T11:49:19 FETCHED: NSE:POWERGRID-EQ - stored 408 completed 5-minute candles
2026-09-15T11:49:20 FETCHED: NSE:RELIANCE-EQ - stored 407 completed 5-minute candles
2026-09-15T11:49:20 FETCHED: NSE:SBILIFE-EQ - stored 407 completed 5-minute candles
2026-09-15T11:49:21 FETCHED: NSE:SHRIRAMFIN-EQ - stored 407 completed 5-minute candles
2026-09-15T11:49:22 FETCHED: NSE:SBIN-EQ - stored 407 completed 5-minute candles
2026-09-15T11:49:22 FETCHED: NSE:SUNPHARMA-EQ - stored 407 completed 5-minute candles
2026-09-15T11:49:22 FETCHED: NSE:TCS-EQ - stored 407 completed 5-minute candles
2026-09-15T11:49:23 FETCHED: NSE:TATACONSUM-EQ - stored 407 completed 5-minute candles
2026-09-15T11:49:24 FETCHED: NSE:TMPV-EQ - stored 407 completed 5-minute candles
2026-09-15T11:49:24 FETCHED: NSE:TATASTEEL-EQ - stored 407 completed 5-minute candles
2026-09-15T11:49:24 FETCHED: NSE:TECHM-EQ - stored 407 completed 5-minute candles
2026-09-15T11:49:25 FETCHED: NSE:TITAN-EQ - stored 407 completed 5-minute candles
2026-09-15T11:49:25 FETCHED: NSE:TRENT-EQ - stored 407 completed 5-minute candles
2026-09-15T11:49:25 FETCHED: NSE:ULTRACEMCO-EQ - stored 407 completed 5-minute candles
2026-09-15T11:49:26 FETCHED: NSE:WIPRO-EQ - stored 407 completed 5-minute candles
2026-09-15T11:49:56 FETCH_CYCLE: 2026-09-15T11:49:56+05:30
2026-09-15T11:49:56 FETCHED: NSE:ADANIENT-EQ - stored 407 completed 5-minute candles
2026-09-15T11:49:56 FETCHED: NSE:ADANIPORTS-EQ - stored 407 completed 5-minute candles
2026-09-15T11:49:57 FETCHED: NSE:APOLLOHOSP-EQ - stored 407 completed 5-minute candles
2026-09-15T11:49:57 FETCHED: NSE:ASIANPAINT-EQ - stored 407 completed 5-minute candles
2026-09-15T11:49:58 FETCHED: NSE:AXISBANK-EQ - stored 407 completed 5-minute candles
2026-09-15T11:49:58 FETCHED: NSE:BAJAJ-AUTO-EQ - stored 407 completed 5-minute candles
2026-09-15T11:49:58 FETCHED: NSE:BAJFINANCE-EQ - stored 407 completed 5-minute candles
2026-09-15T11:49:59 FETCHED: NSE:BAJAJFINSV-EQ - stored 407 completed 5-minute candles
2026-09-15T11:49:59 FETCHED: NSE:BEL-EQ - stored 407 completed 5-minute candles
2026-09-15T11:49:59 FETCHED: NSE:BHARTIARTL-EQ - stored 407 completed 5-minute candles
2026-09-15T11:50:00 FETCHED: NSE:CIPLA-EQ - stored 407 completed 5-minute candles
2026-09-15T11:50:00 FETCHED: NSE:COALINDIA-EQ - stored 407 completed 5-minute candles
2026-09-15T11:50:00 FETCHED: NSE:DRREDDY-EQ - stored 407 completed 5-minute candles
2026-09-15T11:50:01 FETCHED: NSE:EICHERMOT-EQ - stored 408 completed 5-minute candles
2026-09-15T11:50:01 FETCHED: NSE:ETERNAL-EQ - stored 408 completed 5-minute candles
2026-09-15T11:50:02 FETCHED: NSE:GRASIM-EQ - stored 408 completed 5-minute candles
2026-09-15T11:50:03 FETCHED: NSE:HCLTECH-EQ - stored 408 completed 5-minute candles
2026-09-15T11:50:03 FETCHED: NSE:HDFCBANK-EQ - stored 408 completed 5-minute candles
2026-09-15T11:50:04 FETCHED: NSE:HDFCLIFE-EQ - stored 408 completed 5-minute candles
2026-09-15T11:50:04 FETCHED: NSE:HINDALCO-EQ - stored 408 completed 5-minute candles
2026-09-15T11:50:04 FETCHED: NSE:HINDUNILVR-EQ - stored 408 completed 5-minute candles
2026-09-15T11:50:05 FETCHED: NSE:ICICIBANK-EQ - stored 408 completed 5-minute candles
2026-09-15T11:50:05 FETCHED: NSE:ITC-EQ - stored 408 completed 5-minute candles
2026-09-15T11:50:06 FETCHED: NSE:INFY-EQ - stored 408 completed 5-minute candles
2026-09-15T11:50:06 FETCHED: NSE:INDIGO-EQ - stored 408 completed 5-minute candles
2026-09-15T11:50:07 FETCHED: NSE:JSWSTEEL-EQ - stored 408 completed 5-minute candles
2026-09-15T11:50:08 FETCHED: NSE:JIOFIN-EQ - stored 408 completed 5-minute candles
2026-09-15T11:50:09 FETCHED: NSE:KOTAKBANK-EQ - stored 408 completed 5-minute candles
2026-09-15T11:50:11 FETCHED: NSE:LT-EQ - stored 408 completed 5-minute candles
2026-09-15T11:50:12 FETCHED: NSE:M&M-EQ - stored 408 completed 5-minute candles
2026-09-15T11:50:14 FETCHED: NSE:MARUTI-EQ - stored 408 completed 5-minute candles
2026-09-15T11:50:15 FETCHED: NSE:MAXHEALTH-EQ - stored 408 completed 5-minute candles
2026-09-15T11:50:16 FETCHED: NSE:NTPC-EQ - stored 408 completed 5-minute candles
2026-09-15T11:50:17 FETCHED: NSE:NESTLEIND-EQ - stored 408 completed 5-minute candles
2026-09-15T11:50:18 FETCHED: NSE:ONGC-EQ - stored 408 completed 5-minute candles
2026-09-15T11:50:19 FETCHED: NSE:POWERGRID-EQ - stored 409 completed 5-minute candles
2026-09-15T11:50:20 FETCHED: NSE:RELIANCE-EQ - stored 408 completed 5-minute candles
2026-09-15T11:50:21 FETCHED: NSE:SBILIFE-EQ - stored 408 completed 5-minute candles
2026-09-15T11:50:23 FETCHED: NSE:SHRIRAMFIN-EQ - stored 408 completed 5-minute candles
2026-09-15T11:50:25 FETCHED: NSE:SBIN-EQ - stored 408 completed 5-minute candles
2026-09-15T11:50:55 FETCHED: NSE:SUNPHARMA-EQ - stored 408 completed 5-minute candles
2026-09-15T11:50:57 FETCHED: NSE:TCS-EQ - stored 408 completed 5-minute candles
2026-09-15T11:50:59 FETCHED: NSE:TATACONSUM-EQ - stored 408 completed 5-minute candles
2026-09-15T11:51:00 FETCHED: NSE:TMPV-EQ - stored 408 completed 5-minute candles
2026-09-15T11:51:02 FETCHED: NSE:TATASTEEL-EQ - stored 408 completed 5-minute candles
2026-09-15T11:51:03 FETCHED: NSE:TECHM-EQ - stored 408 completed 5-minute candles
2026-09-15T11:51:05 FETCHED: NSE:TITAN-EQ - stored 408 completed 5-minute candles
2026-09-15T11:51:05 FETCHED: NSE:TRENT-EQ - stored 408 completed 5-minute candles
2026-09-15T11:51:07 FETCHED: NSE:ULTRACEMCO-EQ - stored 408 completed 5-minute candles
2026-09-15T11:51:08 FETCHED: NSE:WIPRO-EQ - stored 408 completed 5-minute candles
2026-09-15T11:51:39 FETCH_CYCLE: 2026-09-15T11:51:39+05:30
2026-09-15T11:51:55 FETCHED: NSE:ADANIENT-EQ - stored 408 completed 5-minute candles
2026-09-15T11:51:56 FETCHED: NSE:ADANIPORTS-EQ - stored 408 completed 5-minute candles
2026-09-15T11:52:03 FETCHED: NSE:APOLLOHOSP-EQ - stored 408 completed 5-minute candles
2026-09-15T11:52:04 FETCHED: NSE:ASIANPAINT-EQ - stored 408 completed 5-minute candles
2026-09-15T11:52:05 FETCHED: NSE:AXISBANK-EQ - stored 408 completed 5-minute candles
2026-09-15T11:52:07 FETCHED: NSE:BAJAJ-AUTO-EQ - stored 408 completed 5-minute candles
2026-09-15T11:52:08 FETCHED: NSE:BAJFINANCE-EQ - stored 408 completed 5-minute candles
2026-09-15T11:52:08 FETCHED: NSE:BAJAJFINSV-EQ - stored 408 completed 5-minute candles
2026-09-15T11:52:09 FETCHED: NSE:BEL-EQ - stored 408 completed 5-minute candles
2026-09-15T11:52:10 FETCHED: NSE:BHARTIARTL-EQ - stored 408 completed 5-minute candles
2026-09-15T11:52:11 FETCHED: NSE:CIPLA-EQ - stored 408 completed 5-minute candles
2026-09-15T11:52:11 FETCHED: NSE:COALINDIA-EQ - stored 408 completed 5-minute candles
2026-09-15T11:52:12 FETCHED: NSE:DRREDDY-EQ - stored 408 completed 5-minute candles
2026-09-15T11:52:13 FETCHED: NSE:EICHERMOT-EQ - stored 408 completed 5-minute candles
2026-09-15T11:52:13 FETCHED: NSE:ETERNAL-EQ - stored 408 completed 5-minute candles
2026-09-15T11:52:14 FETCHED: NSE:GRASIM-EQ - stored 408 completed 5-minute candles
2026-09-15T11:52:15 FETCHED: NSE:HCLTECH-EQ - stored 408 completed 5-minute candles
2026-09-15T11:52:16 FETCHED: NSE:HDFCBANK-EQ - stored 408 completed 5-minute candles
2026-09-15T11:52:16 FETCHED: NSE:HDFCLIFE-EQ - stored 408 completed 5-minute candles
2026-09-15T11:52:16 FETCHED: NSE:HINDALCO-EQ - stored 408 completed 5-minute candles
2026-09-15T11:52:17 FETCHED: NSE:HINDUNILVR-EQ - stored 408 completed 5-minute candles
2026-09-15T11:52:17 FETCHED: NSE:ICICIBANK-EQ - stored 408 completed 5-minute candles
2026-09-15T11:52:18 FETCHED: NSE:ITC-EQ - stored 408 completed 5-minute candles
2026-09-15T11:52:19 FETCHED: NSE:INFY-EQ - stored 408 completed 5-minute candles
2026-09-15T11:52:20 FETCHED: NSE:INDIGO-EQ - stored 408 completed 5-minute candles
2026-09-15T11:52:20 FETCHED: NSE:JSWSTEEL-EQ - stored 408 completed 5-minute candles
2026-09-15T11:52:21 FETCHED: NSE:JIOFIN-EQ - stored 408 completed 5-minute candles
2026-09-15T11:52:21 FETCHED: NSE:KOTAKBANK-EQ - stored 408 completed 5-minute candles
2026-09-15T11:52:22 FETCHED: NSE:LT-EQ - stored 408 completed 5-minute candles
2026-09-15T11:52:22 FETCHED: NSE:M&M-EQ - stored 408 completed 5-minute candles
2026-09-15T11:52:23 FETCHED: NSE:MARUTI-EQ - stored 408 completed 5-minute candles
2026-09-15T11:52:23 FETCHED: NSE:MAXHEALTH-EQ - stored 408 completed 5-minute candles
2026-09-15T11:52:24 FETCHED: NSE:NTPC-EQ - stored 408 completed 5-minute candles
2026-09-15T11:52:25 FETCHED: NSE:NESTLEIND-EQ - stored 408 completed 5-minute candles
2026-09-15T11:52:26 FETCHED: NSE:ONGC-EQ - stored 408 completed 5-minute candles
2026-09-15T11:52:26 FETCHED: NSE:POWERGRID-EQ - stored 409 completed 5-minute candles
2026-09-15T11:52:26 FETCHED: NSE:RELIANCE-EQ - stored 408 completed 5-minute candles
2026-09-15T11:52:27 FETCHED: NSE:SBILIFE-EQ - stored 408 completed 5-minute candles
2026-09-15T11:52:27 FETCHED: NSE:SHRIRAMFIN-EQ - stored 408 completed 5-minute candles
2026-09-15T11:52:28 FETCHED: NSE:SBIN-EQ - stored 408 completed 5-minute candles
2026-09-15T11:52:28 FETCHED: NSE:SUNPHARMA-EQ - stored 408 completed 5-minute candles
2026-09-15T11:52:29 FETCHED: NSE:TCS-EQ - stored 408 completed 5-minute candles
2026-09-15T11:52:29 FETCHED: NSE:TATACONSUM-EQ - stored 408 completed 5-minute candles
2026-09-15T11:52:29 FETCHED: NSE:TMPV-EQ - stored 408 completed 5-minute candles
2026-09-15T11:52:30 FETCHED: NSE:TATASTEEL-EQ - stored 408 completed 5-minute candles
2026-09-15T11:52:30 FETCHED: NSE:TECHM-EQ - stored 408 completed 5-minute candles
2026-09-15T11:52:31 FETCHED: NSE:TITAN-EQ - stored 408 completed 5-minute candles
2026-09-15T11:52:32 FETCHED: NSE:TRENT-EQ - stored 408 completed 5-minute candles
2026-09-15T11:52:32 FETCHED: NSE:ULTRACEMCO-EQ - stored 408 completed 5-minute candles
2026-09-15T11:52:33 FETCHED: NSE:WIPRO-EQ - stored 408 completed 5-minute candles
2026-09-15T11:53:03 FETCH_CYCLE: 2026-09-15T11:53:03+05:30
2026-09-15T11:53:03 FETCHED: NSE:ADANIENT-EQ - stored 408 completed 5-minute candles
2026-09-15T11:53:04 FETCHED: NSE:ADANIPORTS-EQ - stored 408 completed 5-minute candles
2026-09-15T11:53:05 FETCHED: NSE:APOLLOHOSP-EQ - stored 408 completed 5-minute candles
2026-09-15T11:53:06 FETCHED: NSE:ASIANPAINT-EQ - stored 408 completed 5-minute candles
2026-09-15T11:53:07 FETCHED: NSE:AXISBANK-EQ - stored 408 completed 5-minute candles
2026-09-15T11:53:07 FETCHED: NSE:BAJAJ-AUTO-EQ - stored 408 completed 5-minute candles
2026-09-15T11:53:07 FETCHED: NSE:BAJFINANCE-EQ - stored 408 completed 5-minute candles
2026-09-15T11:53:08 FETCHED: NSE:BAJAJFINSV-EQ - stored 408 completed 5-minute candles
2026-09-15T11:53:08 FETCHED: NSE:BEL-EQ - stored 408 completed 5-minute candles
2026-09-15T11:53:08 FETCHED: NSE:BHARTIARTL-EQ - stored 408 completed 5-minute candles
2026-09-15T11:53:09 FETCHED: NSE:CIPLA-EQ - stored 408 completed 5-minute candles
2026-09-15T11:53:09 FETCHED: NSE:COALINDIA-EQ - stored 408 completed 5-minute candles
2026-09-15T11:53:10 FETCHED: NSE:DRREDDY-EQ - stored 408 completed 5-minute candles
2026-09-15T11:53:10 FETCHED: NSE:EICHERMOT-EQ - stored 408 completed 5-minute candles
2026-09-15T11:53:10 FETCHED: NSE:ETERNAL-EQ - stored 408 completed 5-minute candles
2026-09-15T11:53:11 FETCHED: NSE:GRASIM-EQ - stored 408 completed 5-minute candles
2026-09-15T11:53:11 FETCHED: NSE:HCLTECH-EQ - stored 408 completed 5-minute candles
2026-09-15T11:53:11 FETCHED: NSE:HDFCBANK-EQ - stored 408 completed 5-minute candles
2026-09-15T11:53:12 FETCHED: NSE:HDFCLIFE-EQ - stored 408 completed 5-minute candles
2026-09-15T11:53:12 FETCHED: NSE:HINDALCO-EQ - stored 408 completed 5-minute candles
2026-09-15T11:53:12 FETCHED: NSE:HINDUNILVR-EQ - stored 408 completed 5-minute candles
2026-09-15T11:53:13 FETCHED: NSE:ICICIBANK-EQ - stored 408 completed 5-minute candles
2026-09-15T11:53:13 FETCHED: NSE:ITC-EQ - stored 408 completed 5-minute candles
2026-09-15T11:53:14 FETCHED: NSE:INFY-EQ - stored 408 completed 5-minute candles
2026-09-15T11:53:14 FETCHED: NSE:INDIGO-EQ - stored 408 completed 5-minute candles
2026-09-15T11:53:14 FETCHED: NSE:JSWSTEEL-EQ - stored 408 completed 5-minute candles
2026-09-15T11:53:15 FETCHED: NSE:JIOFIN-EQ - stored 408 completed 5-minute candles
2026-09-15T11:53:15 FETCHED: NSE:KOTAKBANK-EQ - stored 408 completed 5-minute candles
2026-09-15T11:53:16 FETCHED: NSE:LT-EQ - stored 408 completed 5-minute candles
2026-09-15T11:53:16 FETCHED: NSE:M&M-EQ - stored 408 completed 5-minute candles
2026-09-15T11:53:16 FETCHED: NSE:MARUTI-EQ - stored 408 completed 5-minute candles
2026-09-15T11:53:17 FETCHED: NSE:MAXHEALTH-EQ - stored 408 completed 5-minute candles
2026-09-15T11:53:17 FETCHED: NSE:NTPC-EQ - stored 408 completed 5-minute candles
2026-09-15T11:53:18 FETCHED: NSE:NESTLEIND-EQ - stored 408 completed 5-minute candles
2026-09-15T11:53:18 FETCHED: NSE:ONGC-EQ - stored 408 completed 5-minute candles
2026-09-15T11:53:18 FETCHED: NSE:POWERGRID-EQ - stored 409 completed 5-minute candles
2026-09-15T11:53:19 FETCHED: NSE:RELIANCE-EQ - stored 408 completed 5-minute candles
2026-09-15T11:53:19 FETCHED: NSE:SBILIFE-EQ - stored 408 completed 5-minute candles
2026-09-15T11:53:20 FETCHED: NSE:SHRIRAMFIN-EQ - stored 408 completed 5-minute candles
2026-09-15T11:53:20 FETCHED: NSE:SBIN-EQ - stored 408 completed 5-minute candles
2026-09-15T11:53:20 FETCHED: NSE:SUNPHARMA-EQ - stored 408 completed 5-minute candles
2026-09-15T11:53:20 FETCHED: NSE:TCS-EQ - stored 408 completed 5-minute candles
2026-09-15T11:53:21 FETCHED: NSE:TATACONSUM-EQ - stored 408 completed 5-minute candles
2026-09-15T11:53:21 FETCHED: NSE:TMPV-EQ - stored 408 completed 5-minute candles
2026-09-15T11:53:22 FETCHED: NSE:TATASTEEL-EQ - stored 408 completed 5-minute candles
2026-09-15T11:53:22 FETCHED: NSE:TECHM-EQ - stored 408 completed 5-minute candles
2026-09-15T11:53:24 FETCHED: NSE:TITAN-EQ - stored 408 completed 5-minute candles
2026-09-15T11:53:24 FETCHED: NSE:TRENT-EQ - stored 408 completed 5-minute candles
2026-09-15T11:53:25 FETCHED: NSE:ULTRACEMCO-EQ - stored 408 completed 5-minute candles
2026-09-15T11:53:25 FETCHED: NSE:WIPRO-EQ - stored 408 completed 5-minute candles
2026-09-15T11:53:55 FETCH_CYCLE: 2026-09-15T11:53:55+05:30
2026-09-15T11:53:56 FETCHED: NSE:ADANIENT-EQ - stored 408 completed 5-minute candles
2026-09-15T11:53:57 FETCHED: NSE:ADANIPORTS-EQ - stored 408 completed 5-minute candles
2026-09-15T11:53:58 FETCHED: NSE:APOLLOHOSP-EQ - stored 408 completed 5-minute candles
2026-09-15T11:53:58 FETCHED: NSE:ASIANPAINT-EQ - stored 408 completed 5-minute candles
2026-09-15T11:53:58 FETCHED: NSE:AXISBANK-EQ - stored 408 completed 5-minute candles
2026-09-15T11:53:59 FETCHED: NSE:BAJAJ-AUTO-EQ - stored 408 completed 5-minute candles
2026-09-15T11:53:59 FETCHED: NSE:BAJFINANCE-EQ - stored 408 completed 5-minute candles
2026-09-15T11:53:59 FETCHED: NSE:BAJAJFINSV-EQ - stored 408 completed 5-minute candles
2026-09-15T11:54:00 FETCHED: NSE:BEL-EQ - stored 408 completed 5-minute candles
2026-09-15T11:54:00 FETCHED: NSE:BHARTIARTL-EQ - stored 408 completed 5-minute candles
2026-09-15T11:54:01 FETCHED: NSE:CIPLA-EQ - stored 408 completed 5-minute candles
2026-09-15T11:54:01 FETCHED: NSE:COALINDIA-EQ - stored 408 completed 5-minute candles
2026-09-15T11:54:02 FETCHED: NSE:DRREDDY-EQ - stored 408 completed 5-minute candles
2026-09-15T11:54:02 FETCHED: NSE:EICHERMOT-EQ - stored 408 completed 5-minute candles
2026-09-15T11:54:03 FETCHED: NSE:ETERNAL-EQ - stored 408 completed 5-minute candles
2026-09-15T11:54:04 FETCHED: NSE:GRASIM-EQ - stored 408 completed 5-minute candles
2026-09-15T11:54:05 FETCHED: NSE:HCLTECH-EQ - stored 408 completed 5-minute candles
2026-09-15T11:54:06 FETCHED: NSE:HDFCBANK-EQ - stored 408 completed 5-minute candles
2026-09-15T11:54:07 FETCHED: NSE:HDFCLIFE-EQ - stored 408 completed 5-minute candles
2026-09-15T11:54:07 FETCHED: NSE:HINDALCO-EQ - stored 408 completed 5-minute candles
2026-09-15T11:54:08 FETCHED: NSE:HINDUNILVR-EQ - stored 408 completed 5-minute candles
2026-09-15T11:54:09 FETCHED: NSE:ICICIBANK-EQ - stored 408 completed 5-minute candles
2026-09-15T11:54:10 FETCHED: NSE:ITC-EQ - stored 408 completed 5-minute candles
2026-09-15T11:54:10 FETCHED: NSE:INFY-EQ - stored 408 completed 5-minute candles
2026-09-15T11:54:11 FETCHED: NSE:INDIGO-EQ - stored 408 completed 5-minute candles
2026-09-15T11:54:12 FETCHED: NSE:JSWSTEEL-EQ - stored 408 completed 5-minute candles
2026-09-15T11:54:13 FETCHED: NSE:JIOFIN-EQ - stored 408 completed 5-minute candles
2026-09-15T11:54:14 FETCHED: NSE:KOTAKBANK-EQ - stored 408 completed 5-minute candles
2026-09-15T11:54:15 FETCHED: NSE:LT-EQ - stored 408 completed 5-minute candles
2026-09-15T11:54:15 FETCHED: NSE:M&M-EQ - stored 408 completed 5-minute candles
2026-09-15T11:54:16 FETCHED: NSE:MARUTI-EQ - stored 408 completed 5-minute candles
2026-09-15T11:54:16 FETCHED: NSE:MAXHEALTH-EQ - stored 408 completed 5-minute candles
2026-09-15T11:54:17 FETCHED: NSE:NTPC-EQ - stored 408 completed 5-minute candles
2026-09-15T11:54:17 FETCHED: NSE:NESTLEIND-EQ - stored 408 completed 5-minute candles
2026-09-15T11:54:18 FETCHED: NSE:ONGC-EQ - stored 408 completed 5-minute candles
2026-09-15T11:54:18 FETCHED: NSE:POWERGRID-EQ - stored 409 completed 5-minute candles
2026-09-15T11:54:18 FETCHED: NSE:RELIANCE-EQ - stored 408 completed 5-minute candles
2026-09-15T11:54:19 FETCHED: NSE:SBILIFE-EQ - stored 408 completed 5-minute candles
2026-09-15T11:54:20 FETCHED: NSE:SHRIRAMFIN-EQ - stored 408 completed 5-minute candles
2026-09-15T11:54:21 FETCHED: NSE:SBIN-EQ - stored 408 completed 5-minute candles
2026-09-15T11:54:22 FETCHED: NSE:SUNPHARMA-EQ - stored 408 completed 5-minute candles
2026-09-15T11:54:23 FETCHED: NSE:TCS-EQ - stored 408 completed 5-minute candles
2026-09-15T11:54:24 FETCHED: NSE:TATACONSUM-EQ - stored 408 completed 5-minute candles
2026-09-15T11:54:26 FETCHED: NSE:TMPV-EQ - stored 408 completed 5-minute candles
2026-09-15T11:54:28 FETCHED: NSE:TATASTEEL-EQ - stored 408 completed 5-minute candles
2026-09-15T11:54:29 FETCHED: NSE:TECHM-EQ - stored 408 completed 5-minute candles
2026-09-15T11:54:30 FETCHED: NSE:TITAN-EQ - stored 408 completed 5-minute candles
2026-09-15T11:54:31 FETCHED: NSE:TRENT-EQ - stored 408 completed 5-minute candles
2026-09-15T11:54:32 FETCHED: NSE:ULTRACEMCO-EQ - stored 408 completed 5-minute candles
2026-09-15T11:54:32 FETCHED: NSE:WIPRO-EQ - stored 408 completed 5-minute candles
2026-09-15T11:55:02 FETCH_CYCLE: 2026-09-15T11:55:02+05:30
2026-09-15T11:55:08 FETCHED: NSE:ADANIENT-EQ - stored 409 completed 5-minute candles
2026-09-15T11:55:08 FETCHED: NSE:ADANIPORTS-EQ - stored 409 completed 5-minute candles
2026-09-15T11:55:10 FETCHED: NSE:APOLLOHOSP-EQ - stored 409 completed 5-minute candles
2026-09-15T11:55:10 FETCHED: NSE:ASIANPAINT-EQ - stored 409 completed 5-minute candles
2026-09-15T11:55:11 FETCHED: NSE:AXISBANK-EQ - stored 409 completed 5-minute candles
2026-09-15T11:55:12 FETCHED: NSE:BAJAJ-AUTO-EQ - stored 409 completed 5-minute candles
2026-09-15T11:55:13 FETCHED: NSE:BAJFINANCE-EQ - stored 409 completed 5-minute candles
2026-09-15T11:55:13 FETCHED: NSE:BAJAJFINSV-EQ - stored 409 completed 5-minute candles
2026-09-15T11:55:15 FETCHED: NSE:BEL-EQ - stored 409 completed 5-minute candles
2026-09-15T11:55:16 FETCHED: NSE:BHARTIARTL-EQ - stored 409 completed 5-minute candles
2026-09-15T11:55:17 FETCHED: NSE:CIPLA-EQ - stored 409 completed 5-minute candles
2026-09-15T11:55:18 FETCHED: NSE:COALINDIA-EQ - stored 409 completed 5-minute candles
2026-09-15T11:55:18 FETCHED: NSE:DRREDDY-EQ - stored 409 completed 5-minute candles
2026-09-15T11:55:19 FETCHED: NSE:EICHERMOT-EQ - stored 409 completed 5-minute candles
2026-09-15T11:55:20 FETCHED: NSE:ETERNAL-EQ - stored 409 completed 5-minute candles
2026-09-15T11:55:21 FETCHED: NSE:GRASIM-EQ - stored 409 completed 5-minute candles
2026-09-15T11:55:21 FETCHED: NSE:HCLTECH-EQ - stored 409 completed 5-minute candles
2026-09-15T11:55:22 FETCHED: NSE:HDFCBANK-EQ - stored 409 completed 5-minute candles
2026-09-15T11:55:23 FETCHED: NSE:HDFCLIFE-EQ - stored 409 completed 5-minute candles
2026-09-15T11:55:23 FETCHED: NSE:HINDALCO-EQ - stored 409 completed 5-minute candles
2026-09-15T11:55:24 FETCHED: NSE:HINDUNILVR-EQ - stored 409 completed 5-minute candles
2026-09-15T11:55:24 FETCHED: NSE:ICICIBANK-EQ - stored 409 completed 5-minute candles
2026-09-15T11:55:24 FETCHED: NSE:ITC-EQ - stored 409 completed 5-minute candles
2026-09-15T11:55:25 FETCHED: NSE:INFY-EQ - stored 409 completed 5-minute candles
2026-09-15T11:55:25 FETCHED: NSE:INDIGO-EQ - stored 409 completed 5-minute candles
2026-09-15T11:55:26 FETCHED: NSE:JSWSTEEL-EQ - stored 409 completed 5-minute candles
2026-09-15T11:55:26 FETCHED: NSE:JIOFIN-EQ - stored 409 completed 5-minute candles
2026-09-15T11:55:27 FETCHED: NSE:KOTAKBANK-EQ - stored 409 completed 5-minute candles
2026-09-15T11:55:27 FETCHED: NSE:LT-EQ - stored 409 completed 5-minute candles
2026-09-15T11:55:28 FETCHED: NSE:M&M-EQ - stored 409 completed 5-minute candles
2026-09-15T11:55:28 FETCHED: NSE:MARUTI-EQ - stored 409 completed 5-minute candles
2026-09-15T11:55:28 FETCHED: NSE:MAXHEALTH-EQ - stored 409 completed 5-minute candles
2026-09-15T11:55:29 FETCHED: NSE:NTPC-EQ - stored 409 completed 5-minute candles
2026-09-15T11:55:29 FETCHED: NSE:NESTLEIND-EQ - stored 409 completed 5-minute candles
2026-09-15T11:55:30 FETCHED: NSE:ONGC-EQ - stored 409 completed 5-minute candles
2026-09-15T11:55:30 FETCHED: NSE:POWERGRID-EQ - stored 410 completed 5-minute candles
2026-09-15T11:55:30 FETCHED: NSE:RELIANCE-EQ - stored 409 completed 5-minute candles
2026-09-15T11:55:31 FETCHED: NSE:SBILIFE-EQ - stored 409 completed 5-minute candles
2026-09-15T11:55:31 FETCHED: NSE:SHRIRAMFIN-EQ - stored 409 completed 5-minute candles
2026-09-15T11:55:32 FETCHED: NSE:SBIN-EQ - stored 409 completed 5-minute candles
2026-09-15T11:55:32 FETCHED: NSE:SUNPHARMA-EQ - stored 409 completed 5-minute candles
2026-09-15T11:55:32 FETCHED: NSE:TCS-EQ - stored 409 completed 5-minute candles
2026-09-15T11:55:33 FETCHED: NSE:TATACONSUM-EQ - stored 409 completed 5-minute candles
2026-09-15T11:55:33 FETCHED: NSE:TMPV-EQ - stored 409 completed 5-minute candles
2026-09-15T11:55:34 FETCHED: NSE:TATASTEEL-EQ - stored 409 completed 5-minute candles
2026-09-15T11:55:34 FETCHED: NSE:TECHM-EQ - stored 409 completed 5-minute candles
2026-09-15T11:55:34 FETCHED: NSE:TITAN-EQ - stored 409 completed 5-minute candles
2026-09-15T11:55:35 FETCHED: NSE:TRENT-EQ - stored 409 completed 5-minute candles
2026-09-15T11:55:35 FETCHED: NSE:ULTRACEMCO-EQ - stored 409 completed 5-minute candles
2026-09-15T11:55:36 FETCHED: NSE:WIPRO-EQ - stored 409 completed 5-minute candles
2026-09-15T11:56:06 FETCH_CYCLE: 2026-09-15T11:56:06+05:30
2026-09-15T11:56:07 FETCHED: NSE:ADANIENT-EQ - stored 409 completed 5-minute candles
2026-09-15T11:56:07 FETCHED: NSE:ADANIPORTS-EQ - stored 409 completed 5-minute candles
2026-09-15T11:56:08 FETCHED: NSE:APOLLOHOSP-EQ - stored 409 completed 5-minute candles
2026-09-15T11:56:08 FETCHED: NSE:ASIANPAINT-EQ - stored 409 completed 5-minute candles
2026-09-15T11:56:09 FETCHED: NSE:AXISBANK-EQ - stored 409 completed 5-minute candles
2026-09-15T11:56:09 FETCHED: NSE:BAJAJ-AUTO-EQ - stored 409 completed 5-minute candles
2026-09-15T11:56:09 FETCHED: NSE:BAJFINANCE-EQ - stored 409 completed 5-minute candles
2026-09-15T11:56:10 FETCHED: NSE:BAJAJFINSV-EQ - stored 409 completed 5-minute candles
2026-09-15T11:56:11 FETCHED: NSE:BEL-EQ - stored 409 completed 5-minute candles
2026-09-15T11:56:11 FETCHED: NSE:BHARTIARTL-EQ - stored 409 completed 5-minute candles
2026-09-15T11:56:12 FETCHED: NSE:CIPLA-EQ - stored 409 completed 5-minute candles
2026-09-15T11:56:12 FETCHED: NSE:COALINDIA-EQ - stored 409 completed 5-minute candles
2026-09-15T11:56:13 FETCHED: NSE:DRREDDY-EQ - stored 409 completed 5-minute candles
2026-09-15T11:56:14 FETCHED: NSE:EICHERMOT-EQ - stored 409 completed 5-minute candles
2026-09-15T11:56:14 FETCHED: NSE:ETERNAL-EQ - stored 409 completed 5-minute candles
2026-09-15T11:56:15 FETCHED: NSE:GRASIM-EQ - stored 409 completed 5-minute candles
2026-09-15T11:56:15 FETCHED: NSE:HCLTECH-EQ - stored 409 completed 5-minute candles
2026-09-15T11:56:16 FETCHED: NSE:HDFCBANK-EQ - stored 409 completed 5-minute candles
2026-09-15T11:56:17 FETCHED: NSE:HDFCLIFE-EQ - stored 409 completed 5-minute candles
2026-09-15T11:56:17 FETCHED: NSE:HINDALCO-EQ - stored 409 completed 5-minute candles
2026-09-15T11:56:18 FETCHED: NSE:HINDUNILVR-EQ - stored 409 completed 5-minute candles
2026-09-15T11:56:19 FETCHED: NSE:ICICIBANK-EQ - stored 409 completed 5-minute candles
2026-09-15T11:56:20 FETCHED: NSE:ITC-EQ - stored 409 completed 5-minute candles
2026-09-15T11:56:20 FETCHED: NSE:INFY-EQ - stored 409 completed 5-minute candles
2026-09-15T11:56:20 FETCHED: NSE:INDIGO-EQ - stored 409 completed 5-minute candles
2026-09-15T11:56:21 FETCHED: NSE:JSWSTEEL-EQ - stored 409 completed 5-minute candles
2026-09-15T11:56:21 FETCHED: NSE:JIOFIN-EQ - stored 409 completed 5-minute candles
2026-09-15T11:56:22 FETCHED: NSE:KOTAKBANK-EQ - stored 409 completed 5-minute candles
2026-09-15T11:56:22 FETCHED: NSE:LT-EQ - stored 409 completed 5-minute candles
2026-09-15T11:56:23 FETCHED: NSE:M&M-EQ - stored 409 completed 5-minute candles
2026-09-15T11:56:23 FETCHED: NSE:MARUTI-EQ - stored 409 completed 5-minute candles
2026-09-15T11:56:23 FETCHED: NSE:MAXHEALTH-EQ - stored 409 completed 5-minute candles
2026-09-15T11:56:24 FETCHED: NSE:NTPC-EQ - stored 409 completed 5-minute candles
2026-09-15T11:56:24 FETCHED: NSE:NESTLEIND-EQ - stored 409 completed 5-minute candles
2026-09-15T11:56:25 FETCHED: NSE:ONGC-EQ - stored 409 completed 5-minute candles
2026-09-15T11:56:26 FETCHED: NSE:POWERGRID-EQ - stored 410 completed 5-minute candles
2026-09-15T11:56:26 FETCHED: NSE:RELIANCE-EQ - stored 409 completed 5-minute candles
2026-09-15T11:56:27 FETCHED: NSE:SBILIFE-EQ - stored 409 completed 5-minute candles
2026-09-15T11:56:27 FETCHED: NSE:SHRIRAMFIN-EQ - stored 409 completed 5-minute candles
2026-09-15T11:56:28 FETCHED: NSE:SBIN-EQ - stored 409 completed 5-minute candles
2026-09-15T11:56:28 FETCHED: NSE:SUNPHARMA-EQ - stored 409 completed 5-minute candles
2026-09-15T11:56:29 FETCHED: NSE:TCS-EQ - stored 409 completed 5-minute candles
2026-09-15T11:56:29 FETCHED: NSE:TATACONSUM-EQ - stored 409 completed 5-minute candles
2026-09-15T11:56:30 FETCHED: NSE:TMPV-EQ - stored 409 completed 5-minute candles
2026-09-15T11:56:30 FETCHED: NSE:TATASTEEL-EQ - stored 409 completed 5-minute candles
2026-09-15T11:56:31 FETCHED: NSE:TECHM-EQ - stored 409 completed 5-minute candles
2026-09-15T11:56:31 FETCHED: NSE:TITAN-EQ - stored 409 completed 5-minute candles
2026-09-15T11:56:32 FETCHED: NSE:TRENT-EQ - stored 409 completed 5-minute candles
2026-09-15T11:56:33 FETCHED: NSE:ULTRACEMCO-EQ - stored 409 completed 5-minute candles
2026-09-15T11:56:37 FETCHED: NSE:WIPRO-EQ - stored 409 completed 5-minute candles
2026-09-15T11:57:07 FETCH_CYCLE: 2026-09-15T11:57:07+05:30
2026-09-15T11:57:12 FETCHED: NSE:ADANIENT-EQ - stored 409 completed 5-minute candles
2026-09-15T11:57:13 FETCHED: NSE:ADANIPORTS-EQ - stored 409 completed 5-minute candles
2026-09-15T11:57:14 FETCHED: NSE:APOLLOHOSP-EQ - stored 409 completed 5-minute candles
2026-09-15T11:57:14 FETCHED: NSE:ASIANPAINT-EQ - stored 409 completed 5-minute candles
2026-09-15T11:57:16 FETCHED: NSE:AXISBANK-EQ - stored 409 completed 5-minute candles
2026-09-15T11:57:17 FETCHED: NSE:BAJAJ-AUTO-EQ - stored 409 completed 5-minute candles
2026-09-15T11:57:18 FETCHED: NSE:BAJFINANCE-EQ - stored 409 completed 5-minute candles
2026-09-15T11:57:19 FETCHED: NSE:BAJAJFINSV-EQ - stored 409 completed 5-minute candles
2026-09-15T11:57:19 FETCHED: NSE:BEL-EQ - stored 409 completed 5-minute candles
2026-09-15T11:57:21 FETCHED: NSE:BHARTIARTL-EQ - stored 409 completed 5-minute candles
2026-09-15T11:57:23 FETCHED: NSE:CIPLA-EQ - stored 409 completed 5-minute candles
2026-09-15T11:57:24 FETCHED: NSE:COALINDIA-EQ - stored 409 completed 5-minute candles
2026-09-15T11:57:25 FETCHED: NSE:DRREDDY-EQ - stored 409 completed 5-minute candles
2026-09-15T11:57:26 FETCHED: NSE:EICHERMOT-EQ - stored 409 completed 5-minute candles
2026-09-15T11:57:27 FETCHED: NSE:ETERNAL-EQ - stored 409 completed 5-minute candles
2026-09-15T11:57:28 FETCHED: NSE:GRASIM-EQ - stored 409 completed 5-minute candles
2026-09-15T11:57:29 FETCHED: NSE:HCLTECH-EQ - stored 409 completed 5-minute candles
2026-09-15T11:57:29 FETCHED: NSE:HDFCBANK-EQ - stored 409 completed 5-minute candles
2026-09-15T11:57:30 FETCHED: NSE:HDFCLIFE-EQ - stored 409 completed 5-minute candles
2026-09-15T11:57:31 FETCHED: NSE:HINDALCO-EQ - stored 409 completed 5-minute candles
2026-09-15T11:57:31 FETCHED: NSE:HINDUNILVR-EQ - stored 409 completed 5-minute candles
2026-09-15T11:57:32 FETCHED: NSE:ICICIBANK-EQ - stored 409 completed 5-minute candles
2026-09-15T11:57:33 FETCHED: NSE:ITC-EQ - stored 409 completed 5-minute candles
2026-09-15T11:57:34 FETCHED: NSE:INFY-EQ - stored 409 completed 5-minute candles
2026-09-15T11:57:35 FETCHED: NSE:INDIGO-EQ - stored 409 completed 5-minute candles
2026-09-15T11:57:35 FETCHED: NSE:JSWSTEEL-EQ - stored 409 completed 5-minute candles
2026-09-15T11:57:36 FETCHED: NSE:JIOFIN-EQ - stored 409 completed 5-minute candles
2026-09-15T11:57:36 FETCHED: NSE:KOTAKBANK-EQ - stored 409 completed 5-minute candles
2026-09-15T11:57:37 FETCHED: NSE:LT-EQ - stored 409 completed 5-minute candles
2026-09-15T11:57:37 FETCHED: NSE:M&M-EQ - stored 409 completed 5-minute candles
2026-09-15T11:57:38 FETCHED: NSE:MARUTI-EQ - stored 409 completed 5-minute candles
2026-09-15T11:57:38 FETCHED: NSE:MAXHEALTH-EQ - stored 409 completed 5-minute candles
2026-09-15T11:57:39 FETCHED: NSE:NTPC-EQ - stored 409 completed 5-minute candles
2026-09-15T11:57:39 FETCHED: NSE:NESTLEIND-EQ - stored 409 completed 5-minute candles
2026-09-15T11:57:39 FETCHED: NSE:ONGC-EQ - stored 409 completed 5-minute candles
2026-09-15T11:57:40 FETCHED: NSE:POWERGRID-EQ - stored 410 completed 5-minute candles
2026-09-15T11:57:41 FETCHED: NSE:RELIANCE-EQ - stored 409 completed 5-minute candles
2026-09-15T11:57:41 FETCHED: NSE:SBILIFE-EQ - stored 409 completed 5-minute candles
2026-09-15T11:57:42 FETCHED: NSE:SHRIRAMFIN-EQ - stored 409 completed 5-minute candles
2026-09-15T11:57:42 FETCHED: NSE:SBIN-EQ - stored 409 completed 5-minute candles
2026-09-15T11:57:42 FETCHED: NSE:SUNPHARMA-EQ - stored 409 completed 5-minute candles
2026-09-15T11:57:43 FETCHED: NSE:TCS-EQ - stored 409 completed 5-minute candles
2026-09-15T11:57:43 FETCHED: NSE:TATACONSUM-EQ - stored 409 completed 5-minute candles
2026-09-15T11:57:44 FETCHED: NSE:TMPV-EQ - stored 409 completed 5-minute candles
2026-09-15T11:57:44 FETCHED: NSE:TATASTEEL-EQ - stored 409 completed 5-minute candles
2026-09-15T11:57:45 FETCHED: NSE:TECHM-EQ - stored 409 completed 5-minute candles
2026-09-15T11:57:45 FETCHED: NSE:TITAN-EQ - stored 409 completed 5-minute candles
2026-09-15T11:57:46 FETCHED: NSE:TRENT-EQ - stored 409 completed 5-minute candles
2026-09-15T11:57:46 FETCHED: NSE:ULTRACEMCO-EQ - stored 409 completed 5-minute candles
2026-09-15T11:57:46 FETCHED: NSE:WIPRO-EQ - stored 409 completed 5-minute candles
2026-09-15T11:58:16 FETCH_CYCLE: 2026-09-15T11:58:16+05:30
2026-09-15T11:58:17 FETCHED: NSE:ADANIENT-EQ - stored 409 completed 5-minute candles
2026-09-15T11:58:18 FETCHED: NSE:ADANIPORTS-EQ - stored 409 completed 5-minute candles
2026-09-15T11:58:18 FETCHED: NSE:APOLLOHOSP-EQ - stored 409 completed 5-minute candles
2026-09-15T11:58:19 FETCHED: NSE:ASIANPAINT-EQ - stored 409 completed 5-minute candles
2026-09-15T11:58:19 FETCHED: NSE:AXISBANK-EQ - stored 409 completed 5-minute candles
2026-09-15T11:58:20 FETCHED: NSE:BAJAJ-AUTO-EQ - stored 409 completed 5-minute candles
2026-09-15T11:58:20 FETCHED: NSE:BAJFINANCE-EQ - stored 409 completed 5-minute candles
2026-09-15T11:58:21 FETCHED: NSE:BAJAJFINSV-EQ - stored 409 completed 5-minute candles
2026-09-15T11:58:21 FETCHED: NSE:BEL-EQ - stored 409 completed 5-minute candles
2026-09-15T11:58:21 FETCHED: NSE:BHARTIARTL-EQ - stored 409 completed 5-minute candles
2026-09-15T11:58:22 FETCHED: NSE:CIPLA-EQ - stored 409 completed 5-minute candles
2026-09-15T11:58:22 FETCHED: NSE:COALINDIA-EQ - stored 409 completed 5-minute candles
2026-09-15T11:58:23 FETCHED: NSE:DRREDDY-EQ - stored 409 completed 5-minute candles
2026-09-15T11:58:23 FETCHED: NSE:EICHERMOT-EQ - stored 409 completed 5-minute candles
2026-09-15T11:58:24 FETCHED: NSE:ETERNAL-EQ - stored 409 completed 5-minute candles
2026-09-15T11:58:24 FETCHED: NSE:GRASIM-EQ - stored 409 completed 5-minute candles
2026-09-15T11:58:25 FETCHED: NSE:HCLTECH-EQ - stored 409 completed 5-minute candles
2026-09-15T11:58:25 FETCHED: NSE:HDFCBANK-EQ - stored 409 completed 5-minute candles
2026-09-15T11:58:26 FETCHED: NSE:HDFCLIFE-EQ - stored 409 completed 5-minute candles
2026-09-15T11:58:26 FETCHED: NSE:HINDALCO-EQ - stored 409 completed 5-minute candles
2026-09-15T11:58:26 FETCHED: NSE:HINDUNILVR-EQ - stored 409 completed 5-minute candles
2026-09-15T11:58:27 FETCHED: NSE:ICICIBANK-EQ - stored 409 completed 5-minute candles
2026-09-15T11:58:28 FETCHED: NSE:ITC-EQ - stored 409 completed 5-minute candles
2026-09-15T11:58:28 FETCHED: NSE:INFY-EQ - stored 409 completed 5-minute candles
2026-09-15T11:58:29 FETCHED: NSE:INDIGO-EQ - stored 409 completed 5-minute candles
2026-09-15T11:58:29 FETCHED: NSE:JSWSTEEL-EQ - stored 409 completed 5-minute candles
2026-09-15T11:58:30 FETCHED: NSE:JIOFIN-EQ - stored 409 completed 5-minute candles
2026-09-15T11:58:30 FETCHED: NSE:KOTAKBANK-EQ - stored 409 completed 5-minute candles
2026-09-15T11:58:30 FETCHED: NSE:LT-EQ - stored 409 completed 5-minute candles
2026-09-15T11:58:31 FETCHED: NSE:M&M-EQ - stored 409 completed 5-minute candles
2026-09-15T11:58:31 FETCHED: NSE:MARUTI-EQ - stored 409 completed 5-minute candles
2026-09-15T11:58:32 FETCHED: NSE:MAXHEALTH-EQ - stored 409 completed 5-minute candles
2026-09-15T11:58:32 FETCHED: NSE:NTPC-EQ - stored 409 completed 5-minute candles
2026-09-15T11:58:33 FETCHED: NSE:NESTLEIND-EQ - stored 409 completed 5-minute candles
2026-09-15T11:58:33 FETCHED: NSE:ONGC-EQ - stored 409 completed 5-minute candles
2026-09-15T11:58:34 FETCHED: NSE:POWERGRID-EQ - stored 410 completed 5-minute candles
2026-09-15T11:58:34 FETCHED: NSE:RELIANCE-EQ - stored 409 completed 5-minute candles
2026-09-15T11:58:34 FETCHED: NSE:SBILIFE-EQ - stored 409 completed 5-minute candles
2026-09-15T11:58:35 FETCHED: NSE:SHRIRAMFIN-EQ - stored 409 completed 5-minute candles
2026-09-15T11:58:35 FETCHED: NSE:SBIN-EQ - stored 409 completed 5-minute candles
2026-09-15T11:58:36 FETCHED: NSE:SUNPHARMA-EQ - stored 409 completed 5-minute candles
2026-09-15T11:58:37 FETCHED: NSE:TCS-EQ - stored 409 completed 5-minute candles
2026-09-15T11:58:38 FETCHED: NSE:TATACONSUM-EQ - stored 409 completed 5-minute candles
2026-09-15T11:58:38 FETCHED: NSE:TMPV-EQ - stored 409 completed 5-minute candles
2026-09-15T11:58:39 FETCHED: NSE:TATASTEEL-EQ - stored 409 completed 5-minute candles
2026-09-15T11:58:40 FETCHED: NSE:TECHM-EQ - stored 409 completed 5-minute candles
2026-09-15T11:58:40 FETCHED: NSE:TITAN-EQ - stored 409 completed 5-minute candles
2026-09-15T11:58:41 FETCHED: NSE:TRENT-EQ - stored 409 completed 5-minute candles
2026-09-15T11:58:42 FETCHED: NSE:ULTRACEMCO-EQ - stored 409 completed 5-minute candles
2026-09-15T11:58:42 FETCHED: NSE:WIPRO-EQ - stored 409 completed 5-minute candles
2026-09-15T11:59:12 FETCH_CYCLE: 2026-09-15T11:59:12+05:30
2026-09-15T11:59:14 FETCHED: NSE:ADANIENT-EQ - stored 409 completed 5-minute candles
2026-09-15T11:59:14 FETCHED: NSE:ADANIPORTS-EQ - stored 409 completed 5-minute candles
2026-09-15T11:59:15 FETCHED: NSE:APOLLOHOSP-EQ - stored 409 completed 5-minute candles
2026-09-15T11:59:15 FETCHED: NSE:ASIANPAINT-EQ - stored 409 completed 5-minute candles
2026-09-15T11:59:16 FETCHED: NSE:AXISBANK-EQ - stored 409 completed 5-minute candles
2026-09-15T11:59:16 FETCHED: NSE:BAJAJ-AUTO-EQ - stored 409 completed 5-minute candles
2026-09-15T11:59:17 FETCHED: NSE:BAJFINANCE-EQ - stored 409 completed 5-minute candles
2026-09-15T11:59:17 FETCHED: NSE:BAJAJFINSV-EQ - stored 409 completed 5-minute candles
2026-09-15T11:59:18 FETCHED: NSE:BEL-EQ - stored 409 completed 5-minute candles
2026-09-15T11:59:18 FETCHED: NSE:BHARTIARTL-EQ - stored 409 completed 5-minute candles
2026-09-15T11:59:18 FETCHED: NSE:CIPLA-EQ - stored 409 completed 5-minute candles
2026-09-15T11:59:19 FETCHED: NSE:COALINDIA-EQ - stored 409 completed 5-minute candles
2026-09-15T11:59:19 FETCHED: NSE:DRREDDY-EQ - stored 409 completed 5-minute candles
2026-09-15T11:59:20 FETCHED: NSE:EICHERMOT-EQ - stored 409 completed 5-minute candles
2026-09-15T11:59:20 FETCHED: NSE:ETERNAL-EQ - stored 409 completed 5-minute candles
2026-09-15T11:59:21 FETCHED: NSE:GRASIM-EQ - stored 409 completed 5-minute candles
2026-09-15T11:59:21 FETCHED: NSE:HCLTECH-EQ - stored 409 completed 5-minute candles
2026-09-15T11:59:21 FETCHED: NSE:HDFCBANK-EQ - stored 409 completed 5-minute candles
2026-09-15T11:59:22 FETCHED: NSE:HDFCLIFE-EQ - stored 409 completed 5-minute candles
2026-09-15T11:59:22 FETCHED: NSE:HINDALCO-EQ - stored 409 completed 5-minute candles
2026-09-15T11:59:23 FETCHED: NSE:HINDUNILVR-EQ - stored 409 completed 5-minute candles
2026-09-15T11:59:23 FETCHED: NSE:ICICIBANK-EQ - stored 409 completed 5-minute candles
2026-09-15T11:59:23 FETCHED: NSE:ITC-EQ - stored 409 completed 5-minute candles
2026-09-15T11:59:24 FETCHED: NSE:INFY-EQ - stored 409 completed 5-minute candles
2026-09-15T11:59:24 FETCHED: NSE:INDIGO-EQ - stored 409 completed 5-minute candles
2026-09-15T11:59:26 FETCHED: NSE:JSWSTEEL-EQ - stored 409 completed 5-minute candles
2026-09-15T11:59:26 FETCHED: NSE:JIOFIN-EQ - stored 409 completed 5-minute candles
2026-09-15T11:59:26 FETCHED: NSE:KOTAKBANK-EQ - stored 409 completed 5-minute candles
2026-09-15T11:59:27 FETCHED: NSE:LT-EQ - stored 409 completed 5-minute candles
2026-09-15T11:59:27 FETCHED: NSE:M&M-EQ - stored 409 completed 5-minute candles
2026-09-15T11:59:28 FETCHED: NSE:MARUTI-EQ - stored 409 completed 5-minute candles
2026-09-15T11:59:28 FETCHED: NSE:MAXHEALTH-EQ - stored 409 completed 5-minute candles
2026-09-15T11:59:29 FETCHED: NSE:NTPC-EQ - stored 409 completed 5-minute candles
2026-09-15T11:59:30 FETCHED: NSE:NESTLEIND-EQ - stored 409 completed 5-minute candles
2026-09-15T11:59:31 FETCHED: NSE:ONGC-EQ - stored 409 completed 5-minute candles
2026-09-15T11:59:32 FETCHED: NSE:POWERGRID-EQ - stored 410 completed 5-minute candles
2026-09-15T11:59:33 FETCHED: NSE:RELIANCE-EQ - stored 409 completed 5-minute candles
2026-09-15T11:59:33 FETCHED: NSE:SBILIFE-EQ - stored 409 completed 5-minute candles
2026-09-15T11:59:34 FETCHED: NSE:SHRIRAMFIN-EQ - stored 409 completed 5-minute candles
2026-09-15T11:59:36 FETCHED: NSE:SBIN-EQ - stored 409 completed 5-minute candles
2026-09-15T11:59:36 FETCHED: NSE:SUNPHARMA-EQ - stored 409 completed 5-minute candles
2026-09-15T11:59:37 FETCHED: NSE:TCS-EQ - stored 409 completed 5-minute candles
2026-09-15T11:59:38 FETCHED: NSE:TATACONSUM-EQ - stored 409 completed 5-minute candles
2026-09-15T11:59:40 FETCHED: NSE:TMPV-EQ - stored 409 completed 5-minute candles
2026-09-15T11:59:42 FETCHED: NSE:TATASTEEL-EQ - stored 409 completed 5-minute candles
2026-09-15T11:59:43 FETCHED: NSE:TECHM-EQ - stored 409 completed 5-minute candles
2026-09-15T11:59:44 FETCHED: NSE:TITAN-EQ - stored 409 completed 5-minute candles
2026-09-15T11:59:45 FETCHED: NSE:TRENT-EQ - stored 409 completed 5-minute candles
2026-09-15T11:59:47 FETCHED: NSE:ULTRACEMCO-EQ - stored 409 completed 5-minute candles
2026-09-15T11:59:49 FETCHED: NSE:WIPRO-EQ - stored 409 completed 5-minute candles
2026-09-15T12:00:20 FETCH_CYCLE: 2026-09-15T12:00:20+05:30
2026-09-15T12:00:27 FETCHED: NSE:ADANIENT-EQ - stored 410 completed 5-minute candles
2026-09-15T12:00:28 FETCHED: NSE:ADANIPORTS-EQ - stored 410 completed 5-minute candles
2026-09-15T12:00:30 FETCHED: NSE:APOLLOHOSP-EQ - stored 410 completed 5-minute candles
2026-09-15T12:00:31 FETCHED: NSE:ASIANPAINT-EQ - stored 410 completed 5-minute candles
2026-09-15T12:00:32 FETCHED: NSE:AXISBANK-EQ - stored 410 completed 5-minute candles
2026-09-15T12:00:33 FETCHED: NSE:BAJAJ-AUTO-EQ - stored 410 completed 5-minute candles
2026-09-15T12:00:34 FETCHED: NSE:BAJFINANCE-EQ - stored 410 completed 5-minute candles
2026-09-15T12:00:35 FETCHED: NSE:BAJAJFINSV-EQ - stored 410 completed 5-minute candles
2026-09-15T12:00:37 FETCHED: NSE:BEL-EQ - stored 410 completed 5-minute candles
2026-09-15T12:00:39 FETCHED: NSE:BHARTIARTL-EQ - stored 410 completed 5-minute candles
2026-09-15T12:00:40 FETCHED: NSE:CIPLA-EQ - stored 410 completed 5-minute candles
2026-09-15T12:00:42 FETCHED: NSE:COALINDIA-EQ - stored 410 completed 5-minute candles
2026-09-15T12:00:44 FETCHED: NSE:DRREDDY-EQ - stored 410 completed 5-minute candles
2026-09-15T12:00:46 FETCHED: NSE:EICHERMOT-EQ - stored 410 completed 5-minute candles
2026-09-15T12:00:47 FETCHED: NSE:ETERNAL-EQ - stored 410 completed 5-minute candles
2026-09-15T12:00:48 FETCHED: NSE:GRASIM-EQ - stored 410 completed 5-minute candles
2026-09-15T12:00:50 FETCHED: NSE:HCLTECH-EQ - stored 410 completed 5-minute candles
2026-09-15T12:00:51 FETCHED: NSE:HDFCBANK-EQ - stored 410 completed 5-minute candles
2026-09-15T12:00:52 FETCHED: NSE:HDFCLIFE-EQ - stored 410 completed 5-minute candles
2026-09-15T12:00:52 FETCHED: NSE:HINDALCO-EQ - stored 410 completed 5-minute candles
2026-09-15T12:00:53 FETCHED: NSE:HINDUNILVR-EQ - stored 410 completed 5-minute candles
2026-09-15T12:00:55 FETCHED: NSE:ICICIBANK-EQ - stored 410 completed 5-minute candles
2026-09-15T12:00:55 FETCHED: NSE:ITC-EQ - stored 410 completed 5-minute candles
2026-09-15T12:00:56 FETCHED: NSE:INFY-EQ - stored 410 completed 5-minute candles
2026-09-15T12:00:56 FETCHED: NSE:INDIGO-EQ - stored 410 completed 5-minute candles
2026-09-15T12:00:58 FETCHED: NSE:JSWSTEEL-EQ - stored 410 completed 5-minute candles
2026-09-15T12:00:59 FETCHED: NSE:JIOFIN-EQ - stored 410 completed 5-minute candles
2026-09-15T12:01:00 FETCHED: NSE:KOTAKBANK-EQ - stored 410 completed 5-minute candles
2026-09-15T12:01:00 FETCHED: NSE:LT-EQ - stored 410 completed 5-minute candles
2026-09-15T12:01:01 FETCHED: NSE:M&M-EQ - stored 410 completed 5-minute candles
2026-09-15T12:01:02 FETCHED: NSE:MARUTI-EQ - stored 410 completed 5-minute candles
2026-09-15T12:01:02 FETCHED: NSE:MAXHEALTH-EQ - stored 410 completed 5-minute candles
2026-09-15T12:01:03 FETCHED: NSE:NTPC-EQ - stored 410 completed 5-minute candles
2026-09-15T12:01:04 FETCHED: NSE:NESTLEIND-EQ - stored 410 completed 5-minute candles
2026-09-15T12:01:04 FETCHED: NSE:ONGC-EQ - stored 410 completed 5-minute candles
2026-09-15T12:01:05 FETCHED: NSE:POWERGRID-EQ - stored 411 completed 5-minute candles
2026-09-15T12:01:06 FETCHED: NSE:RELIANCE-EQ - stored 410 completed 5-minute candles
2026-09-15T12:01:07 FETCHED: NSE:SBILIFE-EQ - stored 410 completed 5-minute candles
2026-09-15T12:01:08 FETCHED: NSE:SHRIRAMFIN-EQ - stored 410 completed 5-minute candles
2026-09-15T12:01:09 FETCHED: NSE:SBIN-EQ - stored 410 completed 5-minute candles
2026-09-15T12:01:09 FETCHED: NSE:SUNPHARMA-EQ - stored 410 completed 5-minute candles
2026-09-15T12:01:10 FETCHED: NSE:TCS-EQ - stored 410 completed 5-minute candles
2026-09-15T12:01:11 FETCHED: NSE:TATACONSUM-EQ - stored 410 completed 5-minute candles
2026-09-15T12:01:12 FETCHED: NSE:TMPV-EQ - stored 410 completed 5-minute candles
2026-09-15T12:01:12 FETCHED: NSE:TATASTEEL-EQ - stored 410 completed 5-minute candles
2026-09-15T12:01:13 FETCHED: NSE:TECHM-EQ - stored 410 completed 5-minute candles
2026-09-15T12:01:14 FETCHED: NSE:TITAN-EQ - stored 410 completed 5-minute candles
2026-09-15T12:01:15 FETCHED: NSE:TRENT-EQ - stored 410 completed 5-minute candles
2026-09-15T12:01:15 FETCHED: NSE:ULTRACEMCO-EQ - stored 410 completed 5-minute candles
2026-09-15T12:01:16 FETCHED: NSE:WIPRO-EQ - stored 410 completed 5-minute candles
2026-09-15T12:01:46 FETCH_CYCLE: 2026-09-15T12:01:46+05:30
2026-09-15T12:01:47 FETCHED: NSE:ADANIENT-EQ - stored 410 completed 5-minute candles
2026-09-15T12:01:48 FETCHED: NSE:ADANIPORTS-EQ - stored 410 completed 5-minute candles
2026-09-15T12:01:48 FETCHED: NSE:APOLLOHOSP-EQ - stored 410 completed 5-minute candles
2026-09-15T12:01:49 FETCHED: NSE:ASIANPAINT-EQ - stored 410 completed 5-minute candles
2026-09-15T12:01:50 FETCHED: NSE:AXISBANK-EQ - stored 410 completed 5-minute candles
2026-09-15T12:01:51 FETCHED: NSE:BAJAJ-AUTO-EQ - stored 410 completed 5-minute candles
2026-09-15T12:01:51 FETCHED: NSE:BAJFINANCE-EQ - stored 410 completed 5-minute candles
2026-09-15T12:01:52 FETCHED: NSE:BAJAJFINSV-EQ - stored 410 completed 5-minute candles
2026-09-15T12:01:52 FETCHED: NSE:BEL-EQ - stored 410 completed 5-minute candles
2026-09-15T12:01:53 FETCHED: NSE:BHARTIARTL-EQ - stored 410 completed 5-minute candles
2026-09-15T12:01:54 FETCHED: NSE:CIPLA-EQ - stored 410 completed 5-minute candles
2026-09-15T12:01:54 FETCHED: NSE:COALINDIA-EQ - stored 410 completed 5-minute candles
2026-09-15T12:01:55 FETCHED: NSE:DRREDDY-EQ - stored 410 completed 5-minute candles
2026-09-15T12:01:55 FETCHED: NSE:EICHERMOT-EQ - stored 410 completed 5-minute candles
2026-09-15T12:01:56 FETCHED: NSE:ETERNAL-EQ - stored 410 completed 5-minute candles
2026-09-15T12:01:56 FETCHED: NSE:GRASIM-EQ - stored 410 completed 5-minute candles
2026-09-15T12:01:57 FETCHED: NSE:HCLTECH-EQ - stored 410 completed 5-minute candles
2026-09-15T12:01:57 FETCHED: NSE:HDFCBANK-EQ - stored 410 completed 5-minute candles
2026-09-15T12:01:58 FETCHED: NSE:HDFCLIFE-EQ - stored 410 completed 5-minute candles
2026-09-15T12:01:58 FETCHED: NSE:HINDALCO-EQ - stored 410 completed 5-minute candles
2026-09-15T12:01:59 FETCHED: NSE:HINDUNILVR-EQ - stored 410 completed 5-minute candles
2026-09-15T12:01:59 FETCHED: NSE:ICICIBANK-EQ - stored 410 completed 5-minute candles
2026-09-15T12:02:00 FETCHED: NSE:ITC-EQ - stored 410 completed 5-minute candles
2026-09-15T12:02:00 FETCHED: NSE:INFY-EQ - stored 410 completed 5-minute candles
2026-09-15T12:02:01 FETCHED: NSE:INDIGO-EQ - stored 410 completed 5-minute candles
2026-09-15T12:02:02 FETCHED: NSE:JSWSTEEL-EQ - stored 410 completed 5-minute candles
2026-09-15T12:02:03 FETCHED: NSE:JIOFIN-EQ - stored 410 completed 5-minute candles
2026-09-15T12:02:03 FETCHED: NSE:KOTAKBANK-EQ - stored 410 completed 5-minute candles
2026-09-15T12:02:04 FETCHED: NSE:LT-EQ - stored 410 completed 5-minute candles
2026-09-15T12:02:05 FETCHED: NSE:M&M-EQ - stored 410 completed 5-minute candles
2026-09-15T12:02:05 FETCHED: NSE:MARUTI-EQ - stored 410 completed 5-minute candles
2026-09-15T12:02:06 FETCHED: NSE:MAXHEALTH-EQ - stored 410 completed 5-minute candles
2026-09-15T12:02:06 FETCHED: NSE:NTPC-EQ - stored 410 completed 5-minute candles
2026-09-15T12:02:07 FETCHED: NSE:NESTLEIND-EQ - stored 410 completed 5-minute candles
2026-09-15T12:02:07 FETCHED: NSE:ONGC-EQ - stored 410 completed 5-minute candles
2026-09-15T12:02:08 FETCHED: NSE:POWERGRID-EQ - stored 411 completed 5-minute candles
2026-09-15T12:02:09 FETCHED: NSE:RELIANCE-EQ - stored 410 completed 5-minute candles
2026-09-15T12:02:09 FETCHED: NSE:SBILIFE-EQ - stored 410 completed 5-minute candles
2026-09-15T12:02:10 FETCHED: NSE:SHRIRAMFIN-EQ - stored 410 completed 5-minute candles
2026-09-15T12:02:10 FETCHED: NSE:SBIN-EQ - stored 410 completed 5-minute candles
2026-09-15T12:02:11 FETCHED: NSE:SUNPHARMA-EQ - stored 410 completed 5-minute candles
2026-09-15T12:02:11 FETCHED: NSE:TCS-EQ - stored 410 completed 5-minute candles
2026-09-15T12:02:12 FETCHED: NSE:TATACONSUM-EQ - stored 410 completed 5-minute candles
2026-09-15T12:02:12 FETCHED: NSE:TMPV-EQ - stored 410 completed 5-minute candles
2026-09-15T12:02:13 FETCHED: NSE:TATASTEEL-EQ - stored 410 completed 5-minute candles
2026-09-15T12:02:13 FETCHED: NSE:TECHM-EQ - stored 410 completed 5-minute candles
2026-09-15T12:02:14 FETCHED: NSE:TITAN-EQ - stored 410 completed 5-minute candles
2026-09-15T12:02:15 FETCHED: NSE:TRENT-EQ - stored 410 completed 5-minute candles
2026-09-15T12:02:15 FETCHED: NSE:ULTRACEMCO-EQ - stored 410 completed 5-minute candles
2026-09-15T12:02:17 FETCHED: NSE:WIPRO-EQ - stored 410 completed 5-minute candles
2026-09-15T12:02:48 FETCH_CYCLE: 2026-09-15T12:02:48+05:30
2026-09-15T12:02:51 FETCHED: NSE:ADANIENT-EQ - stored 410 completed 5-minute candles
2026-09-15T12:02:52 FETCHED: NSE:ADANIPORTS-EQ - stored 410 completed 5-minute candles
2026-09-15T12:02:53 FETCHED: NSE:APOLLOHOSP-EQ - stored 410 completed 5-minute candles
2026-09-15T12:02:55 FETCHED: NSE:ASIANPAINT-EQ - stored 410 completed 5-minute candles
2026-09-15T12:02:55 FETCHED: NSE:AXISBANK-EQ - stored 410 completed 5-minute candles
2026-09-15T12:02:56 FETCHED: NSE:BAJAJ-AUTO-EQ - stored 410 completed 5-minute candles
2026-09-15T12:02:56 FETCHED: NSE:BAJFINANCE-EQ - stored 410 completed 5-minute candles
2026-09-15T12:02:57 FETCHED: NSE:BAJAJFINSV-EQ - stored 410 completed 5-minute candles
2026-09-15T12:02:58 FETCHED: NSE:BEL-EQ - stored 410 completed 5-minute candles
2026-09-15T12:02:59 FETCHED: NSE:BHARTIARTL-EQ - stored 410 completed 5-minute candles
2026-09-15T12:03:00 FETCHED: NSE:CIPLA-EQ - stored 410 completed 5-minute candles
2026-09-15T12:03:01 FETCHED: NSE:COALINDIA-EQ - stored 410 completed 5-minute candles
2026-09-15T12:03:02 FETCHED: NSE:DRREDDY-EQ - stored 410 completed 5-minute candles
2026-09-15T12:03:02 FETCHED: NSE:EICHERMOT-EQ - stored 410 completed 5-minute candles
2026-09-15T12:03:03 FETCHED: NSE:ETERNAL-EQ - stored 410 completed 5-minute candles
2026-09-15T12:03:04 FETCHED: NSE:GRASIM-EQ - stored 410 completed 5-minute candles
2026-09-15T12:03:05 FETCHED: NSE:HCLTECH-EQ - stored 410 completed 5-minute candles
2026-09-15T12:03:06 FETCHED: NSE:HDFCBANK-EQ - stored 410 completed 5-minute candles
2026-09-15T12:03:06 FETCHED: NSE:HDFCLIFE-EQ - stored 410 completed 5-minute candles
2026-09-15T12:03:07 FETCHED: NSE:HINDALCO-EQ - stored 410 completed 5-minute candles
2026-09-15T12:03:07 FETCHED: NSE:HINDUNILVR-EQ - stored 410 completed 5-minute candles
2026-09-15T12:03:08 FETCHED: NSE:ICICIBANK-EQ - stored 410 completed 5-minute candles
2026-09-15T12:03:08 FETCHED: NSE:ITC-EQ - stored 410 completed 5-minute candles
2026-09-15T12:03:09 FETCHED: NSE:INFY-EQ - stored 410 completed 5-minute candles
2026-09-15T12:03:09 FETCHED: NSE:INDIGO-EQ - stored 410 completed 5-minute candles
2026-09-15T12:03:09 FETCHED: NSE:JSWSTEEL-EQ - stored 410 completed 5-minute candles
2026-09-15T12:03:10 FETCHED: NSE:JIOFIN-EQ - stored 410 completed 5-minute candles
2026-09-15T12:03:10 FETCHED: NSE:KOTAKBANK-EQ - stored 410 completed 5-minute candles
2026-09-15T12:03:11 FETCHED: NSE:LT-EQ - stored 410 completed 5-minute candles
2026-09-15T12:03:11 FETCHED: NSE:M&M-EQ - stored 410 completed 5-minute candles
2026-09-15T12:03:12 FETCHED: NSE:MARUTI-EQ - stored 410 completed 5-minute candles
2026-09-15T12:03:12 FETCHED: NSE:MAXHEALTH-EQ - stored 410 completed 5-minute candles
2026-09-15T12:03:12 FETCHED: NSE:NTPC-EQ - stored 410 completed 5-minute candles
2026-09-15T12:03:13 FETCHED: NSE:NESTLEIND-EQ - stored 410 completed 5-minute candles
2026-09-15T12:03:13 FETCHED: NSE:ONGC-EQ - stored 410 completed 5-minute candles
2026-09-15T12:03:14 FETCHED: NSE:POWERGRID-EQ - stored 411 completed 5-minute candles
2026-09-15T12:03:14 FETCHED: NSE:RELIANCE-EQ - stored 410 completed 5-minute candles
2026-09-15T12:03:15 FETCHED: NSE:SBILIFE-EQ - stored 410 completed 5-minute candles
2026-09-15T12:03:15 FETCHED: NSE:SHRIRAMFIN-EQ - stored 410 completed 5-minute candles
2026-09-15T12:03:16 FETCHED: NSE:SBIN-EQ - stored 410 completed 5-minute candles
2026-09-15T12:03:16 FETCHED: NSE:SUNPHARMA-EQ - stored 410 completed 5-minute candles
2026-09-15T12:03:17 FETCHED: NSE:TCS-EQ - stored 410 completed 5-minute candles
2026-09-15T12:03:17 FETCHED: NSE:TATACONSUM-EQ - stored 410 completed 5-minute candles
2026-09-15T12:03:18 FETCHED: NSE:TMPV-EQ - stored 410 completed 5-minute candles
2026-09-15T12:03:18 FETCHED: NSE:TATASTEEL-EQ - stored 410 completed 5-minute candles
2026-09-15T12:03:18 FETCHED: NSE:TECHM-EQ - stored 410 completed 5-minute candles
2026-09-15T12:03:19 FETCHED: NSE:TITAN-EQ - stored 410 completed 5-minute candles
2026-09-15T12:03:19 FETCHED: NSE:TRENT-EQ - stored 410 completed 5-minute candles
2026-09-15T12:03:20 FETCHED: NSE:ULTRACEMCO-EQ - stored 410 completed 5-minute candles
2026-09-15T12:03:20 FETCHED: NSE:WIPRO-EQ - stored 410 completed 5-minute candles
2026-09-15T12:03:51 FETCH_CYCLE: 2026-09-15T12:03:51+05:30
2026-09-15T12:03:53 FETCHED: NSE:ADANIENT-EQ - stored 410 completed 5-minute candles
2026-09-15T12:03:55 FETCHED: NSE:ADANIPORTS-EQ - stored 410 completed 5-minute candles
2026-09-15T12:03:56 FETCHED: NSE:APOLLOHOSP-EQ - stored 410 completed 5-minute candles
2026-09-15T12:03:57 FETCHED: NSE:ASIANPAINT-EQ - stored 410 completed 5-minute candles
2026-09-15T12:03:57 FETCHED: NSE:AXISBANK-EQ - stored 410 completed 5-minute candles
2026-09-15T12:03:58 FETCHED: NSE:BAJAJ-AUTO-EQ - stored 410 completed 5-minute candles
2026-09-15T12:03:59 FETCHED: NSE:BAJFINANCE-EQ - stored 410 completed 5-minute candles
2026-09-15T12:04:00 FETCHED: NSE:BAJAJFINSV-EQ - stored 410 completed 5-minute candles
2026-09-15T12:04:01 FETCHED: NSE:BEL-EQ - stored 410 completed 5-minute candles
2026-09-15T12:04:01 FETCHED: NSE:BHARTIARTL-EQ - stored 410 completed 5-minute candles
2026-09-15T12:04:02 FETCHED: NSE:CIPLA-EQ - stored 410 completed 5-minute candles
2026-09-15T12:04:02 FETCHED: NSE:COALINDIA-EQ - stored 410 completed 5-minute candles
2026-09-15T12:04:04 FETCHED: NSE:DRREDDY-EQ - stored 410 completed 5-minute candles
2026-09-15T12:04:04 FETCHED: NSE:EICHERMOT-EQ - stored 410 completed 5-minute candles
2026-09-15T12:04:05 FETCHED: NSE:ETERNAL-EQ - stored 410 completed 5-minute candles
2026-09-15T12:04:06 FETCHED: NSE:GRASIM-EQ - stored 410 completed 5-minute candles
2026-09-15T12:04:07 FETCHED: NSE:HCLTECH-EQ - stored 410 completed 5-minute candles
2026-09-15T12:04:08 FETCHED: NSE:HDFCBANK-EQ - stored 410 completed 5-minute candles
2026-09-15T12:04:09 FETCHED: NSE:HDFCLIFE-EQ - stored 410 completed 5-minute candles
2026-09-15T12:04:09 FETCHED: NSE:HINDALCO-EQ - stored 410 completed 5-minute candles
2026-09-15T12:04:10 FETCHED: NSE:HINDUNILVR-EQ - stored 410 completed 5-minute candles
2026-09-15T12:04:11 FETCHED: NSE:ICICIBANK-EQ - stored 410 completed 5-minute candles
2026-09-15T12:04:11 FETCHED: NSE:ITC-EQ - stored 410 completed 5-minute candles
2026-09-15T12:04:12 FETCHED: NSE:INFY-EQ - stored 410 completed 5-minute candles
2026-09-15T12:04:13 FETCHED: NSE:INDIGO-EQ - stored 410 completed 5-minute candles
2026-09-15T12:04:14 FETCHED: NSE:JSWSTEEL-EQ - stored 410 completed 5-minute candles
2026-09-15T12:04:14 FETCHED: NSE:JIOFIN-EQ - stored 410 completed 5-minute candles
2026-09-15T12:04:15 FETCHED: NSE:KOTAKBANK-EQ - stored 410 completed 5-minute candles
2026-09-15T12:04:16 FETCHED: NSE:LT-EQ - stored 410 completed 5-minute candles
2026-09-15T12:04:17 FETCHED: NSE:M&M-EQ - stored 410 completed 5-minute candles
2026-09-15T12:04:18 FETCHED: NSE:MARUTI-EQ - stored 410 completed 5-minute candles
2026-09-15T12:04:19 FETCHED: NSE:MAXHEALTH-EQ - stored 410 completed 5-minute candles
2026-09-15T12:04:19 FETCHED: NSE:NTPC-EQ - stored 410 completed 5-minute candles
2026-09-15T12:04:21 FETCHED: NSE:NESTLEIND-EQ - stored 410 completed 5-minute candles
2026-09-15T12:04:22 FETCHED: NSE:ONGC-EQ - stored 410 completed 5-minute candles
2026-09-15T12:04:23 FETCHED: NSE:POWERGRID-EQ - stored 411 completed 5-minute candles
2026-09-15T12:04:24 FETCHED: NSE:RELIANCE-EQ - stored 410 completed 5-minute candles
2026-09-15T12:04:25 FETCHED: NSE:SBILIFE-EQ - stored 410 completed 5-minute candles
2026-09-15T12:04:26 FETCHED: NSE:SHRIRAMFIN-EQ - stored 410 completed 5-minute candles
2026-09-15T12:04:27 FETCHED: NSE:SBIN-EQ - stored 410 completed 5-minute candles
2026-09-15T12:04:27 FETCHED: NSE:SUNPHARMA-EQ - stored 410 completed 5-minute candles
2026-09-15T12:04:28 FETCHED: NSE:TCS-EQ - stored 410 completed 5-minute candles
2026-09-15T12:04:28 FETCHED: NSE:TATACONSUM-EQ - stored 410 completed 5-minute candles
2026-09-15T12:04:29 FETCHED: NSE:TMPV-EQ - stored 410 completed 5-minute candles
2026-09-15T12:04:30 FETCHED: NSE:TATASTEEL-EQ - stored 410 completed 5-minute candles
2026-09-15T12:04:30 FETCHED: NSE:TECHM-EQ - stored 410 completed 5-minute candles
2026-09-15T12:04:31 FETCHED: NSE:TITAN-EQ - stored 410 completed 5-minute candles
2026-09-15T12:04:32 FETCHED: NSE:TRENT-EQ - stored 410 completed 5-minute candles
2026-09-15T12:04:32 FETCHED: NSE:ULTRACEMCO-EQ - stored 410 completed 5-minute candles
2026-09-15T12:04:33 FETCHED: NSE:WIPRO-EQ - stored 410 completed 5-minute candles
2026-09-15T12:05:06 FETCH_CYCLE: 2026-09-15T12:05:06+05:30
2026-09-15T12:05:53 FETCHED: NSE:ADANIENT-EQ - stored 411 completed 5-minute candles
2026-09-15T12:05:53 FETCHED: NSE:ADANIPORTS-EQ - stored 411 completed 5-minute candles
2026-09-15T12:05:54 FETCHED: NSE:APOLLOHOSP-EQ - stored 411 completed 5-minute candles
2026-09-15T12:05:54 FETCHED: NSE:ASIANPAINT-EQ - stored 411 completed 5-minute candles
2026-09-15T12:05:55 FETCHED: NSE:AXISBANK-EQ - stored 411 completed 5-minute candles
2026-09-15T12:05:56 FETCHED: NSE:BAJAJ-AUTO-EQ - stored 411 completed 5-minute candles
2026-09-15T12:05:57 FETCHED: NSE:BAJFINANCE-EQ - stored 411 completed 5-minute candles
2026-09-15T12:05:57 FETCHED: NSE:BAJAJFINSV-EQ - stored 411 completed 5-minute candles
2026-09-15T12:05:58 FETCHED: NSE:BEL-EQ - stored 411 completed 5-minute candles
2026-09-15T12:05:58 FETCHED: NSE:BHARTIARTL-EQ - stored 411 completed 5-minute candles
2026-09-15T12:05:59 FETCHED: NSE:CIPLA-EQ - stored 411 completed 5-minute candles
2026-09-15T12:06:00 FETCHED: NSE:COALINDIA-EQ - stored 411 completed 5-minute candles
2026-09-15T12:06:42 FETCHED: NSE:DRREDDY-EQ - stored 411 completed 5-minute candles
2026-09-15T12:06:43 FETCHED: NSE:EICHERMOT-EQ - stored 411 completed 5-minute candles
2026-09-15T12:06:45 FETCHED: NSE:ETERNAL-EQ - stored 411 completed 5-minute candles
2026-09-15T12:06:46 FETCHED: NSE:GRASIM-EQ - stored 411 completed 5-minute candles
2026-09-15T12:06:48 FETCHED: NSE:HCLTECH-EQ - stored 411 completed 5-minute candles
2026-09-15T12:06:50 FETCHED: NSE:HDFCBANK-EQ - stored 411 completed 5-minute candles
2026-09-15T12:06:51 FETCHED: NSE:HDFCLIFE-EQ - stored 411 completed 5-minute candles
2026-09-15T12:06:52 FETCHED: NSE:HINDALCO-EQ - stored 411 completed 5-minute candles
2026-09-15T12:06:53 FETCHED: NSE:HINDUNILVR-EQ - stored 411 completed 5-minute candles
2026-09-15T12:06:54 FETCHED: NSE:ICICIBANK-EQ - stored 411 completed 5-minute candles
2026-09-15T12:06:55 FETCHED: NSE:ITC-EQ - stored 411 completed 5-minute candles
2026-09-15T12:06:56 FETCHED: NSE:INFY-EQ - stored 411 completed 5-minute candles
2026-09-15T12:06:57 FETCHED: NSE:INDIGO-EQ - stored 411 completed 5-minute candles
2026-09-15T12:06:58 FETCHED: NSE:JSWSTEEL-EQ - stored 411 completed 5-minute candles
2026-09-15T12:06:58 FETCHED: NSE:JIOFIN-EQ - stored 411 completed 5-minute candles
2026-09-15T12:06:59 FETCHED: NSE:KOTAKBANK-EQ - stored 411 completed 5-minute candles
2026-09-15T12:07:00 FETCHED: NSE:LT-EQ - stored 411 completed 5-minute candles
2026-09-15T12:07:00 FETCHED: NSE:M&M-EQ - stored 411 completed 5-minute candles
2026-09-15T12:07:01 FETCHED: NSE:MARUTI-EQ - stored 411 completed 5-minute candles
2026-09-15T12:07:02 FETCHED: NSE:MAXHEALTH-EQ - stored 411 completed 5-minute candles
2026-09-15T12:07:03 FETCHED: NSE:NTPC-EQ - stored 411 completed 5-minute candles
2026-09-15T12:07:03 FETCHED: NSE:NESTLEIND-EQ - stored 411 completed 5-minute candles
2026-09-15T12:07:04 FETCHED: NSE:ONGC-EQ - stored 411 completed 5-minute candles
2026-09-15T12:07:05 FETCHED: NSE:POWERGRID-EQ - stored 412 completed 5-minute candles
2026-09-15T12:07:06 FETCHED: NSE:RELIANCE-EQ - stored 411 completed 5-minute candles
2026-09-15T12:07:07 FETCHED: NSE:SBILIFE-EQ - stored 411 completed 5-minute candles
2026-09-15T12:07:08 FETCHED: NSE:SHRIRAMFIN-EQ - stored 411 completed 5-minute candles
2026-09-15T12:07:09 FETCHED: NSE:SBIN-EQ - stored 411 completed 5-minute candles
2026-09-15T12:07:09 FETCHED: NSE:SUNPHARMA-EQ - stored 411 completed 5-minute candles
2026-09-15T12:07:10 FETCHED: NSE:TCS-EQ - stored 411 completed 5-minute candles
2026-09-15T12:07:11 FETCHED: NSE:TATACONSUM-EQ - stored 411 completed 5-minute candles
2026-09-15T12:07:11 FETCHED: NSE:TMPV-EQ - stored 411 completed 5-minute candles
2026-09-15T12:07:12 FETCHED: NSE:TATASTEEL-EQ - stored 411 completed 5-minute candles
2026-09-15T12:07:12 FETCHED: NSE:TECHM-EQ - stored 411 completed 5-minute candles
2026-09-15T12:07:13 FETCHED: NSE:TITAN-EQ - stored 411 completed 5-minute candles
2026-09-15T12:07:13 FETCHED: NSE:TRENT-EQ - stored 411 completed 5-minute candles
2026-09-15T12:07:14 FETCHED: NSE:ULTRACEMCO-EQ - stored 411 completed 5-minute candles
2026-09-15T12:07:14 FETCHED: NSE:WIPRO-EQ - stored 411 completed 5-minute candles
2026-09-15T12:07:44 FETCH_CYCLE: 2026-09-15T12:07:44+05:30
2026-09-15T12:07:49 FETCHED: NSE:ADANIENT-EQ - stored 411 completed 5-minute candles
2026-09-15T12:07:51 FETCHED: NSE:ADANIPORTS-EQ - stored 411 completed 5-minute candles
2026-09-15T12:07:53 FETCHED: NSE:APOLLOHOSP-EQ - stored 411 completed 5-minute candles
2026-09-15T12:07:54 FETCHED: NSE:ASIANPAINT-EQ - stored 411 completed 5-minute candles
2026-09-15T12:07:55 FETCHED: NSE:AXISBANK-EQ - stored 411 completed 5-minute candles
2026-09-15T12:07:57 FETCHED: NSE:BAJAJ-AUTO-EQ - stored 411 completed 5-minute candles
2026-09-15T12:07:58 FETCHED: NSE:BAJFINANCE-EQ - stored 411 completed 5-minute candles
2026-09-15T12:07:58 FETCHED: NSE:BAJAJFINSV-EQ - stored 411 completed 5-minute candles
2026-09-15T12:07:59 FETCHED: NSE:BEL-EQ - stored 411 completed 5-minute candles
2026-09-15T12:08:00 FETCHED: NSE:BHARTIARTL-EQ - stored 411 completed 5-minute candles
2026-09-15T12:08:00 FETCHED: NSE:CIPLA-EQ - stored 411 completed 5-minute candles
2026-09-15T12:08:01 FETCHED: NSE:COALINDIA-EQ - stored 411 completed 5-minute candles
2026-09-15T12:08:01 FETCHED: NSE:DRREDDY-EQ - stored 411 completed 5-minute candles
2026-09-15T12:08:02 FETCHED: NSE:EICHERMOT-EQ - stored 411 completed 5-minute candles
2026-09-15T12:08:03 FETCHED: NSE:ETERNAL-EQ - stored 411 completed 5-minute candles
2026-09-15T12:08:03 FETCHED: NSE:GRASIM-EQ - stored 411 completed 5-minute candles
2026-09-15T12:08:04 FETCHED: NSE:HCLTECH-EQ - stored 411 completed 5-minute candles
2026-09-15T12:08:04 FETCHED: NSE:HDFCBANK-EQ - stored 411 completed 5-minute candles
2026-09-15T12:08:05 FETCHED: NSE:HDFCLIFE-EQ - stored 411 completed 5-minute candles
2026-09-15T12:08:05 FETCHED: NSE:HINDALCO-EQ - stored 411 completed 5-minute candles
2026-09-15T12:08:06 FETCHED: NSE:HINDUNILVR-EQ - stored 411 completed 5-minute candles
2026-09-15T12:08:06 FETCHED: NSE:ICICIBANK-EQ - stored 411 completed 5-minute candles
2026-09-15T12:08:07 FETCHED: NSE:ITC-EQ - stored 411 completed 5-minute candles
2026-09-15T12:08:08 FETCHED: NSE:INFY-EQ - stored 411 completed 5-minute candles
2026-09-15T12:08:08 FETCHED: NSE:INDIGO-EQ - stored 411 completed 5-minute candles
2026-09-15T12:08:08 FETCHED: NSE:JSWSTEEL-EQ - stored 411 completed 5-minute candles
2026-09-15T12:08:09 FETCHED: NSE:JIOFIN-EQ - stored 411 completed 5-minute candles
2026-09-15T12:08:09 FETCHED: NSE:KOTAKBANK-EQ - stored 411 completed 5-minute candles
2026-09-15T12:08:10 FETCHED: NSE:LT-EQ - stored 411 completed 5-minute candles
2026-09-15T12:08:10 FETCHED: NSE:M&M-EQ - stored 411 completed 5-minute candles
2026-09-15T12:08:11 FETCHED: NSE:MARUTI-EQ - stored 411 completed 5-minute candles
2026-09-15T12:08:11 FETCHED: NSE:MAXHEALTH-EQ - stored 411 completed 5-minute candles
2026-09-15T12:08:12 FETCHED: NSE:NTPC-EQ - stored 411 completed 5-minute candles
2026-09-15T12:08:12 FETCHED: NSE:NESTLEIND-EQ - stored 411 completed 5-minute candles
2026-09-15T12:08:13 FETCHED: NSE:ONGC-EQ - stored 411 completed 5-minute candles
2026-09-15T12:08:13 FETCHED: NSE:POWERGRID-EQ - stored 412 completed 5-minute candles
2026-09-15T12:08:14 FETCHED: NSE:RELIANCE-EQ - stored 411 completed 5-minute candles
2026-09-15T12:08:15 FETCHED: NSE:SBILIFE-EQ - stored 411 completed 5-minute candles
2026-09-15T12:08:15 FETCHED: NSE:SHRIRAMFIN-EQ - stored 411 completed 5-minute candles
2026-09-15T12:08:16 FETCHED: NSE:SBIN-EQ - stored 411 completed 5-minute candles
2026-09-15T12:08:17 FETCHED: NSE:SUNPHARMA-EQ - stored 411 completed 5-minute candles
2026-09-15T12:08:18 FETCHED: NSE:TCS-EQ - stored 411 completed 5-minute candles
2026-09-15T12:08:18 FETCHED: NSE:TATACONSUM-EQ - stored 411 completed 5-minute candles
2026-09-15T12:08:19 FETCHED: NSE:TMPV-EQ - stored 411 completed 5-minute candles
2026-09-15T12:08:20 FETCHED: NSE:TATASTEEL-EQ - stored 411 completed 5-minute candles
2026-09-15T12:08:20 FETCHED: NSE:TECHM-EQ - stored 411 completed 5-minute candles
2026-09-15T12:08:21 FETCHED: NSE:TITAN-EQ - stored 411 completed 5-minute candles
2026-09-15T12:08:21 FETCHED: NSE:TRENT-EQ - stored 411 completed 5-minute candles
2026-09-15T12:08:22 FETCHED: NSE:ULTRACEMCO-EQ - stored 411 completed 5-minute candles
2026-09-15T12:08:23 FETCHED: NSE:WIPRO-EQ - stored 411 completed 5-minute candles
2026-09-15T12:08:53 FETCH_CYCLE: 2026-09-15T12:08:53+05:30
2026-09-15T12:09:19 FETCHED: NSE:ADANIENT-EQ - stored 411 completed 5-minute candles
2026-09-15T12:09:21 FETCHED: NSE:ADANIPORTS-EQ - stored 411 completed 5-minute candles
2026-09-15T12:09:21 FETCHED: NSE:APOLLOHOSP-EQ - stored 411 completed 5-minute candles
2026-09-15T12:09:22 FETCHED: NSE:ASIANPAINT-EQ - stored 411 completed 5-minute candles
2026-09-15T12:09:22 FETCHED: NSE:AXISBANK-EQ - stored 411 completed 5-minute candles
2026-09-15T12:09:23 FETCHED: NSE:BAJAJ-AUTO-EQ - stored 411 completed 5-minute candles
2026-09-15T12:09:24 FETCHED: NSE:BAJFINANCE-EQ - stored 411 completed 5-minute candles
2026-09-15T12:09:26 FETCHED: NSE:BAJAJFINSV-EQ - stored 411 completed 5-minute candles
2026-09-15T12:09:27 FETCHED: NSE:BEL-EQ - stored 411 completed 5-minute candles
2026-09-15T12:09:28 FETCHED: NSE:BHARTIARTL-EQ - stored 411 completed 5-minute candles
2026-09-15T12:09:28 FETCHED: NSE:CIPLA-EQ - stored 411 completed 5-minute candles
2026-09-15T12:09:38 FETCHED: NSE:COALINDIA-EQ - stored 411 completed 5-minute candles
2026-09-15T12:09:42 FETCHED: NSE:DRREDDY-EQ - stored 411 completed 5-minute candles
2026-09-15T12:09:43 FETCHED: NSE:EICHERMOT-EQ - stored 411 completed 5-minute candles
2026-09-15T12:09:44 FETCHED: NSE:ETERNAL-EQ - stored 411 completed 5-minute candles
2026-09-15T12:09:44 FETCHED: NSE:GRASIM-EQ - stored 411 completed 5-minute candles
2026-09-15T12:09:46 FETCHED: NSE:HCLTECH-EQ - stored 411 completed 5-minute candles
2026-09-15T12:09:47 FETCHED: NSE:HDFCBANK-EQ - stored 411 completed 5-minute candles
2026-09-15T12:09:48 FETCHED: NSE:HDFCLIFE-EQ - stored 411 completed 5-minute candles
2026-09-15T12:09:48 FETCHED: NSE:HINDALCO-EQ - stored 411 completed 5-minute candles
2026-09-15T12:09:49 FETCHED: NSE:HINDUNILVR-EQ - stored 411 completed 5-minute candles
2026-09-15T12:09:49 FETCHED: NSE:ICICIBANK-EQ - stored 411 completed 5-minute candles
2026-09-15T12:09:50 FETCHED: NSE:ITC-EQ - stored 411 completed 5-minute candles
2026-09-15T12:09:50 FETCHED: NSE:INFY-EQ - stored 411 completed 5-minute candles
2026-09-15T12:09:51 FETCHED: NSE:INDIGO-EQ - stored 411 completed 5-minute candles
2026-09-15T12:09:51 FETCHED: NSE:JSWSTEEL-EQ - stored 411 completed 5-minute candles
2026-09-15T12:09:52 FETCHED: NSE:JIOFIN-EQ - stored 411 completed 5-minute candles
2026-09-15T12:09:54 FETCHED: NSE:KOTAKBANK-EQ - stored 411 completed 5-minute candles
2026-09-15T12:09:55 FETCHED: NSE:LT-EQ - stored 411 completed 5-minute candles
2026-09-15T12:09:57 FETCHED: NSE:M&M-EQ - stored 411 completed 5-minute candles
2026-09-15T12:09:59 FETCHED: NSE:MARUTI-EQ - stored 411 completed 5-minute candles
2026-09-15T12:10:00 FETCHED: NSE:MAXHEALTH-EQ - stored 411 completed 5-minute candles
2026-09-15T12:10:01 FETCHED: NSE:NTPC-EQ - stored 411 completed 5-minute candles
2026-09-15T12:11:02 FETCHED: NSE:NESTLEIND-EQ - stored 412 completed 5-minute candles
2026-09-15T12:12:28 ERROR: <urlopen error [SSL: UNEXPECTED_EOF_WHILE_READING] EOF occurred in violation of protocol (_ssl.c:1006)>
2026-09-15T12:16:11 LIVE MODE: real orders will be placed
2026-09-15T12:16:12 STARTED: 50 symbols, interval=30s, market=09:15:00-15:45:00 IST, already_entered=0
2026-09-15T12:16:13 FETCH_CYCLE: 2026-09-15T12:16:13+05:30
2026-09-15T12:16:28 FETCHED: NSE:ADANIENT-EQ - stored 413 completed 5-minute candles
2026-09-15T12:16:30 FETCHED: NSE:ADANIPORTS-EQ - stored 413 completed 5-minute candles
2026-09-15T12:16:31 FETCHED: NSE:APOLLOHOSP-EQ - stored 413 completed 5-minute candles
2026-09-15T12:16:33 FETCHED: NSE:ASIANPAINT-EQ - stored 413 completed 5-minute candles
2026-09-15T12:16:35 FETCHED: NSE:AXISBANK-EQ - stored 413 completed 5-minute candles
2026-09-15T12:16:36 FETCHED: NSE:BAJAJ-AUTO-EQ - stored 413 completed 5-minute candles
2026-09-15T12:16:38 FETCHED: NSE:BAJFINANCE-EQ - stored 413 completed 5-minute candles
2026-09-15T12:16:39 FETCHED: NSE:BAJAJFINSV-EQ - stored 413 completed 5-minute candles
2026-09-15T12:16:40 FETCHED: NSE:BEL-EQ - stored 413 completed 5-minute candles
2026-09-15T12:16:41 FETCHED: NSE:BHARTIARTL-EQ - stored 413 completed 5-minute candles
2026-09-15T12:16:42 FETCHED: NSE:CIPLA-EQ - stored 413 completed 5-minute candles
2026-09-15T12:16:43 FETCHED: NSE:COALINDIA-EQ - stored 413 completed 5-minute candles
2026-09-15T12:16:44 FETCHED: NSE:DRREDDY-EQ - stored 413 completed 5-minute candles
2026-09-15T12:16:45 FETCHED: NSE:EICHERMOT-EQ - stored 413 completed 5-minute candles
2026-09-15T12:16:46 FETCHED: NSE:ETERNAL-EQ - stored 413 completed 5-minute candles
2026-09-15T12:16:48 FETCHED: NSE:GRASIM-EQ - stored 413 completed 5-minute candles
2026-09-15T12:16:49 FETCHED: NSE:HCLTECH-EQ - stored 413 completed 5-minute candles
2026-09-15T12:16:50 FETCHED: NSE:HDFCBANK-EQ - stored 413 completed 5-minute candles
2026-09-15T12:16:51 FETCHED: NSE:HDFCLIFE-EQ - stored 413 completed 5-minute candles
2026-09-15T12:16:53 FETCHED: NSE:HINDALCO-EQ - stored 413 completed 5-minute candles
2026-09-15T12:16:54 FETCHED: NSE:HINDUNILVR-EQ - stored 413 completed 5-minute candles
2026-09-15T12:16:56 FETCHED: NSE:ICICIBANK-EQ - stored 413 completed 5-minute candles
2026-09-15T12:16:57 FETCHED: NSE:ITC-EQ - stored 413 completed 5-minute candles
2026-09-15T12:17:00 FETCHED: NSE:INFY-EQ - stored 413 completed 5-minute candles
2026-09-15T12:17:04 FETCHED: NSE:INDIGO-EQ - stored 413 completed 5-minute candles
2026-09-15T12:17:05 FETCHED: NSE:JSWSTEEL-EQ - stored 413 completed 5-minute candles
2026-09-15T12:17:06 FETCHED: NSE:JIOFIN-EQ - stored 413 completed 5-minute candles
2026-09-15T12:17:08 FETCHED: NSE:KOTAKBANK-EQ - stored 413 completed 5-minute candles
2026-09-15T12:17:10 FETCHED: NSE:LT-EQ - stored 413 completed 5-minute candles
2026-09-15T12:17:12 FETCHED: NSE:M&M-EQ - stored 413 completed 5-minute candles
2026-09-15T12:17:20 FETCHED: NSE:MARUTI-EQ - stored 413 completed 5-minute candles
2026-09-15T12:17:21 FETCHED: NSE:MAXHEALTH-EQ - stored 413 completed 5-minute candles
2026-09-15T12:17:23 FETCHED: NSE:NTPC-EQ - stored 413 completed 5-minute candles
2026-09-15T12:17:25 FETCHED: NSE:NESTLEIND-EQ - stored 413 completed 5-minute candles
2026-09-15T12:17:26 FETCHED: NSE:ONGC-EQ - stored 413 completed 5-minute candles
2026-09-15T12:17:28 FETCHED: NSE:POWERGRID-EQ - stored 414 completed 5-minute candles
2026-09-15T12:17:29 FETCHED: NSE:RELIANCE-EQ - stored 413 completed 5-minute candles
2026-09-15T12:17:30 FETCHED: NSE:SBILIFE-EQ - stored 413 completed 5-minute candles
2026-09-15T12:17:31 FETCHED: NSE:SHRIRAMFIN-EQ - stored 413 completed 5-minute candles
2026-09-15T12:17:32 FETCHED: NSE:SBIN-EQ - stored 413 completed 5-minute candles
2026-09-15T12:17:32 FETCHED: NSE:SUNPHARMA-EQ - stored 413 completed 5-minute candles
2026-09-15T12:17:33 FETCHED: NSE:TCS-EQ - stored 413 completed 5-minute candles
2026-09-15T12:17:34 FETCHED: NSE:TATACONSUM-EQ - stored 413 completed 5-minute candles
2026-09-15T12:17:34 FETCHED: NSE:TMPV-EQ - stored 413 completed 5-minute candles
2026-09-15T12:17:35 FETCHED: NSE:TATASTEEL-EQ - stored 413 completed 5-minute candles
2026-09-15T12:17:36 FETCHED: NSE:TECHM-EQ - stored 413 completed 5-minute candles
2026-09-15T12:17:36 FETCHED: NSE:TITAN-EQ - stored 413 completed 5-minute candles
2026-09-15T12:17:37 FETCHED: NSE:TRENT-EQ - stored 413 completed 5-minute candles
2026-09-15T12:17:38 FETCHED: NSE:ULTRACEMCO-EQ - stored 413 completed 5-minute candles
2026-09-15T12:17:39 FETCHED: NSE:WIPRO-EQ - stored 413 completed 5-minute candles
2026-09-15T12:18:09 FETCH_CYCLE: 2026-09-15T12:18:09+05:30
2026-09-15T12:18:10 FETCHED: NSE:ADANIENT-EQ - stored 413 completed 5-minute candles
2026-09-15T12:18:11 FETCHED: NSE:ADANIPORTS-EQ - stored 413 completed 5-minute candles
2026-09-15T12:18:13 FETCHED: NSE:APOLLOHOSP-EQ - stored 413 completed 5-minute candles
2026-09-15T12:18:14 FETCHED: NSE:ASIANPAINT-EQ - stored 413 completed 5-minute candles
2026-09-15T12:18:15 FETCHED: NSE:AXISBANK-EQ - stored 413 completed 5-minute candles
2026-09-15T12:18:16 FETCHED: NSE:BAJAJ-AUTO-EQ - stored 413 completed 5-minute candles
2026-09-15T12:18:17 FETCHED: NSE:BAJFINANCE-EQ - stored 413 completed 5-minute candles
2026-09-15T12:18:18 FETCHED: NSE:BAJAJFINSV-EQ - stored 413 completed 5-minute candles
2026-09-15T12:18:18 FETCHED: NSE:BEL-EQ - stored 413 completed 5-minute candles
2026-09-15T12:18:19 FETCHED: NSE:BHARTIARTL-EQ - stored 413 completed 5-minute candles
2026-09-15T12:18:20 FETCHED: NSE:CIPLA-EQ - stored 413 completed 5-minute candles
2026-09-15T12:18:21 FETCHED: NSE:COALINDIA-EQ - stored 413 completed 5-minute candles
2026-09-15T12:18:22 FETCHED: NSE:DRREDDY-EQ - stored 413 completed 5-minute candles
2026-09-15T12:18:23 FETCHED: NSE:EICHERMOT-EQ - stored 413 completed 5-minute candles
2026-09-15T12:18:24 FETCHED: NSE:ETERNAL-EQ - stored 413 completed 5-minute candles
2026-09-15T12:18:25 FETCHED: NSE:GRASIM-EQ - stored 413 completed 5-minute candles
2026-09-15T12:18:26 FETCHED: NSE:HCLTECH-EQ - stored 413 completed 5-minute candles
2026-09-15T12:18:26 FETCHED: NSE:HDFCBANK-EQ - stored 413 completed 5-minute candles
2026-09-15T12:18:27 FETCHED: NSE:HDFCLIFE-EQ - stored 413 completed 5-minute candles
2026-09-15T12:18:28 FETCHED: NSE:HINDALCO-EQ - stored 413 completed 5-minute candles
2026-09-15T12:18:29 FETCHED: NSE:HINDUNILVR-EQ - stored 413 completed 5-minute candles
2026-09-15T12:18:29 FETCHED: NSE:ICICIBANK-EQ - stored 413 completed 5-minute candles
2026-09-15T12:18:30 FETCHED: NSE:ITC-EQ - stored 413 completed 5-minute candles
2026-09-15T12:18:30 FETCHED: NSE:INFY-EQ - stored 413 completed 5-minute candles
2026-09-15T12:18:31 FETCHED: NSE:INDIGO-EQ - stored 413 completed 5-minute candles
2026-09-15T12:18:31 FETCHED: NSE:JSWSTEEL-EQ - stored 413 completed 5-minute candles
2026-09-15T12:18:32 FETCHED: NSE:JIOFIN-EQ - stored 413 completed 5-minute candles
2026-09-15T12:18:33 FETCHED: NSE:KOTAKBANK-EQ - stored 413 completed 5-minute candles
2026-09-15T12:18:33 FETCHED: NSE:LT-EQ - stored 413 completed 5-minute candles
2026-09-15T12:18:34 FETCHED: NSE:M&M-EQ - stored 413 completed 5-minute candles
2026-09-15T12:18:34 FETCHED: NSE:MARUTI-EQ - stored 413 completed 5-minute candles
2026-09-15T12:18:35 FETCHED: NSE:MAXHEALTH-EQ - stored 413 completed 5-minute candles
2026-09-15T12:18:35 FETCHED: NSE:NTPC-EQ - stored 413 completed 5-minute candles
2026-09-15T12:18:37 FETCHED: NSE:NESTLEIND-EQ - stored 413 completed 5-minute candles
2026-09-15T12:18:37 FETCHED: NSE:ONGC-EQ - stored 413 completed 5-minute candles
2026-09-15T12:18:38 FETCHED: NSE:POWERGRID-EQ - stored 414 completed 5-minute candles
2026-09-15T12:18:39 FETCHED: NSE:RELIANCE-EQ - stored 413 completed 5-minute candles
2026-09-15T12:18:40 FETCHED: NSE:SBILIFE-EQ - stored 413 completed 5-minute candles
2026-09-15T12:18:41 FETCHED: NSE:SHRIRAMFIN-EQ - stored 413 completed 5-minute candles
2026-09-15T12:18:42 FETCHED: NSE:SBIN-EQ - stored 413 completed 5-minute candles
2026-09-15T12:18:55 FETCHED: NSE:SUNPHARMA-EQ - stored 413 completed 5-minute candles
2026-09-15T12:18:57 FETCHED: NSE:TCS-EQ - stored 413 completed 5-minute candles
2026-09-15T12:18:58 FETCHED: NSE:TATACONSUM-EQ - stored 413 completed 5-minute candles
2026-09-15T12:18:59 FETCHED: NSE:TMPV-EQ - stored 413 completed 5-minute candles
2026-09-15T12:19:00 FETCHED: NSE:TATASTEEL-EQ - stored 413 completed 5-minute candles
2026-09-15T12:19:01 FETCHED: NSE:TECHM-EQ - stored 413 completed 5-minute candles
2026-09-15T12:19:02 FETCHED: NSE:TITAN-EQ - stored 413 completed 5-minute candles
2026-09-15T12:19:03 FETCHED: NSE:TRENT-EQ - stored 413 completed 5-minute candles
2026-09-15T12:19:05 FETCHED: NSE:ULTRACEMCO-EQ - stored 413 completed 5-minute candles
2026-09-15T12:19:06 FETCHED: NSE:WIPRO-EQ - stored 413 completed 5-minute candles
2026-09-15T12:19:36 FETCH_CYCLE: 2026-09-15T12:19:36+05:30
2026-09-15T12:19:42 FETCHED: NSE:ADANIENT-EQ - stored 413 completed 5-minute candles
2026-09-15T12:19:44 FETCHED: NSE:ADANIPORTS-EQ - stored 413 completed 5-minute candles
2026-09-15T12:19:47 FETCHED: NSE:APOLLOHOSP-EQ - stored 413 completed 5-minute candles
2026-09-15T12:19:48 FETCHED: NSE:ASIANPAINT-EQ - stored 413 completed 5-minute candles
2026-09-15T12:19:50 FETCHED: NSE:AXISBANK-EQ - stored 413 completed 5-minute candles
2026-09-15T12:19:51 FETCHED: NSE:BAJAJ-AUTO-EQ - stored 413 completed 5-minute candles
2026-09-15T12:19:52 FETCHED: NSE:BAJFINANCE-EQ - stored 413 completed 5-minute candles
2026-09-15T12:19:55 FETCHED: NSE:BAJAJFINSV-EQ - stored 413 completed 5-minute candles
2026-09-15T12:19:57 FETCHED: NSE:BEL-EQ - stored 413 completed 5-minute candles
2026-09-15T12:19:58 FETCHED: NSE:BHARTIARTL-EQ - stored 413 completed 5-minute candles
2026-09-15T12:20:01 FETCHED: NSE:CIPLA-EQ - stored 413 completed 5-minute candles
2026-09-15T12:20:37 FETCHED: NSE:COALINDIA-EQ - stored 414 completed 5-minute candles
2026-09-15T12:20:38 FETCHED: NSE:DRREDDY-EQ - stored 414 completed 5-minute candles
2026-09-15T12:20:44 FETCHED: NSE:EICHERMOT-EQ - stored 414 completed 5-minute candles
2026-09-15T12:20:46 FETCHED: NSE:ETERNAL-EQ - stored 414 completed 5-minute candles
2026-09-15T12:21:43 FETCHED: NSE:GRASIM-EQ - stored 414 completed 5-minute candles
2026-09-15T12:21:48 FETCHED: NSE:HCLTECH-EQ - stored 414 completed 5-minute candles
2026-09-15T12:21:51 FETCHED: NSE:HDFCBANK-EQ - stored 414 completed 5-minute candles
2026-09-15T12:21:52 FETCHED: NSE:HDFCLIFE-EQ - stored 414 completed 5-minute candles
2026-09-15T12:21:53 FETCHED: NSE:HINDALCO-EQ - stored 414 completed 5-minute candles
2026-09-15T12:21:54 FETCHED: NSE:HINDUNILVR-EQ - stored 414 completed 5-minute candles
2026-09-15T12:21:55 FETCHED: NSE:ICICIBANK-EQ - stored 414 completed 5-minute candles
2026-09-15T12:21:56 FETCHED: NSE:ITC-EQ - stored 414 completed 5-minute candles
2026-09-15T12:21:57 FETCHED: NSE:INFY-EQ - stored 414 completed 5-minute candles
2026-09-15T12:22:00 FETCHED: NSE:INDIGO-EQ - stored 414 completed 5-minute candles
2026-09-15T12:22:02 FETCHED: NSE:JSWSTEEL-EQ - stored 414 completed 5-minute candles
2026-09-15T12:22:04 FETCHED: NSE:JIOFIN-EQ - stored 414 completed 5-minute candles
2026-09-15T12:22:07 FETCHED: NSE:KOTAKBANK-EQ - stored 414 completed 5-minute candles
2026-09-15T12:22:23 FETCHED: NSE:LT-EQ - stored 414 completed 5-minute candles
2026-09-15T12:22:24 FETCHED: NSE:M&M-EQ - stored 414 completed 5-minute candles
2026-09-15T12:22:25 FETCHED: NSE:MARUTI-EQ - stored 414 completed 5-minute candles
2026-09-15T12:22:26 FETCHED: NSE:MAXHEALTH-EQ - stored 414 completed 5-minute candles
2026-09-15T12:22:27 FETCHED: NSE:NTPC-EQ - stored 414 completed 5-minute candles
2026-09-15T12:22:28 FETCHED: NSE:NESTLEIND-EQ - stored 414 completed 5-minute candles
2026-09-15T12:22:30 FETCHED: NSE:ONGC-EQ - stored 414 completed 5-minute candles
2026-09-15T12:22:31 FETCHED: NSE:POWERGRID-EQ - stored 415 completed 5-minute candles
2026-09-15T12:22:33 FETCHED: NSE:RELIANCE-EQ - stored 414 completed 5-minute candles
2026-09-15T12:22:34 FETCHED: NSE:SBILIFE-EQ - stored 414 completed 5-minute candles
2026-09-15T12:22:35 FETCHED: NSE:SHRIRAMFIN-EQ - stored 414 completed 5-minute candles
2026-09-15T12:22:36 FETCHED: NSE:SBIN-EQ - stored 414 completed 5-minute candles
2026-09-15T12:22:37 FETCHED: NSE:SUNPHARMA-EQ - stored 414 completed 5-minute candles
2026-09-15T12:22:37 FETCHED: NSE:TCS-EQ - stored 414 completed 5-minute candles
2026-09-15T12:22:38 FETCHED: NSE:TATACONSUM-EQ - stored 414 completed 5-minute candles
2026-09-15T12:22:39 FETCHED: NSE:TMPV-EQ - stored 414 completed 5-minute candles
2026-09-15T12:22:40 FETCHED: NSE:TATASTEEL-EQ - stored 414 completed 5-minute candles
2026-09-15T12:22:40 FETCHED: NSE:TECHM-EQ - stored 414 completed 5-minute candles
2026-09-15T12:22:41 FETCHED: NSE:TITAN-EQ - stored 414 completed 5-minute candles
2026-09-15T12:22:42 FETCHED: NSE:TRENT-EQ - stored 414 completed 5-minute candles
2026-09-15T12:22:42 FETCHED: NSE:ULTRACEMCO-EQ - stored 414 completed 5-minute candles
2026-09-15T12:22:43 FETCHED: NSE:WIPRO-EQ - stored 414 completed 5-minute candles
2026-09-15T12:23:13 FETCH_CYCLE: 2026-09-15T12:23:13+05:30
2026-09-15T12:23:15 FETCHED: NSE:ADANIENT-EQ - stored 414 completed 5-minute candles
2026-09-15T12:23:16 FETCHED: NSE:ADANIPORTS-EQ - stored 414 completed 5-minute candles
2026-09-15T12:23:17 FETCHED: NSE:APOLLOHOSP-EQ - stored 414 completed 5-minute candles
2026-09-15T12:23:18 FETCHED: NSE:ASIANPAINT-EQ - stored 414 completed 5-minute candles
2026-09-15T12:23:19 FETCHED: NSE:AXISBANK-EQ - stored 414 completed 5-minute candles
2026-09-15T12:23:20 FETCHED: NSE:BAJAJ-AUTO-EQ - stored 414 completed 5-minute candles
2026-09-15T12:23:21 FETCHED: NSE:BAJFINANCE-EQ - stored 414 completed 5-minute candles
2026-09-15T12:23:21 FETCHED: NSE:BAJAJFINSV-EQ - stored 414 completed 5-minute candles
2026-09-15T12:23:22 FETCHED: NSE:BEL-EQ - stored 414 completed 5-minute candles
2026-09-15T12:23:23 FETCHED: NSE:BHARTIARTL-EQ - stored 414 completed 5-minute candles
2026-09-15T12:23:23 FETCHED: NSE:CIPLA-EQ - stored 414 completed 5-minute candles
2026-09-15T12:23:24 FETCHED: NSE:COALINDIA-EQ - stored 414 completed 5-minute candles
2026-09-15T12:23:25 FETCHED: NSE:DRREDDY-EQ - stored 414 completed 5-minute candles
2026-09-15T12:23:25 FETCHED: NSE:EICHERMOT-EQ - stored 414 completed 5-minute candles
2026-09-15T12:23:26 FETCHED: NSE:ETERNAL-EQ - stored 414 completed 5-minute candles
2026-09-15T12:23:26 FETCHED: NSE:GRASIM-EQ - stored 414 completed 5-minute candles
2026-09-15T12:23:27 FETCHED: NSE:HCLTECH-EQ - stored 414 completed 5-minute candles
2026-09-15T12:23:28 FETCHED: NSE:HDFCBANK-EQ - stored 414 completed 5-minute candles
2026-09-15T12:23:29 FETCHED: NSE:HDFCLIFE-EQ - stored 414 completed 5-minute candles
2026-09-15T12:23:30 FETCHED: NSE:HINDALCO-EQ - stored 414 completed 5-minute candles
2026-09-15T12:23:32 FETCHED: NSE:HINDUNILVR-EQ - stored 414 completed 5-minute candles
2026-09-15T12:23:32 FETCHED: NSE:ICICIBANK-EQ - stored 414 completed 5-minute candles
2026-09-15T12:23:34 FETCHED: NSE:ITC-EQ - stored 414 completed 5-minute candles
2026-09-15T12:23:34 FETCHED: NSE:INFY-EQ - stored 414 completed 5-minute candles
2026-09-15T12:23:35 FETCHED: NSE:INDIGO-EQ - stored 414 completed 5-minute candles
2026-09-15T12:23:36 FETCHED: NSE:JSWSTEEL-EQ - stored 414 completed 5-minute candles
2026-09-15T12:23:36 FETCHED: NSE:JIOFIN-EQ - stored 414 completed 5-minute candles
2026-09-15T12:23:37 FETCHED: NSE:KOTAKBANK-EQ - stored 414 completed 5-minute candles
2026-09-15T12:23:37 FETCHED: NSE:LT-EQ - stored 414 completed 5-minute candles
2026-09-15T12:23:38 FETCHED: NSE:M&M-EQ - stored 414 completed 5-minute candles
2026-09-15T12:23:39 FETCHED: NSE:MARUTI-EQ - stored 414 completed 5-minute candles
2026-09-15T12:23:39 FETCHED: NSE:MAXHEALTH-EQ - stored 414 completed 5-minute candles
2026-09-15T12:23:40 FETCHED: NSE:NTPC-EQ - stored 414 completed 5-minute candles
2026-09-15T12:23:40 FETCHED: NSE:NESTLEIND-EQ - stored 414 completed 5-minute candles
2026-09-15T12:23:41 FETCHED: NSE:ONGC-EQ - stored 414 completed 5-minute candles
2026-09-15T12:23:41 FETCHED: NSE:POWERGRID-EQ - stored 415 completed 5-minute candles
2026-09-15T12:23:42 FETCHED: NSE:RELIANCE-EQ - stored 414 completed 5-minute candles
2026-09-15T12:23:44 FETCHED: NSE:SBILIFE-EQ - stored 414 completed 5-minute candles
2026-09-15T12:23:45 FETCHED: NSE:SHRIRAMFIN-EQ - stored 414 completed 5-minute candles
2026-09-15T12:23:45 FETCHED: NSE:SBIN-EQ - stored 414 completed 5-minute candles
2026-09-15T12:23:46 FETCHED: NSE:SUNPHARMA-EQ - stored 414 completed 5-minute candles
2026-09-15T12:23:46 FETCHED: NSE:TCS-EQ - stored 414 completed 5-minute candles
2026-09-15T12:23:47 FETCHED: NSE:TATACONSUM-EQ - stored 414 completed 5-minute candles
2026-09-15T12:23:48 FETCHED: NSE:TMPV-EQ - stored 414 completed 5-minute candles
2026-09-15T12:23:48 FETCHED: NSE:TATASTEEL-EQ - stored 414 completed 5-minute candles
2026-09-15T12:23:49 FETCHED: NSE:TECHM-EQ - stored 414 completed 5-minute candles
2026-09-15T12:23:49 FETCHED: NSE:TITAN-EQ - stored 414 completed 5-minute candles
2026-09-15T12:23:50 FETCHED: NSE:TRENT-EQ - stored 414 completed 5-minute candles
2026-09-15T12:23:50 FETCHED: NSE:ULTRACEMCO-EQ - stored 414 completed 5-minute candles
2026-09-15T12:23:51 FETCHED: NSE:WIPRO-EQ - stored 414 completed 5-minute candles
2026-09-15T12:24:23 FETCH_CYCLE: 2026-09-15T12:24:23+05:30
2026-09-15T12:24:39 FETCHED: NSE:ADANIENT-EQ - stored 414 completed 5-minute candles
2026-09-15T12:24:41 FETCHED: NSE:ADANIPORTS-EQ - stored 414 completed 5-minute candles
2026-09-15T12:24:42 FETCHED: NSE:APOLLOHOSP-EQ - stored 414 completed 5-minute candles
2026-09-15T12:24:43 FETCHED: NSE:ASIANPAINT-EQ - stored 414 completed 5-minute candles
2026-09-15T12:24:45 FETCHED: NSE:AXISBANK-EQ - stored 414 completed 5-minute candles
2026-09-15T12:24:47 FETCHED: NSE:BAJAJ-AUTO-EQ - stored 414 completed 5-minute candles
2026-09-15T12:24:48 FETCHED: NSE:BAJFINANCE-EQ - stored 414 completed 5-minute candles
2026-09-15T12:24:49 FETCHED: NSE:BAJAJFINSV-EQ - stored 414 completed 5-minute candles
2026-09-15T12:24:50 FETCHED: NSE:BEL-EQ - stored 414 completed 5-minute candles
2026-09-15T12:24:52 FETCHED: NSE:BHARTIARTL-EQ - stored 414 completed 5-minute candles
2026-09-15T12:24:53 FETCHED: NSE:CIPLA-EQ - stored 414 completed 5-minute candles
2026-09-15T12:24:54 FETCHED: NSE:COALINDIA-EQ - stored 414 completed 5-minute candles
2026-09-15T12:24:55 FETCHED: NSE:DRREDDY-EQ - stored 414 completed 5-minute candles
2026-09-15T12:24:56 FETCHED: NSE:EICHERMOT-EQ - stored 414 completed 5-minute candles
2026-09-15T12:24:57 FETCHED: NSE:ETERNAL-EQ - stored 414 completed 5-minute candles
2026-09-15T12:24:57 FETCHED: NSE:GRASIM-EQ - stored 414 completed 5-minute candles
2026-09-15T12:24:58 FETCHED: NSE:HCLTECH-EQ - stored 414 completed 5-minute candles
2026-09-15T12:24:59 FETCHED: NSE:HDFCBANK-EQ - stored 414 completed 5-minute candles
2026-09-15T12:25:00 FETCHED: NSE:HDFCLIFE-EQ - stored 414 completed 5-minute candles
2026-09-15T12:25:01 FETCHED: NSE:HINDALCO-EQ - stored 415 completed 5-minute candles
2026-09-15T12:25:03 FETCHED: NSE:HINDUNILVR-EQ - stored 415 completed 5-minute candles
2026-09-15T12:25:04 FETCHED: NSE:ICICIBANK-EQ - stored 415 completed 5-minute candles
2026-09-15T12:25:06 FETCHED: NSE:ITC-EQ - stored 415 completed 5-minute candles
2026-09-15T12:25:08 FETCHED: NSE:INFY-EQ - stored 415 completed 5-minute candles
2026-09-15T12:25:09 FETCHED: NSE:INDIGO-EQ - stored 415 completed 5-minute candles
2026-09-15T12:25:20 FETCHED: NSE:JSWSTEEL-EQ - stored 415 completed 5-minute candles
2026-09-15T12:25:33 FETCHED: NSE:JIOFIN-EQ - stored 415 completed 5-minute candles
2026-09-15T12:25:34 FETCHED: NSE:KOTAKBANK-EQ - stored 415 completed 5-minute candles
2026-09-15T12:25:36 FETCHED: NSE:LT-EQ - stored 415 completed 5-minute candles
2026-09-15T12:30:51 LIVE MODE: real orders will be placed
2026-09-15T12:30:51 STARTED: 50 symbols, interval=30s, market=09:15:00-15:45:00 IST, already_entered=0
2026-09-15T12:30:52 FETCH_CYCLE: 2026-09-15T12:30:52+05:30
2026-09-15T12:31:38 FETCHED: NSE:ADANIENT-EQ - stored 416 completed 5-minute candles
2026-09-15T12:31:56 FETCHED: NSE:ADANIPORTS-EQ - stored 416 completed 5-minute candles
2026-09-15T12:31:57 FETCHED: NSE:APOLLOHOSP-EQ - stored 416 completed 5-minute candles
2026-09-15T12:32:02 FETCHED: NSE:ASIANPAINT-EQ - stored 416 completed 5-minute candles
2026-09-15T12:32:46 FETCHED: NSE:AXISBANK-EQ - stored 416 completed 5-minute candles
2026-09-15T12:33:16 FETCHED: NSE:BAJAJ-AUTO-EQ - stored 416 completed 5-minute candles
2026-09-15T12:33:33 FETCHED: NSE:BAJFINANCE-EQ - stored 416 completed 5-minute candles
2026-09-15T12:33:34 FETCHED: NSE:BAJAJFINSV-EQ - stored 416 completed 5-minute candles
2026-09-15T12:33:35 FETCHED: NSE:BEL-EQ - stored 416 completed 5-minute candles
2026-09-15T12:33:36 FETCHED: NSE:BHARTIARTL-EQ - stored 416 completed 5-minute candles
2026-09-15T12:34:41 ERROR: <urlopen error [SSL: UNEXPECTED_EOF_WHILE_READING] EOF occurred in violation of protocol (_ssl.c:1006)>
2026-09-15T12:40:12 LIVE MODE: real orders will be placed
2026-09-15T12:40:13 STARTED: 50 symbols, interval=30s, market=09:15:00-15:45:00 IST, already_entered=0
2026-09-15T12:40:13 FETCH_CYCLE: 2026-09-15T12:40:13+05:30
2026-09-15T12:40:14 FETCHED: NSE:ADANIENT-EQ - stored 418 completed 5-minute candles
2026-09-15T12:40:14 FETCHED: NSE:ADANIPORTS-EQ - stored 418 completed 5-minute candles
2026-09-15T12:40:15 FETCHED: NSE:APOLLOHOSP-EQ - stored 418 completed 5-minute candles
2026-09-15T12:40:15 FETCHED: NSE:ASIANPAINT-EQ - stored 418 completed 5-minute candles
2026-09-15T12:40:16 FETCHED: NSE:AXISBANK-EQ - stored 418 completed 5-minute candles
2026-09-15T12:40:16 FETCHED: NSE:BAJAJ-AUTO-EQ - stored 418 completed 5-minute candles
2026-09-15T12:40:17 FETCHED: NSE:BAJFINANCE-EQ - stored 418 completed 5-minute candles
2026-09-15T12:40:18 FETCHED: NSE:BAJAJFINSV-EQ - stored 418 completed 5-minute candles
2026-09-15T12:40:19 FETCHED: NSE:BEL-EQ - stored 418 completed 5-minute candles
2026-09-15T12:40:20 FETCHED: NSE:BHARTIARTL-EQ - stored 418 completed 5-minute candles
2026-09-15T12:40:20 FETCHED: NSE:CIPLA-EQ - stored 418 completed 5-minute candles
2026-09-15T12:40:21 FETCHED: NSE:COALINDIA-EQ - stored 418 completed 5-minute candles
2026-09-15T12:40:22 FETCHED: NSE:DRREDDY-EQ - stored 418 completed 5-minute candles
2026-09-15T12:40:22 FETCHED: NSE:EICHERMOT-EQ - stored 418 completed 5-minute candles
2026-09-15T12:40:23 FETCHED: NSE:ETERNAL-EQ - stored 418 completed 5-minute candles
2026-09-15T12:40:24 FETCHED: NSE:GRASIM-EQ - stored 418 completed 5-minute candles
2026-09-15T12:40:24 FETCHED: NSE:HCLTECH-EQ - stored 418 completed 5-minute candles
2026-09-15T12:40:27 FETCHED: NSE:HDFCBANK-EQ - stored 418 completed 5-minute candles
2026-09-15T12:40:28 FETCHED: NSE:HDFCLIFE-EQ - stored 418 completed 5-minute candles
2026-09-15T12:40:28 FETCHED: NSE:HINDALCO-EQ - stored 418 completed 5-minute candles
2026-09-15T12:40:29 FETCHED: NSE:HINDUNILVR-EQ - stored 418 completed 5-minute candles
2026-09-15T12:40:29 FETCHED: NSE:ICICIBANK-EQ - stored 418 completed 5-minute candles
2026-09-15T12:40:30 FETCHED: NSE:ITC-EQ - stored 418 completed 5-minute candles
2026-09-15T12:40:30 FETCHED: NSE:INFY-EQ - stored 418 completed 5-minute candles
2026-09-15T12:40:31 FETCHED: NSE:INDIGO-EQ - stored 418 completed 5-minute candles
2026-09-15T12:40:31 FETCHED: NSE:JSWSTEEL-EQ - stored 418 completed 5-minute candles
2026-09-15T12:40:32 FETCHED: NSE:JIOFIN-EQ - stored 418 completed 5-minute candles
2026-09-15T12:40:33 FETCHED: NSE:KOTAKBANK-EQ - stored 418 completed 5-minute candles
2026-09-15T12:40:34 FETCHED: NSE:LT-EQ - stored 418 completed 5-minute candles
2026-09-15T12:40:35 FETCHED: NSE:M&M-EQ - stored 418 completed 5-minute candles
2026-09-15T12:40:35 FETCHED: NSE:MARUTI-EQ - stored 418 completed 5-minute candles
2026-09-15T12:40:36 FETCHED: NSE:MAXHEALTH-EQ - stored 418 completed 5-minute candles
2026-09-15T12:40:36 FETCHED: NSE:NTPC-EQ - stored 418 completed 5-minute candles
2026-09-15T12:40:37 FETCHED: NSE:NESTLEIND-EQ - stored 418 completed 5-minute candles
2026-09-15T12:40:37 FETCHED: NSE:ONGC-EQ - stored 418 completed 5-minute candles
2026-09-15T12:40:38 FETCHED: NSE:POWERGRID-EQ - stored 419 completed 5-minute candles
2026-09-15T12:40:39 FETCHED: NSE:RELIANCE-EQ - stored 418 completed 5-minute candles
2026-09-15T12:40:39 FETCHED: NSE:SBILIFE-EQ - stored 418 completed 5-minute candles
2026-09-15T12:40:40 FETCHED: NSE:SHRIRAMFIN-EQ - stored 418 completed 5-minute candles
2026-09-15T12:40:40 FETCHED: NSE:SBIN-EQ - stored 418 completed 5-minute candles
2026-09-15T12:40:41 FETCHED: NSE:SUNPHARMA-EQ - stored 418 completed 5-minute candles
2026-09-15T12:40:42 FETCHED: NSE:TCS-EQ - stored 418 completed 5-minute candles
2026-09-15T12:40:43 FETCHED: NSE:TATACONSUM-EQ - stored 418 completed 5-minute candles
2026-09-15T12:40:43 FETCHED: NSE:TMPV-EQ - stored 418 completed 5-minute candles
2026-09-15T12:40:45 FETCHED: NSE:TATASTEEL-EQ - stored 418 completed 5-minute candles
2026-09-15T12:40:47 FETCHED: NSE:TECHM-EQ - stored 418 completed 5-minute candles
2026-09-15T12:40:48 FETCHED: NSE:TITAN-EQ - stored 418 completed 5-minute candles
2026-09-15T12:40:49 FETCHED: NSE:TRENT-EQ - stored 418 completed 5-minute candles
2026-09-15T12:40:50 FETCHED: NSE:ULTRACEMCO-EQ - stored 418 completed 5-minute candles
2026-09-15T12:40:51 FETCHED: NSE:WIPRO-EQ - stored 418 completed 5-minute candles
2026-09-15T12:41:21 FETCH_CYCLE: 2026-09-15T12:41:21+05:30
2026-09-15T12:41:22 FETCHED: NSE:ADANIENT-EQ - stored 418 completed 5-minute candles
2026-09-15T12:41:22 FETCHED: NSE:ADANIPORTS-EQ - stored 418 completed 5-minute candles
2026-09-15T12:41:23 FETCHED: NSE:APOLLOHOSP-EQ - stored 418 completed 5-minute candles
2026-09-15T12:41:24 FETCHED: NSE:ASIANPAINT-EQ - stored 418 completed 5-minute candles
2026-09-15T12:41:24 FETCHED: NSE:AXISBANK-EQ - stored 418 completed 5-minute candles
2026-09-15T12:41:25 FETCHED: NSE:BAJAJ-AUTO-EQ - stored 418 completed 5-minute candles
2026-09-15T12:41:26 FETCHED: NSE:BAJFINANCE-EQ - stored 418 completed 5-minute candles
2026-09-15T12:41:26 FETCHED: NSE:BAJAJFINSV-EQ - stored 418 completed 5-minute candles
2026-09-15T12:41:27 FETCHED: NSE:BEL-EQ - stored 418 completed 5-minute candles
2026-09-15T12:41:28 FETCHED: NSE:BHARTIARTL-EQ - stored 418 completed 5-minute candles
2026-09-15T12:41:28 FETCHED: NSE:CIPLA-EQ - stored 418 completed 5-minute candles
2026-09-15T12:41:29 FETCHED: NSE:COALINDIA-EQ - stored 418 completed 5-minute candles
2026-09-15T12:41:30 FETCHED: NSE:DRREDDY-EQ - stored 418 completed 5-minute candles
2026-09-15T12:41:30 FETCHED: NSE:EICHERMOT-EQ - stored 418 completed 5-minute candles
2026-09-15T12:41:31 FETCHED: NSE:ETERNAL-EQ - stored 418 completed 5-minute candles
2026-09-15T12:41:31 FETCHED: NSE:GRASIM-EQ - stored 418 completed 5-minute candles
2026-09-15T12:41:32 FETCHED: NSE:HCLTECH-EQ - stored 418 completed 5-minute candles
2026-09-15T12:41:32 FETCHED: NSE:HDFCBANK-EQ - stored 418 completed 5-minute candles
2026-09-15T12:41:33 FETCHED: NSE:HDFCLIFE-EQ - stored 418 completed 5-minute candles
2026-09-15T12:41:33 FETCHED: NSE:HINDALCO-EQ - stored 418 completed 5-minute candles
2026-09-15T12:41:34 FETCHED: NSE:HINDUNILVR-EQ - stored 418 completed 5-minute candles
2026-09-15T12:41:34 FETCHED: NSE:ICICIBANK-EQ - stored 418 completed 5-minute candles
2026-09-15T12:41:34 FETCHED: NSE:ITC-EQ - stored 418 completed 5-minute candles
2026-09-15T12:41:35 FETCHED: NSE:INFY-EQ - stored 418 completed 5-minute candles
2026-09-15T12:41:35 FETCHED: NSE:INDIGO-EQ - stored 418 completed 5-minute candles
2026-09-15T12:41:36 FETCHED: NSE:JSWSTEEL-EQ - stored 418 completed 5-minute candles
2026-09-15T12:41:36 FETCHED: NSE:JIOFIN-EQ - stored 418 completed 5-minute candles
2026-09-15T12:41:36 FETCHED: NSE:KOTAKBANK-EQ - stored 418 completed 5-minute candles
2026-09-15T12:41:37 FETCHED: NSE:LT-EQ - stored 418 completed 5-minute candles
2026-09-15T12:41:37 FETCHED: NSE:M&M-EQ - stored 418 completed 5-minute candles
2026-09-15T12:41:38 FETCHED: NSE:MARUTI-EQ - stored 418 completed 5-minute candles
2026-09-15T12:41:39 FETCHED: NSE:MAXHEALTH-EQ - stored 418 completed 5-minute candles
2026-09-15T12:41:39 FETCHED: NSE:NTPC-EQ - stored 418 completed 5-minute candles
2026-09-15T12:41:40 FETCHED: NSE:NESTLEIND-EQ - stored 418 completed 5-minute candles
2026-09-15T12:41:41 FETCHED: NSE:ONGC-EQ - stored 418 completed 5-minute candles
2026-09-15T12:41:41 FETCHED: NSE:POWERGRID-EQ - stored 419 completed 5-minute candles
2026-09-15T12:41:42 FETCHED: NSE:RELIANCE-EQ - stored 418 completed 5-minute candles
2026-09-15T12:41:43 FETCHED: NSE:SBILIFE-EQ - stored 418 completed 5-minute candles
2026-09-15T12:41:43 FETCHED: NSE:SHRIRAMFIN-EQ - stored 418 completed 5-minute candles
2026-09-15T12:41:44 FETCHED: NSE:SBIN-EQ - stored 418 completed 5-minute candles
2026-09-15T12:41:44 FETCHED: NSE:SUNPHARMA-EQ - stored 418 completed 5-minute candles
2026-09-15T12:41:45 FETCHED: NSE:TCS-EQ - stored 418 completed 5-minute candles
2026-09-15T12:41:45 FETCHED: NSE:TATACONSUM-EQ - stored 418 completed 5-minute candles
2026-09-15T12:41:46 FETCHED: NSE:TMPV-EQ - stored 418 completed 5-minute candles
2026-09-15T12:41:47 FETCHED: NSE:TATASTEEL-EQ - stored 418 completed 5-minute candles
2026-09-15T12:41:54 ERROR: NSE:TECHM-EQ: HTTP 429 on GET https://api-t1.fyers.in/data/history?symbol=NSE%3ATECHM-EQ&resolution=5&date_format=1&range_from=2026-09-05&range_to=2026-09-15&cont_flag=1&oi_flag=0: {"code":429,"message":"request limit reached","s":"error"}
2026-09-15T12:42:02 ERROR: NSE:TITAN-EQ: HTTP 429 on GET https://api-t1.fyers.in/data/history?symbol=NSE%3ATITAN-EQ&resolution=5&date_format=1&range_from=2026-09-05&range_to=2026-09-15&cont_flag=1&oi_flag=0: {"code":429,"message":"request limit reached","s":"error"}
2026-09-15T12:42:10 ERROR: NSE:TRENT-EQ: HTTP 429 on GET https://api-t1.fyers.in/data/history?symbol=NSE%3ATRENT-EQ&resolution=5&date_format=1&range_from=2026-09-05&range_to=2026-09-15&cont_flag=1&oi_flag=0: {"code":429,"message":"request limit reached","s":"error"}
2026-09-15T12:42:19 FETCHED: NSE:ULTRACEMCO-EQ - stored 418 completed 5-minute candles
2026-09-15T12:42:29 FETCHED: NSE:WIPRO-EQ - stored 418 completed 5-minute candles
2026-09-15T12:42:59 FETCH_CYCLE: 2026-09-15T12:42:59+05:30
2026-09-15T12:43:00 FETCHED: NSE:ADANIENT-EQ - stored 418 completed 5-minute candles
2026-09-15T12:43:01 FETCHED: NSE:ADANIPORTS-EQ - stored 418 completed 5-minute candles
2026-09-15T12:43:02 FETCHED: NSE:APOLLOHOSP-EQ - stored 418 completed 5-minute candles
2026-09-15T12:43:03 FETCHED: NSE:ASIANPAINT-EQ - stored 418 completed 5-minute candles
2026-09-15T12:43:04 FETCHED: NSE:AXISBANK-EQ - stored 418 completed 5-minute candles
2026-09-15T12:43:05 FETCHED: NSE:BAJAJ-AUTO-EQ - stored 418 completed 5-minute candles
2026-09-15T12:43:07 FETCHED: NSE:BAJFINANCE-EQ - stored 418 completed 5-minute candles
2026-09-15T12:43:08 FETCHED: NSE:BAJAJFINSV-EQ - stored 418 completed 5-minute candles
2026-09-15T12:43:09 FETCHED: NSE:BEL-EQ - stored 418 completed 5-minute candles
2026-09-15T12:43:09 FETCHED: NSE:BHARTIARTL-EQ - stored 418 completed 5-minute candles
2026-09-15T12:43:10 FETCHED: NSE:CIPLA-EQ - stored 418 completed 5-minute candles
2026-09-15T12:43:11 FETCHED: NSE:COALINDIA-EQ - stored 418 completed 5-minute candles
2026-09-15T12:43:12 FETCHED: NSE:DRREDDY-EQ - stored 418 completed 5-minute candles
2026-09-15T12:43:14 FETCHED: NSE:EICHERMOT-EQ - stored 418 completed 5-minute candles
2026-09-15T12:43:15 FETCHED: NSE:ETERNAL-EQ - stored 418 completed 5-minute candles
2026-09-15T12:43:17 FETCHED: NSE:GRASIM-EQ - stored 418 completed 5-minute candles
2026-09-15T12:43:18 FETCHED: NSE:HCLTECH-EQ - stored 418 completed 5-minute candles
2026-09-15T12:43:19 FETCHED: NSE:HDFCBANK-EQ - stored 418 completed 5-minute candles
2026-09-15T12:43:19 FETCHED: NSE:HDFCLIFE-EQ - stored 418 completed 5-minute candles
2026-09-15T12:43:20 FETCHED: NSE:HINDALCO-EQ - stored 418 completed 5-minute candles
2026-09-15T12:43:22 FETCHED: NSE:HINDUNILVR-EQ - stored 418 completed 5-minute candles
2026-09-15T12:43:23 FETCHED: NSE:ICICIBANK-EQ - stored 418 completed 5-minute candles
2026-09-15T12:43:25 FETCHED: NSE:ITC-EQ - stored 418 completed 5-minute candles
2026-09-15T12:43:26 FETCHED: NSE:INFY-EQ - stored 418 completed 5-minute candles
2026-09-15T12:43:28 FETCHED: NSE:INDIGO-EQ - stored 418 completed 5-minute candles
2026-09-15T12:43:29 FETCHED: NSE:JSWSTEEL-EQ - stored 418 completed 5-minute candles
2026-09-15T12:43:30 FETCHED: NSE:JIOFIN-EQ - stored 418 completed 5-minute candles
2026-09-15T12:43:30 FETCHED: NSE:KOTAKBANK-EQ - stored 418 completed 5-minute candles
2026-09-15T12:43:31 FETCHED: NSE:LT-EQ - stored 418 completed 5-minute candles
2026-09-15T12:43:32 FETCHED: NSE:M&M-EQ - stored 418 completed 5-minute candles
2026-09-15T12:43:33 FETCHED: NSE:MARUTI-EQ - stored 418 completed 5-minute candles
2026-09-15T12:43:35 FETCHED: NSE:MAXHEALTH-EQ - stored 418 completed 5-minute candles
2026-09-15T12:43:38 FETCHED: NSE:NTPC-EQ - stored 418 completed 5-minute candles
2026-09-15T12:43:40 FETCHED: NSE:NESTLEIND-EQ - stored 418 completed 5-minute candles
2026-09-15T12:43:41 FETCHED: NSE:ONGC-EQ - stored 418 completed 5-minute candles
2026-09-15T12:43:42 FETCHED: NSE:POWERGRID-EQ - stored 419 completed 5-minute candles
2026-09-15T12:43:43 FETCHED: NSE:RELIANCE-EQ - stored 418 completed 5-minute candles
2026-09-15T12:43:44 FETCHED: NSE:SBILIFE-EQ - stored 418 completed 5-minute candles
2026-09-15T12:43:45 FETCHED: NSE:SHRIRAMFIN-EQ - stored 418 completed 5-minute candles
2026-09-15T12:43:46 FETCHED: NSE:SBIN-EQ - stored 418 completed 5-minute candles
2026-09-15T12:43:47 FETCHED: NSE:SUNPHARMA-EQ - stored 418 completed 5-minute candles
2026-09-15T12:43:47 FETCHED: NSE:TCS-EQ - stored 418 completed 5-minute candles
2026-09-15T12:43:48 FETCHED: NSE:TATACONSUM-EQ - stored 418 completed 5-minute candles
2026-09-15T12:43:49 FETCHED: NSE:TMPV-EQ - stored 418 completed 5-minute candles
2026-09-15T12:43:50 FETCHED: NSE:TATASTEEL-EQ - stored 418 completed 5-minute candles
2026-09-15T12:43:51 FETCHED: NSE:TECHM-EQ - stored 418 completed 5-minute candles
2026-09-15T12:43:51 FETCHED: NSE:TITAN-EQ - stored 418 completed 5-minute candles
2026-09-15T12:43:52 FETCHED: NSE:TRENT-EQ - stored 418 completed 5-minute candles
2026-09-15T12:43:53 FETCHED: NSE:ULTRACEMCO-EQ - stored 418 completed 5-minute candles
2026-09-15T12:43:54 FETCHED: NSE:WIPRO-EQ - stored 418 completed 5-minute candles
2026-09-15T12:44:24 FETCH_CYCLE: 2026-09-15T12:44:24+05:30
2026-09-15T12:44:42 FETCHED: NSE:ADANIENT-EQ - stored 418 completed 5-minute candles
2026-09-15T12:44:46 FETCHED: NSE:ADANIPORTS-EQ - stored 418 completed 5-minute candles
2026-09-15T12:44:47 FETCHED: NSE:APOLLOHOSP-EQ - stored 418 completed 5-minute candles
2026-09-15T12:44:50 FETCHED: NSE:ASIANPAINT-EQ - stored 418 completed 5-minute candles
2026-09-15T12:44:51 FETCHED: NSE:AXISBANK-EQ - stored 418 completed 5-minute candles
2026-09-15T12:44:52 FETCHED: NSE:BAJAJ-AUTO-EQ - stored 418 completed 5-minute candles
2026-09-15T12:44:55 FETCHED: NSE:BAJFINANCE-EQ - stored 418 completed 5-minute candles
2026-09-15T12:44:57 FETCHED: NSE:BAJAJFINSV-EQ - stored 418 completed 5-minute candles
2026-09-15T12:44:59 FETCHED: NSE:BEL-EQ - stored 418 completed 5-minute candles
2026-09-15T12:45:01 FETCHED: NSE:BHARTIARTL-EQ - stored 418 completed 5-minute candles
2026-09-15T12:45:07 FETCHED: NSE:CIPLA-EQ - stored 419 completed 5-minute candles
2026-09-15T12:45:11 FETCHED: NSE:COALINDIA-EQ - stored 419 completed 5-minute candles
2026-09-15T12:45:14 FETCHED: NSE:DRREDDY-EQ - stored 419 completed 5-minute candles
2026-09-15T12:45:18 FETCHED: NSE:EICHERMOT-EQ - stored 419 completed 5-minute candles
2026-09-15T12:45:19 FETCHED: NSE:ETERNAL-EQ - stored 419 completed 5-minute candles
2026-09-15T12:45:21 FETCHED: NSE:GRASIM-EQ - stored 419 completed 5-minute candles
2026-09-15T12:45:23 FETCHED: NSE:HCLTECH-EQ - stored 419 completed 5-minute candles
2026-09-15T12:45:25 FETCHED: NSE:HDFCBANK-EQ - stored 419 completed 5-minute candles
2026-09-15T12:46:12 ERROR: <urlopen error EOF occurred in violation of protocol (_ssl.c:2427)>
2026-09-15T12:50:36 LIVE MODE: real orders will be placed
2026-09-15T12:50:37 STARTED: 50 symbols, interval=30s, market=09:15:00-15:45:00 IST, already_entered=0
2026-09-15T12:50:38 FETCH_CYCLE: 2026-09-15T12:50:38+05:30
2026-09-15T12:51:18 FETCHED: NSE:ADANIENT-EQ - stored 420 completed 5-minute candles
2026-09-15T12:51:20 FETCHED: NSE:ADANIPORTS-EQ - stored 420 completed 5-minute candles
2026-09-15T12:51:21 FETCHED: NSE:APOLLOHOSP-EQ - stored 420 completed 5-minute candles
2026-09-15T12:51:23 FETCHED: NSE:ASIANPAINT-EQ - stored 420 completed 5-minute candles
2026-09-15T12:51:25 FETCHED: NSE:AXISBANK-EQ - stored 420 completed 5-minute candles
2026-09-15T12:51:26 FETCHED: NSE:BAJAJ-AUTO-EQ - stored 420 completed 5-minute candles
2026-09-15T12:51:28 FETCHED: NSE:BAJFINANCE-EQ - stored 420 completed 5-minute candles
2026-09-15T12:51:29 FETCHED: NSE:BAJAJFINSV-EQ - stored 420 completed 5-minute candles
2026-09-15T12:51:37 FETCHED: NSE:BEL-EQ - stored 420 completed 5-minute candles
2026-09-15T12:51:49 FETCHED: NSE:BHARTIARTL-EQ - stored 420 completed 5-minute candles
2026-09-15T12:51:50 FETCHED: NSE:CIPLA-EQ - stored 420 completed 5-minute candles
2026-09-15T12:51:51 FETCHED: NSE:COALINDIA-EQ - stored 420 completed 5-minute candles
2026-09-15T12:51:52 FETCHED: NSE:DRREDDY-EQ - stored 420 completed 5-minute candles
2026-09-15T12:51:53 FETCHED: NSE:EICHERMOT-EQ - stored 420 completed 5-minute candles
2026-09-15T12:51:54 FETCHED: NSE:ETERNAL-EQ - stored 420 completed 5-minute candles
2026-09-15T12:51:54 FETCHED: NSE:GRASIM-EQ - stored 420 completed 5-minute candles
2026-09-15T12:51:55 FETCHED: NSE:HCLTECH-EQ - stored 420 completed 5-minute candles
2026-09-15T12:51:56 FETCHED: NSE:HDFCBANK-EQ - stored 420 completed 5-minute candles
2026-09-15T12:52:19 FETCHED: NSE:HDFCLIFE-EQ - stored 420 completed 5-minute candles
2026-09-15T12:54:36 ERROR: <urlopen error EOF occurred in violation of protocol (_ssl.c:2427)>
2026-09-15T12:55:26 LIVE MODE: real orders will be placed
2026-09-15T12:55:27 STARTED: 50 symbols, interval=30s, market=09:15:00-15:45:00 IST, already_entered=0
2026-09-15T12:55:28 FETCH_CYCLE: 2026-09-15T12:55:28+05:30
2026-09-15T12:55:36 FETCHED: NSE:ADANIENT-EQ - stored 421 completed 5-minute candles
2026-09-15T12:55:37 FETCHED: NSE:ADANIPORTS-EQ - stored 421 completed 5-minute candles
2026-09-15T12:55:39 FETCHED: NSE:APOLLOHOSP-EQ - stored 421 completed 5-minute candles
2026-09-15T12:55:40 FETCHED: NSE:ASIANPAINT-EQ - stored 421 completed 5-minute candles
2026-09-15T12:55:41 FETCHED: NSE:AXISBANK-EQ - stored 421 completed 5-minute candles
2026-09-15T12:55:42 FETCHED: NSE:BAJAJ-AUTO-EQ - stored 421 completed 5-minute candles
2026-09-15T12:55:43 FETCHED: NSE:BAJFINANCE-EQ - stored 421 completed 5-minute candles
2026-09-15T12:55:44 FETCHED: NSE:BAJAJFINSV-EQ - stored 421 completed 5-minute candles
2026-09-15T12:55:45 FETCHED: NSE:BEL-EQ - stored 421 completed 5-minute candles
2026-09-15T12:55:46 FETCHED: NSE:BHARTIARTL-EQ - stored 421 completed 5-minute candles
2026-09-15T12:55:47 FETCHED: NSE:CIPLA-EQ - stored 421 completed 5-minute candles
2026-09-15T12:55:48 FETCHED: NSE:COALINDIA-EQ - stored 421 completed 5-minute candles
2026-09-15T12:55:49 FETCHED: NSE:DRREDDY-EQ - stored 421 completed 5-minute candles
2026-09-15T12:55:50 FETCHED: NSE:EICHERMOT-EQ - stored 421 completed 5-minute candles
2026-09-15T12:55:51 FETCHED: NSE:ETERNAL-EQ - stored 421 completed 5-minute candles
2026-09-15T12:55:52 FETCHED: NSE:GRASIM-EQ - stored 421 completed 5-minute candles
2026-09-15T12:55:53 FETCHED: NSE:HCLTECH-EQ - stored 421 completed 5-minute candles
2026-09-15T12:55:53 FETCHED: NSE:HDFCBANK-EQ - stored 421 completed 5-minute candles
2026-09-15T12:55:54 FETCHED: NSE:HDFCLIFE-EQ - stored 421 completed 5-minute candles
2026-09-15T12:55:55 FETCHED: NSE:HINDALCO-EQ - stored 421 completed 5-minute candles
2026-09-15T12:55:55 FETCHED: NSE:HINDUNILVR-EQ - stored 421 completed 5-minute candles
2026-09-15T12:55:56 FETCHED: NSE:ICICIBANK-EQ - stored 421 completed 5-minute candles
2026-09-15T12:55:57 FETCHED: NSE:ITC-EQ - stored 421 completed 5-minute candles
2026-09-15T12:55:58 FETCHED: NSE:INFY-EQ - stored 421 completed 5-minute candles
2026-09-15T12:55:59 FETCHED: NSE:INDIGO-EQ - stored 421 completed 5-minute candles
2026-09-15T12:56:00 FETCHED: NSE:JSWSTEEL-EQ - stored 421 completed 5-minute candles
2026-09-15T12:56:02 FETCHED: NSE:JIOFIN-EQ - stored 421 completed 5-minute candles
2026-09-15T12:56:03 FETCHED: NSE:KOTAKBANK-EQ - stored 421 completed 5-minute candles
2026-09-15T12:56:09 FETCHED: NSE:LT-EQ - stored 421 completed 5-minute candles
2026-09-15T12:56:10 FETCHED: NSE:M&M-EQ - stored 421 completed 5-minute candles
2026-09-15T12:56:17 FETCHED: NSE:MARUTI-EQ - stored 421 completed 5-minute candles
2026-09-15T12:56:18 FETCHED: NSE:MAXHEALTH-EQ - stored 421 completed 5-minute candles
2026-09-15T12:56:18 FETCHED: NSE:NTPC-EQ - stored 421 completed 5-minute candles
2026-09-15T12:56:19 FETCHED: NSE:NESTLEIND-EQ - stored 421 completed 5-minute candles
2026-09-15T12:56:20 FETCHED: NSE:ONGC-EQ - stored 421 completed 5-minute candles
2026-09-15T12:56:21 FETCHED: NSE:POWERGRID-EQ - stored 422 completed 5-minute candles
2026-09-15T12:56:22 FETCHED: NSE:RELIANCE-EQ - stored 421 completed 5-minute candles
2026-09-15T12:56:23 FETCHED: NSE:SBILIFE-EQ - stored 421 completed 5-minute candles
2026-09-15T12:56:24 FETCHED: NSE:SHRIRAMFIN-EQ - stored 421 completed 5-minute candles
2026-09-15T12:56:25 FETCHED: NSE:SBIN-EQ - stored 421 completed 5-minute candles
2026-09-15T12:56:26 FETCHED: NSE:SUNPHARMA-EQ - stored 421 completed 5-minute candles
2026-09-15T12:56:27 FETCHED: NSE:TCS-EQ - stored 421 completed 5-minute candles
2026-09-15T12:56:28 FETCHED: NSE:TATACONSUM-EQ - stored 421 completed 5-minute candles
2026-09-15T12:56:29 FETCHED: NSE:TMPV-EQ - stored 421 completed 5-minute candles
2026-09-15T12:56:30 FETCHED: NSE:TATASTEEL-EQ - stored 421 completed 5-minute candles
2026-09-15T12:56:32 FETCHED: NSE:TECHM-EQ - stored 421 completed 5-minute candles
2026-09-15T12:56:33 FETCHED: NSE:TITAN-EQ - stored 421 completed 5-minute candles
2026-09-15T12:56:34 FETCHED: NSE:TRENT-EQ - stored 421 completed 5-minute candles
2026-09-15T12:56:35 FETCHED: NSE:ULTRACEMCO-EQ - stored 421 completed 5-minute candles
2026-09-15T12:56:36 FETCHED: NSE:WIPRO-EQ - stored 421 completed 5-minute candles
2026-09-15T12:57:06 FETCH_CYCLE: 2026-09-15T12:57:06+05:30
2026-09-15T12:57:07 FETCHED: NSE:ADANIENT-EQ - stored 421 completed 5-minute candles
2026-09-15T12:57:08 FETCHED: NSE:ADANIPORTS-EQ - stored 421 completed 5-minute candles
2026-09-15T12:57:09 FETCHED: NSE:APOLLOHOSP-EQ - stored 421 completed 5-minute candles
2026-09-15T12:57:10 FETCHED: NSE:ASIANPAINT-EQ - stored 421 completed 5-minute candles
2026-09-15T12:57:11 FETCHED: NSE:AXISBANK-EQ - stored 421 completed 5-minute candles
2026-09-15T12:57:12 FETCHED: NSE:BAJAJ-AUTO-EQ - stored 421 completed 5-minute candles
2026-09-15T12:57:14 FETCHED: NSE:BAJFINANCE-EQ - stored 421 completed 5-minute candles
2026-09-15T12:57:14 FETCHED: NSE:BAJAJFINSV-EQ - stored 421 completed 5-minute candles
2026-09-15T12:57:22 FETCHED: NSE:BEL-EQ - stored 421 completed 5-minute candles
2026-09-15T12:57:23 FETCHED: NSE:BHARTIARTL-EQ - stored 421 completed 5-minute candles
2026-09-15T12:57:24 FETCHED: NSE:CIPLA-EQ - stored 421 completed 5-minute candles
2026-09-15T12:57:25 FETCHED: NSE:COALINDIA-EQ - stored 421 completed 5-minute candles
2026-09-15T12:57:26 FETCHED: NSE:DRREDDY-EQ - stored 421 completed 5-minute candles
2026-09-15T12:57:27 FETCHED: NSE:EICHERMOT-EQ - stored 421 completed 5-minute candles
2026-09-15T12:57:28 FETCHED: NSE:ETERNAL-EQ - stored 421 completed 5-minute candles
2026-09-15T12:57:28 FETCHED: NSE:GRASIM-EQ - stored 421 completed 5-minute candles
2026-09-15T12:57:29 FETCHED: NSE:HCLTECH-EQ - stored 421 completed 5-minute candles
2026-09-15T12:57:30 FETCHED: NSE:HDFCBANK-EQ - stored 421 completed 5-minute candles
2026-09-15T12:57:31 FETCHED: NSE:HDFCLIFE-EQ - stored 421 completed 5-minute candles
2026-09-15T12:57:32 FETCHED: NSE:HINDALCO-EQ - stored 421 completed 5-minute candles
2026-09-15T12:57:32 FETCHED: NSE:HINDUNILVR-EQ - stored 421 completed 5-minute candles
2026-09-15T12:57:33 FETCHED: NSE:ICICIBANK-EQ - stored 421 completed 5-minute candles
2026-09-15T12:57:34 FETCHED: NSE:ITC-EQ - stored 421 completed 5-minute candles
2026-09-15T12:57:35 FETCHED: NSE:INFY-EQ - stored 421 completed 5-minute candles
2026-09-15T12:57:36 FETCHED: NSE:INDIGO-EQ - stored 421 completed 5-minute candles
2026-09-15T12:57:36 FETCHED: NSE:JSWSTEEL-EQ - stored 421 completed 5-minute candles
2026-09-15T12:57:37 FETCHED: NSE:JIOFIN-EQ - stored 421 completed 5-minute candles
2026-09-15T12:57:38 FETCHED: NSE:KOTAKBANK-EQ - stored 421 completed 5-minute candles
2026-09-15T12:57:39 FETCHED: NSE:LT-EQ - stored 421 completed 5-minute candles
2026-09-15T12:57:42 FETCHED: NSE:M&M-EQ - stored 421 completed 5-minute candles
2026-09-15T12:57:43 FETCHED: NSE:MARUTI-EQ - stored 421 completed 5-minute candles
2026-09-15T12:57:44 FETCHED: NSE:MAXHEALTH-EQ - stored 421 completed 5-minute candles
2026-09-15T12:57:45 FETCHED: NSE:NTPC-EQ - stored 421 completed 5-minute candles
2026-09-15T12:57:46 FETCHED: NSE:NESTLEIND-EQ - stored 421 completed 5-minute candles
2026-09-15T12:57:47 FETCHED: NSE:ONGC-EQ - stored 421 completed 5-minute candles
2026-09-15T12:57:48 FETCHED: NSE:POWERGRID-EQ - stored 422 completed 5-minute candles
2026-09-15T12:57:49 FETCHED: NSE:RELIANCE-EQ - stored 421 completed 5-minute candles
2026-09-15T12:57:50 FETCHED: NSE:SBILIFE-EQ - stored 421 completed 5-minute candles
2026-09-15T12:57:50 FETCHED: NSE:SHRIRAMFIN-EQ - stored 421 completed 5-minute candles
2026-09-15T12:57:51 FETCHED: NSE:SBIN-EQ - stored 421 completed 5-minute candles
2026-09-15T12:57:51 FETCHED: NSE:SUNPHARMA-EQ - stored 421 completed 5-minute candles
2026-09-15T12:57:53 FETCHED: NSE:TCS-EQ - stored 421 completed 5-minute candles
2026-09-15T12:57:54 FETCHED: NSE:TATACONSUM-EQ - stored 421 completed 5-minute candles
2026-09-15T12:57:54 FETCHED: NSE:TMPV-EQ - stored 421 completed 5-minute candles
2026-09-15T12:57:55 FETCHED: NSE:TATASTEEL-EQ - stored 421 completed 5-minute candles
2026-09-15T12:57:56 FETCHED: NSE:TECHM-EQ - stored 421 completed 5-minute candles
2026-09-15T12:57:56 FETCHED: NSE:TITAN-EQ - stored 421 completed 5-minute candles
2026-09-15T12:57:57 FETCHED: NSE:TRENT-EQ - stored 421 completed 5-minute candles
2026-09-15T12:57:58 FETCHED: NSE:ULTRACEMCO-EQ - stored 421 completed 5-minute candles
2026-09-15T12:57:59 FETCHED: NSE:WIPRO-EQ - stored 421 completed 5-minute candles
2026-09-15T12:58:29 FETCH_CYCLE: 2026-09-15T12:58:29+05:30
2026-09-15T12:58:34 FETCHED: NSE:ADANIENT-EQ - stored 421 completed 5-minute candles
2026-09-15T12:58:35 FETCHED: NSE:ADANIPORTS-EQ - stored 421 completed 5-minute candles
2026-09-15T12:58:35 FETCHED: NSE:APOLLOHOSP-EQ - stored 421 completed 5-minute candles
2026-09-15T12:58:37 FETCHED: NSE:ASIANPAINT-EQ - stored 421 completed 5-minute candles
2026-09-15T12:58:38 FETCHED: NSE:AXISBANK-EQ - stored 421 completed 5-minute candles
2026-09-15T12:58:39 FETCHED: NSE:BAJAJ-AUTO-EQ - stored 421 completed 5-minute candles
2026-09-15T12:58:40 FETCHED: NSE:BAJFINANCE-EQ - stored 421 completed 5-minute candles
2026-09-15T12:58:40 FETCHED: NSE:BAJAJFINSV-EQ - stored 421 completed 5-minute candles
2026-09-15T12:58:41 FETCHED: NSE:BEL-EQ - stored 421 completed 5-minute candles
2026-09-15T12:58:42 FETCHED: NSE:BHARTIARTL-EQ - stored 421 completed 5-minute candles
2026-09-15T12:58:43 FETCHED: NSE:CIPLA-EQ - stored 421 completed 5-minute candles
2026-09-15T12:58:43 FETCHED: NSE:COALINDIA-EQ - stored 421 completed 5-minute candles
2026-09-15T12:58:44 FETCHED: NSE:DRREDDY-EQ - stored 421 completed 5-minute candles
2026-09-15T12:58:45 FETCHED: NSE:EICHERMOT-EQ - stored 421 completed 5-minute candles
2026-09-15T12:58:46 FETCHED: NSE:ETERNAL-EQ - stored 421 completed 5-minute candles
2026-09-15T12:58:47 FETCHED: NSE:GRASIM-EQ - stored 421 completed 5-minute candles
2026-09-15T12:58:47 FETCHED: NSE:HCLTECH-EQ - stored 421 completed 5-minute candles
2026-09-15T12:58:48 FETCHED: NSE:HDFCBANK-EQ - stored 421 completed 5-minute candles
2026-09-15T12:58:49 FETCHED: NSE:HDFCLIFE-EQ - stored 421 completed 5-minute candles
2026-09-15T12:58:49 FETCHED: NSE:HINDALCO-EQ - stored 421 completed 5-minute candles
2026-09-15T12:58:49 FETCHED: NSE:HINDUNILVR-EQ - stored 421 completed 5-minute candles
2026-09-15T12:58:50 FETCHED: NSE:ICICIBANK-EQ - stored 421 completed 5-minute candles
2026-09-15T12:58:51 FETCHED: NSE:ITC-EQ - stored 421 completed 5-minute candles
2026-09-15T12:58:51 FETCHED: NSE:INFY-EQ - stored 421 completed 5-minute candles
2026-09-15T12:58:52 FETCHED: NSE:INDIGO-EQ - stored 421 completed 5-minute candles
2026-09-15T12:58:52 FETCHED: NSE:JSWSTEEL-EQ - stored 421 completed 5-minute candles
2026-09-15T12:58:53 FETCHED: NSE:JIOFIN-EQ - stored 421 completed 5-minute candles
2026-09-15T12:58:53 FETCHED: NSE:KOTAKBANK-EQ - stored 421 completed 5-minute candles
2026-09-15T12:58:54 FETCHED: NSE:LT-EQ - stored 421 completed 5-minute candles
2026-09-15T12:58:55 FETCHED: NSE:M&M-EQ - stored 421 completed 5-minute candles
2026-09-15T12:58:55 FETCHED: NSE:MARUTI-EQ - stored 421 completed 5-minute candles
2026-09-15T12:58:56 FETCHED: NSE:MAXHEALTH-EQ - stored 421 completed 5-minute candles
2026-09-15T12:58:56 FETCHED: NSE:NTPC-EQ - stored 421 completed 5-minute candles
2026-09-15T12:58:57 FETCHED: NSE:NESTLEIND-EQ - stored 421 completed 5-minute candles
2026-09-15T12:58:57 FETCHED: NSE:ONGC-EQ - stored 421 completed 5-minute candles
2026-09-15T12:58:58 FETCHED: NSE:POWERGRID-EQ - stored 422 completed 5-minute candles
2026-09-15T12:58:58 FETCHED: NSE:RELIANCE-EQ - stored 421 completed 5-minute candles
2026-09-15T12:58:59 FETCHED: NSE:SBILIFE-EQ - stored 421 completed 5-minute candles
2026-09-15T12:58:59 FETCHED: NSE:SHRIRAMFIN-EQ - stored 421 completed 5-minute candles
2026-09-15T12:58:59 FETCHED: NSE:SBIN-EQ - stored 421 completed 5-minute candles
2026-09-15T12:59:00 FETCHED: NSE:SUNPHARMA-EQ - stored 421 completed 5-minute candles
2026-09-15T12:59:00 FETCHED: NSE:TCS-EQ - stored 421 completed 5-minute candles
2026-09-15T12:59:01 FETCHED: NSE:TATACONSUM-EQ - stored 421 completed 5-minute candles
2026-09-15T12:59:02 FETCHED: NSE:TMPV-EQ - stored 421 completed 5-minute candles
2026-09-15T12:59:02 FETCHED: NSE:TATASTEEL-EQ - stored 421 completed 5-minute candles
2026-09-15T12:59:03 FETCHED: NSE:TECHM-EQ - stored 421 completed 5-minute candles
2026-09-15T12:59:04 FETCHED: NSE:TITAN-EQ - stored 421 completed 5-minute candles
2026-09-15T12:59:05 FETCHED: NSE:TRENT-EQ - stored 421 completed 5-minute candles
2026-09-15T12:59:06 FETCHED: NSE:ULTRACEMCO-EQ - stored 421 completed 5-minute candles
2026-09-15T12:59:07 FETCHED: NSE:WIPRO-EQ - stored 421 completed 5-minute candles
2026-09-15T12:59:37 FETCH_CYCLE: 2026-09-15T12:59:37+05:30
2026-09-15T12:59:37 FETCHED: NSE:ADANIENT-EQ - stored 421 completed 5-minute candles
2026-09-15T12:59:38 FETCHED: NSE:ADANIPORTS-EQ - stored 421 completed 5-minute candles
2026-09-15T12:59:38 FETCHED: NSE:APOLLOHOSP-EQ - stored 421 completed 5-minute candles
2026-09-15T12:59:39 FETCHED: NSE:ASIANPAINT-EQ - stored 421 completed 5-minute candles
2026-09-15T12:59:40 FETCHED: NSE:AXISBANK-EQ - stored 421 completed 5-minute candles
2026-09-15T12:59:40 FETCHED: NSE:BAJAJ-AUTO-EQ - stored 421 completed 5-minute candles
2026-09-15T12:59:41 FETCHED: NSE:BAJFINANCE-EQ - stored 421 completed 5-minute candles
2026-09-15T12:59:42 FETCHED: NSE:BAJAJFINSV-EQ - stored 421 completed 5-minute candles
2026-09-15T12:59:42 FETCHED: NSE:BEL-EQ - stored 421 completed 5-minute candles
2026-09-15T12:59:43 FETCHED: NSE:BHARTIARTL-EQ - stored 421 completed 5-minute candles
2026-09-15T12:59:44 FETCHED: NSE:CIPLA-EQ - stored 421 completed 5-minute candles
2026-09-15T12:59:45 FETCHED: NSE:COALINDIA-EQ - stored 421 completed 5-minute candles
2026-09-15T12:59:46 FETCHED: NSE:DRREDDY-EQ - stored 421 completed 5-minute candles
2026-09-15T12:59:46 FETCHED: NSE:EICHERMOT-EQ - stored 421 completed 5-minute candles
2026-09-15T12:59:47 FETCHED: NSE:ETERNAL-EQ - stored 421 completed 5-minute candles
2026-09-15T12:59:47 FETCHED: NSE:GRASIM-EQ - stored 421 completed 5-minute candles
2026-09-15T12:59:48 FETCHED: NSE:HCLTECH-EQ - stored 421 completed 5-minute candles
2026-09-15T12:59:48 FETCHED: NSE:HDFCBANK-EQ - stored 421 completed 5-minute candles
2026-09-15T12:59:49 FETCHED: NSE:HDFCLIFE-EQ - stored 421 completed 5-minute candles
2026-09-15T12:59:49 FETCHED: NSE:HINDALCO-EQ - stored 421 completed 5-minute candles
2026-09-15T12:59:49 FETCHED: NSE:HINDUNILVR-EQ - stored 421 completed 5-minute candles
2026-09-15T12:59:50 FETCHED: NSE:ICICIBANK-EQ - stored 421 completed 5-minute candles
2026-09-15T12:59:50 FETCHED: NSE:ITC-EQ - stored 421 completed 5-minute candles
2026-09-15T12:59:51 FETCHED: NSE:INFY-EQ - stored 421 completed 5-minute candles
2026-09-15T12:59:51 FETCHED: NSE:INDIGO-EQ - stored 421 completed 5-minute candles
2026-09-15T12:59:51 FETCHED: NSE:JSWSTEEL-EQ - stored 421 completed 5-minute candles
2026-09-15T12:59:52 FETCHED: NSE:JIOFIN-EQ - stored 421 completed 5-minute candles
2026-09-15T12:59:52 FETCHED: NSE:KOTAKBANK-EQ - stored 421 completed 5-minute candles
2026-09-15T12:59:53 FETCHED: NSE:LT-EQ - stored 421 completed 5-minute candles
2026-09-15T12:59:53 FETCHED: NSE:M&M-EQ - stored 421 completed 5-minute candles
2026-09-15T12:59:54 FETCHED: NSE:MARUTI-EQ - stored 421 completed 5-minute candles
2026-09-15T12:59:54 FETCHED: NSE:MAXHEALTH-EQ - stored 421 completed 5-minute candles
2026-09-15T12:59:54 FETCHED: NSE:NTPC-EQ - stored 421 completed 5-minute candles
2026-09-15T12:59:55 FETCHED: NSE:NESTLEIND-EQ - stored 421 completed 5-minute candles
2026-09-15T12:59:55 FETCHED: NSE:ONGC-EQ - stored 421 completed 5-minute candles
2026-09-15T12:59:56 FETCHED: NSE:POWERGRID-EQ - stored 422 completed 5-minute candles
2026-09-15T12:59:56 FETCHED: NSE:RELIANCE-EQ - stored 421 completed 5-minute candles
2026-09-15T12:59:57 FETCHED: NSE:SBILIFE-EQ - stored 421 completed 5-minute candles
2026-09-15T12:59:57 FETCHED: NSE:SHRIRAMFIN-EQ - stored 421 completed 5-minute candles
2026-09-15T12:59:58 FETCHED: NSE:SBIN-EQ - stored 421 completed 5-minute candles
2026-09-15T12:59:58 FETCHED: NSE:SUNPHARMA-EQ - stored 421 completed 5-minute candles
2026-09-15T12:59:59 FETCHED: NSE:TCS-EQ - stored 421 completed 5-minute candles
2026-09-15T13:00:00 FETCHED: NSE:TATACONSUM-EQ - stored 421 completed 5-minute candles
2026-09-15T13:00:01 FETCHED: NSE:TMPV-EQ - stored 421 completed 5-minute candles
2026-09-15T13:00:01 FETCHED: NSE:TATASTEEL-EQ - stored 422 completed 5-minute candles
2026-09-15T13:00:05 FETCHED: NSE:TECHM-EQ - stored 422 completed 5-minute candles
2026-09-15T13:00:07 FETCHED: NSE:TITAN-EQ - stored 422 completed 5-minute candles
2026-09-15T13:00:08 FETCHED: NSE:TRENT-EQ - stored 422 completed 5-minute candles
2026-09-15T13:00:09 FETCHED: NSE:ULTRACEMCO-EQ - stored 422 completed 5-minute candles
2026-09-15T13:00:11 FETCHED: NSE:WIPRO-EQ - stored 422 completed 5-minute candles
2026-09-15T13:00:41 FETCH_CYCLE: 2026-09-15T13:00:41+05:30
2026-09-15T13:00:42 FETCHED: NSE:ADANIENT-EQ - stored 422 completed 5-minute candles
2026-09-15T13:00:43 FETCHED: NSE:ADANIPORTS-EQ - stored 422 completed 5-minute candles
2026-09-15T13:00:44 FETCHED: NSE:APOLLOHOSP-EQ - stored 422 completed 5-minute candles
2026-09-15T13:00:45 FETCHED: NSE:ASIANPAINT-EQ - stored 422 completed 5-minute candles
2026-09-15T13:00:45 FETCHED: NSE:AXISBANK-EQ - stored 422 completed 5-minute candles
2026-09-15T13:00:46 FETCHED: NSE:BAJAJ-AUTO-EQ - stored 422 completed 5-minute candles
2026-09-15T13:00:47 FETCHED: NSE:BAJFINANCE-EQ - stored 422 completed 5-minute candles
2026-09-15T13:00:48 FETCHED: NSE:BAJAJFINSV-EQ - stored 422 completed 5-minute candles
2026-09-15T13:00:48 FETCHED: NSE:BEL-EQ - stored 422 completed 5-minute candles
2026-09-15T13:00:49 FETCHED: NSE:BHARTIARTL-EQ - stored 422 completed 5-minute candles
2026-09-15T13:00:50 FETCHED: NSE:CIPLA-EQ - stored 422 completed 5-minute candles
2026-09-15T13:00:50 FETCHED: NSE:COALINDIA-EQ - stored 422 completed 5-minute candles
2026-09-15T13:00:51 FETCHED: NSE:DRREDDY-EQ - stored 422 completed 5-minute candles
2026-09-15T13:00:52 FETCHED: NSE:EICHERMOT-EQ - stored 422 completed 5-minute candles
2026-09-15T13:00:52 FETCHED: NSE:ETERNAL-EQ - stored 422 completed 5-minute candles
2026-09-15T13:00:53 FETCHED: NSE:GRASIM-EQ - stored 422 completed 5-minute candles
2026-09-15T13:00:53 FETCHED: NSE:HCLTECH-EQ - stored 422 completed 5-minute candles
2026-09-15T13:00:54 FETCHED: NSE:HDFCBANK-EQ - stored 422 completed 5-minute candles
2026-09-15T13:00:55 FETCHED: NSE:HDFCLIFE-EQ - stored 422 completed 5-minute candles
2026-09-15T13:00:57 FETCHED: NSE:HINDALCO-EQ - stored 422 completed 5-minute candles
2026-09-15T13:00:58 FETCHED: NSE:HINDUNILVR-EQ - stored 422 completed 5-minute candles
2026-09-15T13:00:59 FETCHED: NSE:ICICIBANK-EQ - stored 422 completed 5-minute candles
2026-09-15T13:00:59 FETCHED: NSE:ITC-EQ - stored 422 completed 5-minute candles
2026-09-15T13:01:00 FETCHED: NSE:INFY-EQ - stored 422 completed 5-minute candles
2026-09-15T13:01:01 FETCHED: NSE:INDIGO-EQ - stored 422 completed 5-minute candles
2026-09-15T13:01:02 FETCHED: NSE:JSWSTEEL-EQ - stored 422 completed 5-minute candles
2026-09-15T13:01:03 FETCHED: NSE:JIOFIN-EQ - stored 422 completed 5-minute candles
2026-09-15T13:01:04 FETCHED: NSE:KOTAKBANK-EQ - stored 422 completed 5-minute candles
2026-09-15T13:01:05 FETCHED: NSE:LT-EQ - stored 422 completed 5-minute candles
2026-09-15T13:01:05 FETCHED: NSE:M&M-EQ - stored 422 completed 5-minute candles
2026-09-15T13:01:06 FETCHED: NSE:MARUTI-EQ - stored 422 completed 5-minute candles
2026-09-15T13:01:06 FETCHED: NSE:MAXHEALTH-EQ - stored 422 completed 5-minute candles
2026-09-15T13:01:07 FETCHED: NSE:NTPC-EQ - stored 422 completed 5-minute candles
2026-09-15T13:01:08 FETCHED: NSE:NESTLEIND-EQ - stored 422 completed 5-minute candles
2026-09-15T13:01:08 FETCHED: NSE:ONGC-EQ - stored 422 completed 5-minute candles
2026-09-15T13:01:08 FETCHED: NSE:POWERGRID-EQ - stored 423 completed 5-minute candles
2026-09-15T13:01:09 FETCHED: NSE:RELIANCE-EQ - stored 422 completed 5-minute candles
2026-09-15T13:01:09 FETCHED: NSE:SBILIFE-EQ - stored 422 completed 5-minute candles
2026-09-15T13:01:10 FETCHED: NSE:SHRIRAMFIN-EQ - stored 422 completed 5-minute candles
2026-09-15T13:01:10 FETCHED: NSE:SBIN-EQ - stored 422 completed 5-minute candles
2026-09-15T13:01:11 FETCHED: NSE:SUNPHARMA-EQ - stored 422 completed 5-minute candles
2026-09-15T13:01:11 FETCHED: NSE:TCS-EQ - stored 422 completed 5-minute candles
2026-09-15T13:01:12 FETCHED: NSE:TATACONSUM-EQ - stored 422 completed 5-minute candles
2026-09-15T13:01:12 FETCHED: NSE:TMPV-EQ - stored 422 completed 5-minute candles
2026-09-15T13:01:13 FETCHED: NSE:TATASTEEL-EQ - stored 422 completed 5-minute candles
2026-09-15T13:01:14 FETCHED: NSE:TECHM-EQ - stored 422 completed 5-minute candles
2026-09-15T13:01:14 FETCHED: NSE:TITAN-EQ - stored 422 completed 5-minute candles
2026-09-15T13:01:14 FETCHED: NSE:TRENT-EQ - stored 422 completed 5-minute candles
2026-09-15T13:01:15 FETCHED: NSE:ULTRACEMCO-EQ - stored 422 completed 5-minute candles
2026-09-15T13:01:15 FETCHED: NSE:WIPRO-EQ - stored 422 completed 5-minute candles
2026-09-15T13:01:45 FETCH_CYCLE: 2026-09-15T13:01:45+05:30
2026-09-15T13:01:46 FETCHED: NSE:ADANIENT-EQ - stored 422 completed 5-minute candles
2026-09-15T13:01:47 FETCHED: NSE:ADANIPORTS-EQ - stored 422 completed 5-minute candles
2026-09-15T13:01:47 FETCHED: NSE:APOLLOHOSP-EQ - stored 422 completed 5-minute candles
2026-09-15T13:01:48 FETCHED: NSE:ASIANPAINT-EQ - stored 422 completed 5-minute candles
2026-09-15T13:01:48 FETCHED: NSE:AXISBANK-EQ - stored 422 completed 5-minute candles
2026-09-15T13:01:49 FETCHED: NSE:BAJAJ-AUTO-EQ - stored 422 completed 5-minute candles
2026-09-15T13:01:50 FETCHED: NSE:BAJFINANCE-EQ - stored 422 completed 5-minute candles
2026-09-15T13:01:50 FETCHED: NSE:BAJAJFINSV-EQ - stored 422 completed 5-minute candles
2026-09-15T13:01:51 FETCHED: NSE:BEL-EQ - stored 422 completed 5-minute candles
2026-09-15T13:01:52 FETCHED: NSE:BHARTIARTL-EQ - stored 422 completed 5-minute candles
2026-09-15T13:01:52 FETCHED: NSE:CIPLA-EQ - stored 422 completed 5-minute candles
2026-09-15T13:01:52 FETCHED: NSE:COALINDIA-EQ - stored 422 completed 5-minute candles
2026-09-15T13:01:53 FETCHED: NSE:DRREDDY-EQ - stored 422 completed 5-minute candles
2026-09-15T13:01:53 FETCHED: NSE:EICHERMOT-EQ - stored 422 completed 5-minute candles
2026-09-15T13:01:54 FETCHED: NSE:ETERNAL-EQ - stored 422 completed 5-minute candles
2026-09-15T13:01:54 FETCHED: NSE:GRASIM-EQ - stored 422 completed 5-minute candles
2026-09-15T13:01:54 FETCHED: NSE:HCLTECH-EQ - stored 422 completed 5-minute candles
2026-09-15T13:01:55 FETCHED: NSE:HDFCBANK-EQ - stored 422 completed 5-minute candles
2026-09-15T13:01:55 FETCHED: NSE:HDFCLIFE-EQ - stored 422 completed 5-minute candles
2026-09-15T13:01:56 FETCHED: NSE:HINDALCO-EQ - stored 422 completed 5-minute candles
2026-09-15T13:01:56 FETCHED: NSE:HINDUNILVR-EQ - stored 422 completed 5-minute candles
2026-09-15T13:01:57 FETCHED: NSE:ICICIBANK-EQ - stored 422 completed 5-minute candles
2026-09-15T13:01:57 FETCHED: NSE:ITC-EQ - stored 422 completed 5-minute candles
2026-09-15T13:01:58 FETCHED: NSE:INFY-EQ - stored 422 completed 5-minute candles
2026-09-15T13:01:58 FETCHED: NSE:INDIGO-EQ - stored 422 completed 5-minute candles
2026-09-15T13:01:58 FETCHED: NSE:JSWSTEEL-EQ - stored 422 completed 5-minute candles
2026-09-15T13:01:59 FETCHED: NSE:JIOFIN-EQ - stored 422 completed 5-minute candles
2026-09-15T13:01:59 FETCHED: NSE:KOTAKBANK-EQ - stored 422 completed 5-minute candles
2026-09-15T13:02:00 FETCHED: NSE:LT-EQ - stored 422 completed 5-minute candles
2026-09-15T13:02:01 FETCHED: NSE:M&M-EQ - stored 422 completed 5-minute candles
2026-09-15T13:02:02 FETCHED: NSE:MARUTI-EQ - stored 422 completed 5-minute candles
2026-09-15T13:02:03 FETCHED: NSE:MAXHEALTH-EQ - stored 422 completed 5-minute candles
2026-09-15T13:02:04 FETCHED: NSE:NTPC-EQ - stored 422 completed 5-minute candles
2026-09-15T13:02:05 FETCHED: NSE:NESTLEIND-EQ - stored 422 completed 5-minute candles
2026-09-15T13:02:05 FETCHED: NSE:ONGC-EQ - stored 422 completed 5-minute candles
2026-09-15T13:02:06 FETCHED: NSE:POWERGRID-EQ - stored 423 completed 5-minute candles
2026-09-15T13:02:07 FETCHED: NSE:RELIANCE-EQ - stored 422 completed 5-minute candles
2026-09-15T13:02:08 FETCHED: NSE:SBILIFE-EQ - stored 422 completed 5-minute candles
2026-09-15T13:02:08 FETCHED: NSE:SHRIRAMFIN-EQ - stored 422 completed 5-minute candles
2026-09-15T13:02:09 FETCHED: NSE:SBIN-EQ - stored 422 completed 5-minute candles
2026-09-15T13:02:10 FETCHED: NSE:SUNPHARMA-EQ - stored 422 completed 5-minute candles
2026-09-15T13:02:10 FETCHED: NSE:TCS-EQ - stored 422 completed 5-minute candles
2026-09-15T13:02:11 FETCHED: NSE:TATACONSUM-EQ - stored 422 completed 5-minute candles
2026-09-15T13:02:11 FETCHED: NSE:TMPV-EQ - stored 422 completed 5-minute candles
2026-09-15T13:02:12 FETCHED: NSE:TATASTEEL-EQ - stored 422 completed 5-minute candles
2026-09-15T13:02:12 FETCHED: NSE:TECHM-EQ - stored 422 completed 5-minute candles
2026-09-15T13:02:13 FETCHED: NSE:TITAN-EQ - stored 422 completed 5-minute candles
2026-09-15T13:02:13 FETCHED: NSE:TRENT-EQ - stored 422 completed 5-minute candles
2026-09-15T13:02:14 FETCHED: NSE:ULTRACEMCO-EQ - stored 422 completed 5-minute candles
2026-09-15T13:02:14 FETCHED: NSE:WIPRO-EQ - stored 422 completed 5-minute candles
2026-09-15T13:02:47 FETCH_CYCLE: 2026-09-15T13:02:47+05:30
2026-09-15T13:02:57 FETCHED: NSE:ADANIENT-EQ - stored 422 completed 5-minute candles
2026-09-15T13:02:59 FETCHED: NSE:ADANIPORTS-EQ - stored 422 completed 5-minute candles
2026-09-15T13:03:00 FETCHED: NSE:APOLLOHOSP-EQ - stored 422 completed 5-minute candles
2026-09-15T13:03:01 FETCHED: NSE:ASIANPAINT-EQ - stored 422 completed 5-minute candles
2026-09-15T13:03:02 FETCHED: NSE:AXISBANK-EQ - stored 422 completed 5-minute candles
2026-09-15T13:03:03 FETCHED: NSE:BAJAJ-AUTO-EQ - stored 422 completed 5-minute candles
2026-09-15T13:03:04 FETCHED: NSE:BAJFINANCE-EQ - stored 422 completed 5-minute candles
2026-09-15T13:03:05 FETCHED: NSE:BAJAJFINSV-EQ - stored 422 completed 5-minute candles
2026-09-15T13:03:06 FETCHED: NSE:BEL-EQ - stored 422 completed 5-minute candles
2026-09-15T13:03:09 FETCHED: NSE:BHARTIARTL-EQ - stored 422 completed 5-minute candles
2026-09-15T13:03:10 FETCHED: NSE:CIPLA-EQ - stored 422 completed 5-minute candles
2026-09-15T13:03:11 FETCHED: NSE:COALINDIA-EQ - stored 422 completed 5-minute candles
2026-09-15T13:03:13 FETCHED: NSE:DRREDDY-EQ - stored 422 completed 5-minute candles
2026-09-15T13:03:15 FETCHED: NSE:EICHERMOT-EQ - stored 422 completed 5-minute candles
2026-09-15T13:03:16 FETCHED: NSE:ETERNAL-EQ - stored 422 completed 5-minute candles
2026-09-15T13:03:17 FETCHED: NSE:GRASIM-EQ - stored 422 completed 5-minute candles
2026-09-15T13:03:18 FETCHED: NSE:HCLTECH-EQ - stored 422 completed 5-minute candles
2026-09-15T13:03:19 FETCHED: NSE:HDFCBANK-EQ - stored 422 completed 5-minute candles
2026-09-15T13:03:20 FETCHED: NSE:HDFCLIFE-EQ - stored 422 completed 5-minute candles
2026-09-15T13:03:20 FETCHED: NSE:HINDALCO-EQ - stored 422 completed 5-minute candles
2026-09-15T13:03:21 FETCHED: NSE:HINDUNILVR-EQ - stored 422 completed 5-minute candles
2026-09-15T13:03:22 FETCHED: NSE:ICICIBANK-EQ - stored 422 completed 5-minute candles
2026-09-15T13:03:22 FETCHED: NSE:ITC-EQ - stored 422 completed 5-minute candles
2026-09-15T13:03:23 FETCHED: NSE:INFY-EQ - stored 422 completed 5-minute candles
2026-09-15T13:03:23 FETCHED: NSE:INDIGO-EQ - stored 422 completed 5-minute candles
2026-09-15T13:03:24 FETCHED: NSE:JSWSTEEL-EQ - stored 422 completed 5-minute candles
2026-09-15T13:03:25 FETCHED: NSE:JIOFIN-EQ - stored 422 completed 5-minute candles
2026-09-15T13:03:25 FETCHED: NSE:KOTAKBANK-EQ - stored 422 completed 5-minute candles
2026-09-15T13:03:26 FETCHED: NSE:LT-EQ - stored 422 completed 5-minute candles
2026-09-15T13:03:27 FETCHED: NSE:M&M-EQ - stored 422 completed 5-minute candles
2026-09-15T13:03:27 FETCHED: NSE:MARUTI-EQ - stored 422 completed 5-minute candles
2026-09-15T13:03:28 FETCHED: NSE:MAXHEALTH-EQ - stored 422 completed 5-minute candles
2026-09-15T13:03:30 FETCHED: NSE:NTPC-EQ - stored 422 completed 5-minute candles
2026-09-15T13:03:31 FETCHED: NSE:NESTLEIND-EQ - stored 422 completed 5-minute candles
2026-09-15T13:03:31 FETCHED: NSE:ONGC-EQ - stored 422 completed 5-minute candles
2026-09-15T13:03:32 FETCHED: NSE:POWERGRID-EQ - stored 423 completed 5-minute candles
2026-09-15T13:03:33 FETCHED: NSE:RELIANCE-EQ - stored 422 completed 5-minute candles
2026-09-15T13:03:34 FETCHED: NSE:SBILIFE-EQ - stored 422 completed 5-minute candles
2026-09-15T13:03:34 FETCHED: NSE:SHRIRAMFIN-EQ - stored 422 completed 5-minute candles
2026-09-15T13:03:35 FETCHED: NSE:SBIN-EQ - stored 422 completed 5-minute candles
2026-09-15T13:03:36 FETCHED: NSE:SUNPHARMA-EQ - stored 422 completed 5-minute candles
2026-09-15T13:03:36 FETCHED: NSE:TCS-EQ - stored 422 completed 5-minute candles
2026-09-15T13:03:37 FETCHED: NSE:TATACONSUM-EQ - stored 422 completed 5-minute candles
2026-09-15T13:03:38 FETCHED: NSE:TMPV-EQ - stored 422 completed 5-minute candles
2026-09-15T13:03:38 FETCHED: NSE:TATASTEEL-EQ - stored 422 completed 5-minute candles
2026-09-15T13:03:39 FETCHED: NSE:TECHM-EQ - stored 422 completed 5-minute candles
2026-09-15T13:03:39 FETCHED: NSE:TITAN-EQ - stored 422 completed 5-minute candles
2026-09-15T13:03:40 FETCHED: NSE:TRENT-EQ - stored 422 completed 5-minute candles
2026-09-15T13:03:41 FETCHED: NSE:ULTRACEMCO-EQ - stored 422 completed 5-minute candles
2026-09-15T13:03:41 FETCHED: NSE:WIPRO-EQ - stored 422 completed 5-minute candles
2026-09-15T13:04:13 FETCH_CYCLE: 2026-09-15T13:04:13+05:30
2026-09-15T13:04:29 FETCHED: NSE:ADANIENT-EQ - stored 422 completed 5-minute candles
2026-09-15T13:04:33 FETCHED: NSE:ADANIPORTS-EQ - stored 422 completed 5-minute candles
2026-09-15T13:04:34 FETCHED: NSE:APOLLOHOSP-EQ - stored 422 completed 5-minute candles
2026-09-15T13:04:38 FETCHED: NSE:ASIANPAINT-EQ - stored 422 completed 5-minute candles
2026-09-15T13:04:40 FETCHED: NSE:AXISBANK-EQ - stored 422 completed 5-minute candles
2026-09-15T13:04:41 FETCHED: NSE:BAJAJ-AUTO-EQ - stored 422 completed 5-minute candles
2026-09-15T13:04:42 FETCHED: NSE:BAJFINANCE-EQ - stored 422 completed 5-minute candles
2026-09-15T13:04:43 FETCHED: NSE:BAJAJFINSV-EQ - stored 422 completed 5-minute candles
2026-09-15T13:04:44 FETCHED: NSE:BEL-EQ - stored 422 completed 5-minute candles
2026-09-15T13:04:45 FETCHED: NSE:BHARTIARTL-EQ - stored 422 completed 5-minute candles
2026-09-15T13:04:46 FETCHED: NSE:CIPLA-EQ - stored 422 completed 5-minute candles
2026-09-15T13:04:47 FETCHED: NSE:COALINDIA-EQ - stored 422 completed 5-minute candles
2026-09-15T13:04:48 FETCHED: NSE:DRREDDY-EQ - stored 422 completed 5-minute candles
2026-09-15T13:04:49 FETCHED: NSE:EICHERMOT-EQ - stored 422 completed 5-minute candles
2026-09-15T13:04:49 FETCHED: NSE:ETERNAL-EQ - stored 422 completed 5-minute candles
2026-09-15T13:04:50 FETCHED: NSE:GRASIM-EQ - stored 422 completed 5-minute candles
2026-09-15T13:04:51 FETCHED: NSE:HCLTECH-EQ - stored 422 completed 5-minute candles
2026-09-15T13:04:52 FETCHED: NSE:HDFCBANK-EQ - stored 422 completed 5-minute candles
2026-09-15T13:04:53 FETCHED: NSE:HDFCLIFE-EQ - stored 422 completed 5-minute candles
2026-09-15T13:04:53 FETCHED: NSE:HINDALCO-EQ - stored 422 completed 5-minute candles
2026-09-15T13:04:54 FETCHED: NSE:HINDUNILVR-EQ - stored 422 completed 5-minute candles
2026-09-15T13:04:55 FETCHED: NSE:ICICIBANK-EQ - stored 422 completed 5-minute candles
2026-09-15T13:04:57 FETCHED: NSE:ITC-EQ - stored 422 completed 5-minute candles
2026-09-15T13:04:59 FETCHED: NSE:INFY-EQ - stored 422 completed 5-minute candles
2026-09-15T13:06:01 FETCHED: NSE:INDIGO-EQ - stored 422 completed 5-minute candles
2026-09-15T13:06:55 FETCHED: NSE:JSWSTEEL-EQ - stored 423 completed 5-minute candles
2026-09-15T13:07:11 FETCHED: NSE:JIOFIN-EQ - stored 423 completed 5-minute candles
2026-09-15T13:07:13 FETCHED: NSE:KOTAKBANK-EQ - stored 423 completed 5-minute candles
2026-09-15T13:07:14 FETCHED: NSE:LT-EQ - stored 423 completed 5-minute candles
2026-09-15T13:07:15 FETCHED: NSE:M&M-EQ - stored 423 completed 5-minute candles
2026-09-15T13:07:16 FETCHED: NSE:MARUTI-EQ - stored 423 completed 5-minute candles
2026-09-15T13:07:17 FETCHED: NSE:MAXHEALTH-EQ - stored 423 completed 5-minute candles
2026-09-15T13:07:19 FETCHED: NSE:NTPC-EQ - stored 423 completed 5-minute candles
2026-09-15T13:07:20 FETCHED: NSE:NESTLEIND-EQ - stored 423 completed 5-minute candles
2026-09-15T13:07:22 FETCHED: NSE:ONGC-EQ - stored 423 completed 5-minute candles
2026-09-15T13:07:24 FETCHED: NSE:POWERGRID-EQ - stored 424 completed 5-minute candles
2026-09-15T13:07:26 FETCHED: NSE:RELIANCE-EQ - stored 423 completed 5-minute candles
2026-09-15T13:07:27 FETCHED: NSE:SBILIFE-EQ - stored 423 completed 5-minute candles
2026-09-15T13:07:32 FETCHED: NSE:SHRIRAMFIN-EQ - stored 423 completed 5-minute candles
2026-09-15T13:07:51 FETCHED: NSE:SBIN-EQ - stored 423 completed 5-minute candles
2026-09-15T13:07:53 FETCHED: NSE:SUNPHARMA-EQ - stored 423 completed 5-minute candles
2026-09-15T13:07:54 FETCHED: NSE:TCS-EQ - stored 423 completed 5-minute candles
2026-09-15T13:07:55 FETCHED: NSE:TATACONSUM-EQ - stored 423 completed 5-minute candles
2026-09-15T13:07:56 FETCHED: NSE:TMPV-EQ - stored 423 completed 5-minute candles
2026-09-15T13:08:14 FETCHED: NSE:TATASTEEL-EQ - stored 423 completed 5-minute candles
2026-09-15T13:08:30 FETCHED: NSE:TECHM-EQ - stored 423 completed 5-minute candles
2026-09-15T13:08:33 FETCHED: NSE:TITAN-EQ - stored 423 completed 5-minute candles
2026-09-15T13:08:34 FETCHED: NSE:TRENT-EQ - stored 423 completed 5-minute candles
2026-09-15T13:08:38 FETCHED: NSE:ULTRACEMCO-EQ - stored 423 completed 5-minute candles
2026-09-15T13:08:39 FETCHED: NSE:WIPRO-EQ - stored 423 completed 5-minute candles
2026-09-15T13:09:10 FETCH_CYCLE: 2026-09-15T13:09:10+05:30
2026-09-15T13:09:30 FETCHED: NSE:ADANIENT-EQ - stored 423 completed 5-minute candles
2026-09-15T13:09:32 FETCHED: NSE:ADANIPORTS-EQ - stored 423 completed 5-minute candles
2026-09-15T13:09:33 FETCHED: NSE:APOLLOHOSP-EQ - stored 423 completed 5-minute candles
2026-09-15T13:09:34 FETCHED: NSE:ASIANPAINT-EQ - stored 423 completed 5-minute candles
2026-09-15T13:09:35 FETCHED: NSE:AXISBANK-EQ - stored 423 completed 5-minute candles
2026-09-15T13:09:36 FETCHED: NSE:BAJAJ-AUTO-EQ - stored 423 completed 5-minute candles
2026-09-15T13:09:37 FETCHED: NSE:BAJFINANCE-EQ - stored 423 completed 5-minute candles
2026-09-15T13:09:38 FETCHED: NSE:BAJAJFINSV-EQ - stored 423 completed 5-minute candles
2026-09-15T13:10:40 FETCHED: NSE:BEL-EQ - stored 423 completed 5-minute candles
2026-09-15T13:10:44 FETCHED: NSE:BHARTIARTL-EQ - stored 424 completed 5-minute candles
2026-09-15T13:10:45 FETCHED: NSE:CIPLA-EQ - stored 424 completed 5-minute candles
2026-09-15T13:10:47 FETCHED: NSE:COALINDIA-EQ - stored 424 completed 5-minute candles
2026-09-15T13:10:47 FETCHED: NSE:DRREDDY-EQ - stored 424 completed 5-minute candles
2026-09-15T13:10:48 FETCHED: NSE:EICHERMOT-EQ - stored 424 completed 5-minute candles
2026-09-15T13:10:49 FETCHED: NSE:ETERNAL-EQ - stored 424 completed 5-minute candles
2026-09-15T13:10:50 FETCHED: NSE:GRASIM-EQ - stored 424 completed 5-minute candles
2026-09-15T13:10:51 FETCHED: NSE:HCLTECH-EQ - stored 424 completed 5-minute candles
2026-09-15T13:10:52 FETCHED: NSE:HDFCBANK-EQ - stored 424 completed 5-minute candles
2026-09-15T13:10:53 FETCHED: NSE:HDFCLIFE-EQ - stored 424 completed 5-minute candles
2026-09-15T13:10:54 FETCHED: NSE:HINDALCO-EQ - stored 424 completed 5-minute candles
2026-09-15T13:10:55 FETCHED: NSE:HINDUNILVR-EQ - stored 424 completed 5-minute candles
2026-09-15T13:10:56 FETCHED: NSE:ICICIBANK-EQ - stored 424 completed 5-minute candles
2026-09-15T13:10:57 FETCHED: NSE:ITC-EQ - stored 424 completed 5-minute candles
2026-09-15T13:10:58 FETCHED: NSE:INFY-EQ - stored 424 completed 5-minute candles
2026-09-15T13:11:00 FETCHED: NSE:INDIGO-EQ - stored 424 completed 5-minute candles
2026-09-15T13:11:02 FETCHED: NSE:JSWSTEEL-EQ - stored 424 completed 5-minute candles
2026-09-15T13:11:04 FETCHED: NSE:JIOFIN-EQ - stored 424 completed 5-minute candles
2026-09-15T13:11:05 FETCHED: NSE:KOTAKBANK-EQ - stored 424 completed 5-minute candles
2026-09-15T13:11:07 FETCHED: NSE:LT-EQ - stored 424 completed 5-minute candles
2026-09-15T13:11:10 FETCHED: NSE:M&M-EQ - stored 424 completed 5-minute candles
2026-09-15T13:11:14 FETCHED: NSE:MARUTI-EQ - stored 424 completed 5-minute candles
2026-09-15T13:11:16 FETCHED: NSE:MAXHEALTH-EQ - stored 424 completed 5-minute candles
2026-09-15T13:11:18 FETCHED: NSE:NTPC-EQ - stored 424 completed 5-minute candles
2026-09-15T13:11:20 FETCHED: NSE:NESTLEIND-EQ - stored 424 completed 5-minute candles
2026-09-15T13:11:22 FETCHED: NSE:ONGC-EQ - stored 424 completed 5-minute candles
2026-09-15T13:11:23 FETCHED: NSE:POWERGRID-EQ - stored 425 completed 5-minute candles
2026-09-15T13:11:25 FETCHED: NSE:RELIANCE-EQ - stored 424 completed 5-minute candles
2026-09-15T13:11:28 FETCHED: NSE:SBILIFE-EQ - stored 424 completed 5-minute candles
2026-09-15T13:11:30 FETCHED: NSE:SHRIRAMFIN-EQ - stored 424 completed 5-minute candles
2026-09-15T13:11:31 FETCHED: NSE:SBIN-EQ - stored 424 completed 5-minute candles
2026-09-15T13:11:32 FETCHED: NSE:SUNPHARMA-EQ - stored 424 completed 5-minute candles
2026-09-15T13:11:33 FETCHED: NSE:TCS-EQ - stored 424 completed 5-minute candles
2026-09-15T13:11:34 FETCHED: NSE:TATACONSUM-EQ - stored 424 completed 5-minute candles
2026-09-15T13:11:35 FETCHED: NSE:TMPV-EQ - stored 424 completed 5-minute candles
2026-09-15T13:11:37 FETCHED: NSE:TATASTEEL-EQ - stored 424 completed 5-minute candles
2026-09-15T13:11:38 FETCHED: NSE:TECHM-EQ - stored 424 completed 5-minute candles
2026-09-15T13:11:39 FETCHED: NSE:TITAN-EQ - stored 424 completed 5-minute candles
2026-09-15T13:11:40 FETCHED: NSE:TRENT-EQ - stored 424 completed 5-minute candles
2026-09-15T13:11:41 FETCHED: NSE:ULTRACEMCO-EQ - stored 424 completed 5-minute candles
2026-09-15T13:11:42 FETCHED: NSE:WIPRO-EQ - stored 424 completed 5-minute candles
2026-09-15T13:12:13 FETCH_CYCLE: 2026-09-15T13:12:12+05:30
2026-09-15T13:12:21 FETCHED: NSE:ADANIENT-EQ - stored 424 completed 5-minute candles
2026-09-15T13:12:22 FETCHED: NSE:ADANIPORTS-EQ - stored 424 completed 5-minute candles
2026-09-15T13:12:24 FETCHED: NSE:APOLLOHOSP-EQ - stored 424 completed 5-minute candles
2026-09-15T13:12:25 FETCHED: NSE:ASIANPAINT-EQ - stored 424 completed 5-minute candles
2026-09-15T13:12:27 FETCHED: NSE:AXISBANK-EQ - stored 424 completed 5-minute candles
2026-09-15T13:12:28 FETCHED: NSE:BAJAJ-AUTO-EQ - stored 424 completed 5-minute candles
2026-09-15T13:12:30 FETCHED: NSE:BAJFINANCE-EQ - stored 424 completed 5-minute candles
2026-09-15T13:12:31 FETCHED: NSE:BAJAJFINSV-EQ - stored 424 completed 5-minute candles
2026-09-15T13:12:33 FETCHED: NSE:BEL-EQ - stored 424 completed 5-minute candles
2026-09-15T13:12:34 FETCHED: NSE:BHARTIARTL-EQ - stored 424 completed 5-minute candles
2026-09-15T13:12:36 FETCHED: NSE:CIPLA-EQ - stored 424 completed 5-minute candles
2026-09-15T13:12:37 FETCHED: NSE:COALINDIA-EQ - stored 424 completed 5-minute candles
2026-09-15T13:12:38 FETCHED: NSE:DRREDDY-EQ - stored 424 completed 5-minute candles
2026-09-15T13:12:40 FETCHED: NSE:EICHERMOT-EQ - stored 424 completed 5-minute candles
2026-09-15T13:12:41 FETCHED: NSE:ETERNAL-EQ - stored 424 completed 5-minute candles
2026-09-15T13:12:43 FETCHED: NSE:GRASIM-EQ - stored 424 completed 5-minute candles
2026-09-15T13:12:44 FETCHED: NSE:HCLTECH-EQ - stored 424 completed 5-minute candles
2026-09-15T13:12:46 FETCHED: NSE:HDFCBANK-EQ - stored 424 completed 5-minute candles
2026-09-15T13:12:47 FETCHED: NSE:HDFCLIFE-EQ - stored 424 completed 5-minute candles
2026-09-15T13:13:17 FETCHED: NSE:HINDALCO-EQ - stored 424 completed 5-minute candles
2026-09-15T13:13:56 FETCHED: NSE:HINDUNILVR-EQ - stored 424 completed 5-minute candles
2026-09-15T13:14:29 FETCHED: NSE:ICICIBANK-EQ - stored 424 completed 5-minute candles
2026-09-15T13:14:57 FETCHED: NSE:ITC-EQ - stored 424 completed 5-minute candles
2026-09-15T13:15:29 FETCHED: NSE:INFY-EQ - stored 425 completed 5-minute candles
2026-09-15T13:15:47 FETCHED: NSE:INDIGO-EQ - stored 425 completed 5-minute candles
2026-09-15T13:15:50 FETCHED: NSE:JSWSTEEL-EQ - stored 425 completed 5-minute candles
2026-09-15T13:15:51 FETCHED: NSE:JIOFIN-EQ - stored 425 completed 5-minute candles
2026-09-15T13:15:52 FETCHED: NSE:KOTAKBANK-EQ - stored 425 completed 5-minute candles
2026-09-15T13:15:53 FETCHED: NSE:LT-EQ - stored 425 completed 5-minute candles
2026-09-15T13:15:56 FETCHED: NSE:M&M-EQ - stored 425 completed 5-minute candles
2026-09-15T13:16:00 FETCHED: NSE:MARUTI-EQ - stored 425 completed 5-minute candles
2026-09-15T13:16:01 FETCHED: NSE:MAXHEALTH-EQ - stored 425 completed 5-minute candles
2026-09-15T13:16:02 FETCHED: NSE:NTPC-EQ - stored 425 completed 5-minute candles
2026-09-15T13:16:09 FETCHED: NSE:NESTLEIND-EQ - stored 425 completed 5-minute candles
2026-09-15T13:16:10 FETCHED: NSE:ONGC-EQ - stored 425 completed 5-minute candles
2026-09-15T13:16:11 FETCHED: NSE:POWERGRID-EQ - stored 426 completed 5-minute candles
2026-09-15T13:16:13 FETCHED: NSE:RELIANCE-EQ - stored 425 completed 5-minute candles
2026-09-15T13:16:14 FETCHED: NSE:SBILIFE-EQ - stored 425 completed 5-minute candles
2026-09-15T13:16:15 FETCHED: NSE:SHRIRAMFIN-EQ - stored 425 completed 5-minute candles
2026-09-15T13:16:15 FETCHED: NSE:SBIN-EQ - stored 425 completed 5-minute candles
2026-09-15T13:16:16 FETCHED: NSE:SUNPHARMA-EQ - stored 425 completed 5-minute candles
2026-09-15T13:16:17 FETCHED: NSE:TCS-EQ - stored 425 completed 5-minute candles
2026-09-15T13:16:18 FETCHED: NSE:TATACONSUM-EQ - stored 425 completed 5-minute candles
2026-09-15T13:16:20 FETCHED: NSE:TMPV-EQ - stored 425 completed 5-minute candles
2026-09-15T13:16:21 FETCHED: NSE:TATASTEEL-EQ - stored 425 completed 5-minute candles
2026-09-15T13:16:24 FETCHED: NSE:TECHM-EQ - stored 425 completed 5-minute candles
2026-09-15T13:16:27 FETCHED: NSE:TITAN-EQ - stored 425 completed 5-minute candles
2026-09-15T13:16:28 FETCHED: NSE:TRENT-EQ - stored 425 completed 5-minute candles
2026-09-15T13:16:29 FETCHED: NSE:ULTRACEMCO-EQ - stored 425 completed 5-minute candles
2026-09-15T13:16:31 FETCHED: NSE:WIPRO-EQ - stored 425 completed 5-minute candles
2026-09-15T13:17:06 FETCH_CYCLE: 2026-09-15T13:17:06+05:30
2026-09-15T13:17:18 FETCHED: NSE:ADANIENT-EQ - stored 425 completed 5-minute candles
2026-09-15T13:17:20 FETCHED: NSE:ADANIPORTS-EQ - stored 425 completed 5-minute candles
2026-09-15T13:17:22 FETCHED: NSE:APOLLOHOSP-EQ - stored 425 completed 5-minute candles
2026-09-15T13:17:24 FETCHED: NSE:ASIANPAINT-EQ - stored 425 completed 5-minute candles
2026-09-15T13:17:27 FETCHED: NSE:AXISBANK-EQ - stored 425 completed 5-minute candles
2026-09-15T13:17:29 FETCHED: NSE:BAJAJ-AUTO-EQ - stored 425 completed 5-minute candles
2026-09-15T13:17:31 FETCHED: NSE:BAJFINANCE-EQ - stored 425 completed 5-minute candles
2026-09-15T13:17:32 FETCHED: NSE:BAJAJFINSV-EQ - stored 425 completed 5-minute candles
2026-09-15T13:17:34 FETCHED: NSE:BEL-EQ - stored 425 completed 5-minute candles
2026-09-15T13:17:36 FETCHED: NSE:BHARTIARTL-EQ - stored 425 completed 5-minute candles
2026-09-15T13:17:37 FETCHED: NSE:CIPLA-EQ - stored 425 completed 5-minute candles
2026-09-15T13:17:39 FETCHED: NSE:COALINDIA-EQ - stored 425 completed 5-minute candles
2026-09-15T13:17:41 FETCHED: NSE:DRREDDY-EQ - stored 425 completed 5-minute candles
2026-09-15T13:17:42 FETCHED: NSE:EICHERMOT-EQ - stored 425 completed 5-minute candles
2026-09-15T13:17:43 FETCHED: NSE:ETERNAL-EQ - stored 425 completed 5-minute candles
2026-09-15T13:17:45 FETCHED: NSE:GRASIM-EQ - stored 425 completed 5-minute candles
2026-09-15T13:17:46 FETCHED: NSE:HCLTECH-EQ - stored 425 completed 5-minute candles
2026-09-15T13:17:47 FETCHED: NSE:HDFCBANK-EQ - stored 425 completed 5-minute candles
2026-09-15T13:17:48 FETCHED: NSE:HDFCLIFE-EQ - stored 425 completed 5-minute candles
2026-09-15T13:17:50 FETCHED: NSE:HINDALCO-EQ - stored 425 completed 5-minute candles
2026-09-15T13:17:51 FETCHED: NSE:HINDUNILVR-EQ - stored 425 completed 5-minute candles
2026-09-15T13:17:52 FETCHED: NSE:ICICIBANK-EQ - stored 425 completed 5-minute candles
2026-09-15T13:17:53 FETCHED: NSE:ITC-EQ - stored 425 completed 5-minute candles
2026-09-15T13:17:54 FETCHED: NSE:INFY-EQ - stored 425 completed 5-minute candles
2026-09-15T13:17:55 FETCHED: NSE:INDIGO-EQ - stored 425 completed 5-minute candles
2026-09-15T13:18:15 FETCHED: NSE:JSWSTEEL-EQ - stored 425 completed 5-minute candles
2026-09-15T13:18:19 FETCHED: NSE:JIOFIN-EQ - stored 425 completed 5-minute candles
2026-09-15T13:18:21 FETCHED: NSE:KOTAKBANK-EQ - stored 425 completed 5-minute candles
2026-09-15T13:18:22 FETCHED: NSE:LT-EQ - stored 425 completed 5-minute candles
2026-09-15T13:18:23 FETCHED: NSE:M&M-EQ - stored 425 completed 5-minute candles
2026-09-15T13:18:24 FETCHED: NSE:MARUTI-EQ - stored 425 completed 5-minute candles
2026-09-15T13:18:26 FETCHED: NSE:MAXHEALTH-EQ - stored 425 completed 5-minute candles
2026-09-15T13:18:50 FETCHED: NSE:NTPC-EQ - stored 425 completed 5-minute candles
2026-09-15T13:19:30 FETCHED: NSE:NESTLEIND-EQ - stored 425 completed 5-minute candles
2026-09-15T13:19:34 FETCHED: NSE:ONGC-EQ - stored 425 completed 5-minute candles
2026-09-15T13:19:35 FETCHED: NSE:POWERGRID-EQ - stored 426 completed 5-minute candles
2026-09-15T13:19:37 FETCHED: NSE:RELIANCE-EQ - stored 425 completed 5-minute candles
2026-09-15T13:19:39 FETCHED: NSE:SBILIFE-EQ - stored 425 completed 5-minute candles
2026-09-15T13:19:42 FETCHED: NSE:SHRIRAMFIN-EQ - stored 425 completed 5-minute candles
2026-09-15T13:19:44 FETCHED: NSE:SBIN-EQ - stored 425 completed 5-minute candles
2026-09-15T13:19:46 FETCHED: NSE:SUNPHARMA-EQ - stored 425 completed 5-minute candles
2026-09-15T13:19:47 FETCHED: NSE:TCS-EQ - stored 425 completed 5-minute candles
2026-09-15T13:19:49 FETCHED: NSE:TATACONSUM-EQ - stored 425 completed 5-minute candles
2026-09-15T13:19:50 FETCHED: NSE:TMPV-EQ - stored 425 completed 5-minute candles
2026-09-15T13:19:50 FETCHED: NSE:TATASTEEL-EQ - stored 425 completed 5-minute candles
2026-09-15T13:19:51 FETCHED: NSE:TECHM-EQ - stored 425 completed 5-minute candles
2026-09-15T13:19:52 FETCHED: NSE:TITAN-EQ - stored 425 completed 5-minute candles
2026-09-15T13:19:53 FETCHED: NSE:TRENT-EQ - stored 425 completed 5-minute candles
2026-09-15T13:19:54 FETCHED: NSE:ULTRACEMCO-EQ - stored 425 completed 5-minute candles
2026-09-15T13:19:55 FETCHED: NSE:WIPRO-EQ - stored 425 completed 5-minute candles
2026-09-15T13:20:26 FETCH_CYCLE: 2026-09-15T13:20:26+05:30
2026-09-15T13:20:39 FETCHED: NSE:ADANIENT-EQ - stored 426 completed 5-minute candles
2026-09-15T13:20:40 FETCHED: NSE:ADANIPORTS-EQ - stored 426 completed 5-minute candles
2026-09-15T13:20:42 FETCHED: NSE:APOLLOHOSP-EQ - stored 426 completed 5-minute candles
2026-09-15T13:20:43 FETCHED: NSE:ASIANPAINT-EQ - stored 426 completed 5-minute candles
2026-09-15T13:20:44 FETCHED: NSE:AXISBANK-EQ - stored 426 completed 5-minute candles
2026-09-15T13:20:45 FETCHED: NSE:BAJAJ-AUTO-EQ - stored 426 completed 5-minute candles
2026-09-15T13:20:46 FETCHED: NSE:BAJFINANCE-EQ - stored 426 completed 5-minute candles
2026-09-15T13:20:48 FETCHED: NSE:BAJAJFINSV-EQ - stored 426 completed 5-minute candles
2026-09-15T13:20:48 FETCHED: NSE:BEL-EQ - stored 426 completed 5-minute candles
2026-09-15T13:20:49 FETCHED: NSE:BHARTIARTL-EQ - stored 426 completed 5-minute candles
2026-09-15T13:20:50 FETCHED: NSE:CIPLA-EQ - stored 426 completed 5-minute candles
2026-09-15T13:20:51 FETCHED: NSE:COALINDIA-EQ - stored 426 completed 5-minute candles
2026-09-15T13:20:52 FETCHED: NSE:DRREDDY-EQ - stored 426 completed 5-minute candles
2026-09-15T13:20:52 FETCHED: NSE:EICHERMOT-EQ - stored 426 completed 5-minute candles
2026-09-15T13:20:53 FETCHED: NSE:ETERNAL-EQ - stored 426 completed 5-minute candles
2026-09-15T13:20:54 FETCHED: NSE:GRASIM-EQ - stored 426 completed 5-minute candles
2026-09-15T13:20:55 FETCHED: NSE:HCLTECH-EQ - stored 426 completed 5-minute candles
2026-09-15T13:20:56 FETCHED: NSE:HDFCBANK-EQ - stored 426 completed 5-minute candles
2026-09-15T13:20:57 FETCHED: NSE:HDFCLIFE-EQ - stored 426 completed 5-minute candles
2026-09-15T13:20:58 FETCHED: NSE:HINDALCO-EQ - stored 426 completed 5-minute candles
2026-09-15T13:21:00 FETCHED: NSE:HINDUNILVR-EQ - stored 426 completed 5-minute candles
2026-09-15T13:21:01 FETCHED: NSE:ICICIBANK-EQ - stored 426 completed 5-minute candles
2026-09-15T13:21:03 FETCHED: NSE:ITC-EQ - stored 426 completed 5-minute candles
2026-09-15T13:21:03 FETCHED: NSE:INFY-EQ - stored 426 completed 5-minute candles
2026-09-15T13:21:04 FETCHED: NSE:INDIGO-EQ - stored 426 completed 5-minute candles
2026-09-15T13:21:06 FETCHED: NSE:JSWSTEEL-EQ - stored 426 completed 5-minute candles
2026-09-15T13:21:07 FETCHED: NSE:JIOFIN-EQ - stored 426 completed 5-minute candles
2026-09-15T13:21:08 FETCHED: NSE:KOTAKBANK-EQ - stored 426 completed 5-minute candles
2026-09-15T13:21:08 FETCHED: NSE:LT-EQ - stored 426 completed 5-minute candles
2026-09-15T13:21:09 FETCHED: NSE:M&M-EQ - stored 426 completed 5-minute candles
2026-09-15T13:21:10 FETCHED: NSE:MARUTI-EQ - stored 426 completed 5-minute candles
2026-09-15T13:21:10 FETCHED: NSE:MAXHEALTH-EQ - stored 426 completed 5-minute candles
2026-09-15T13:21:11 FETCHED: NSE:NTPC-EQ - stored 426 completed 5-minute candles
2026-09-15T13:21:12 FETCHED: NSE:NESTLEIND-EQ - stored 426 completed 5-minute candles
2026-09-15T13:21:15 FETCHED: NSE:ONGC-EQ - stored 426 completed 5-minute candles
2026-09-15T13:21:16 FETCHED: NSE:POWERGRID-EQ - stored 427 completed 5-minute candles
2026-09-15T13:21:17 FETCHED: NSE:RELIANCE-EQ - stored 426 completed 5-minute candles
2026-09-15T13:21:18 FETCHED: NSE:SBILIFE-EQ - stored 426 completed 5-minute candles
2026-09-15T13:21:20 FETCHED: NSE:SHRIRAMFIN-EQ - stored 426 completed 5-minute candles
2026-09-15T13:21:21 FETCHED: NSE:SBIN-EQ - stored 426 completed 5-minute candles
2026-09-15T13:21:23 FETCHED: NSE:SUNPHARMA-EQ - stored 426 completed 5-minute candles
2026-09-15T13:21:23 FETCHED: NSE:TCS-EQ - stored 426 completed 5-minute candles
2026-09-15T13:21:24 FETCHED: NSE:TATACONSUM-EQ - stored 426 completed 5-minute candles
2026-09-15T13:21:24 FETCHED: NSE:TMPV-EQ - stored 426 completed 5-minute candles
2026-09-15T13:21:25 FETCHED: NSE:TATASTEEL-EQ - stored 426 completed 5-minute candles
2026-09-15T13:21:26 FETCHED: NSE:TECHM-EQ - stored 426 completed 5-minute candles
2026-09-15T13:21:26 FETCHED: NSE:TITAN-EQ - stored 426 completed 5-minute candles
2026-09-15T13:21:27 FETCHED: NSE:TRENT-EQ - stored 426 completed 5-minute candles
2026-09-15T13:21:28 FETCHED: NSE:ULTRACEMCO-EQ - stored 426 completed 5-minute candles
2026-09-15T13:21:29 FETCHED: NSE:WIPRO-EQ - stored 426 completed 5-minute candles
2026-09-15T13:22:02 FETCH_CYCLE: 2026-09-15T13:22:01+05:30
2026-09-15T13:22:09 FETCHED: NSE:ADANIENT-EQ - stored 426 completed 5-minute candles
2026-09-15T13:22:12 FETCHED: NSE:ADANIPORTS-EQ - stored 426 completed 5-minute candles
2026-09-15T13:22:13 FETCHED: NSE:APOLLOHOSP-EQ - stored 426 completed 5-minute candles
2026-09-15T13:22:14 FETCHED: NSE:ASIANPAINT-EQ - stored 426 completed 5-minute candles
2026-09-15T13:22:16 FETCHED: NSE:AXISBANK-EQ - stored 426 completed 5-minute candles
2026-09-15T13:22:17 FETCHED: NSE:BAJAJ-AUTO-EQ - stored 426 completed 5-minute candles
2026-09-15T13:22:18 FETCHED: NSE:BAJFINANCE-EQ - stored 426 completed 5-minute candles
2026-09-15T13:22:19 FETCHED: NSE:BAJAJFINSV-EQ - stored 426 completed 5-minute candles
2026-09-15T13:22:20 FETCHED: NSE:BEL-EQ - stored 426 completed 5-minute candles
2026-09-15T13:22:21 FETCHED: NSE:BHARTIARTL-EQ - stored 426 completed 5-minute candles
2026-09-15T13:22:22 FETCHED: NSE:CIPLA-EQ - stored 426 completed 5-minute candles
2026-09-15T13:22:23 FETCHED: NSE:COALINDIA-EQ - stored 426 completed 5-minute candles
2026-09-15T13:22:24 FETCHED: NSE:DRREDDY-EQ - stored 426 completed 5-minute candles
2026-09-15T13:22:25 FETCHED: NSE:EICHERMOT-EQ - stored 426 completed 5-minute candles
2026-09-15T13:22:26 FETCHED: NSE:ETERNAL-EQ - stored 426 completed 5-minute candles
2026-09-15T13:22:27 FETCHED: NSE:GRASIM-EQ - stored 426 completed 5-minute candles
2026-09-15T13:22:28 FETCHED: NSE:HCLTECH-EQ - stored 426 completed 5-minute candles
2026-09-15T13:22:29 FETCHED: NSE:HDFCBANK-EQ - stored 426 completed 5-minute candles
2026-09-15T13:22:30 FETCHED: NSE:HDFCLIFE-EQ - stored 426 completed 5-minute candles
2026-09-15T13:22:32 FETCHED: NSE:HINDALCO-EQ - stored 426 completed 5-minute candles
2026-09-15T13:22:32 FETCHED: NSE:HINDUNILVR-EQ - stored 426 completed 5-minute candles
2026-09-15T13:22:33 FETCHED: NSE:ICICIBANK-EQ - stored 426 completed 5-minute candles
2026-09-15T13:22:34 FETCHED: NSE:ITC-EQ - stored 426 completed 5-minute candles
2026-09-15T13:22:34 FETCHED: NSE:INFY-EQ - stored 426 completed 5-minute candles
2026-09-15T13:22:35 FETCHED: NSE:INDIGO-EQ - stored 426 completed 5-minute candles
2026-09-15T13:22:36 FETCHED: NSE:JSWSTEEL-EQ - stored 426 completed 5-minute candles
2026-09-15T13:22:37 FETCHED: NSE:JIOFIN-EQ - stored 426 completed 5-minute candles
2026-09-15T13:22:38 FETCHED: NSE:KOTAKBANK-EQ - stored 426 completed 5-minute candles
2026-09-15T13:22:39 FETCHED: NSE:LT-EQ - stored 426 completed 5-minute candles
2026-09-15T13:22:40 FETCHED: NSE:M&M-EQ - stored 426 completed 5-minute candles
2026-09-15T13:22:40 FETCHED: NSE:MARUTI-EQ - stored 426 completed 5-minute candles
2026-09-15T13:22:41 FETCHED: NSE:MAXHEALTH-EQ - stored 426 completed 5-minute candles
2026-09-15T13:22:42 FETCHED: NSE:NTPC-EQ - stored 426 completed 5-minute candles
2026-09-15T13:22:43 FETCHED: NSE:NESTLEIND-EQ - stored 426 completed 5-minute candles
2026-09-15T13:22:43 FETCHED: NSE:ONGC-EQ - stored 426 completed 5-minute candles
2026-09-15T13:22:44 FETCHED: NSE:POWERGRID-EQ - stored 427 completed 5-minute candles
2026-09-15T13:22:45 FETCHED: NSE:RELIANCE-EQ - stored 426 completed 5-minute candles
2026-09-15T13:22:46 FETCHED: NSE:SBILIFE-EQ - stored 426 completed 5-minute candles
2026-09-15T13:22:46 FETCHED: NSE:SHRIRAMFIN-EQ - stored 426 completed 5-minute candles
2026-09-15T13:22:47 FETCHED: NSE:SBIN-EQ - stored 426 completed 5-minute candles
2026-09-15T13:22:48 FETCHED: NSE:SUNPHARMA-EQ - stored 426 completed 5-minute candles
2026-09-15T13:22:49 FETCHED: NSE:TCS-EQ - stored 426 completed 5-minute candles
2026-09-15T13:22:50 FETCHED: NSE:TATACONSUM-EQ - stored 426 completed 5-minute candles
2026-09-15T13:22:50 FETCHED: NSE:TMPV-EQ - stored 426 completed 5-minute candles
2026-09-15T13:22:51 FETCHED: NSE:TATASTEEL-EQ - stored 426 completed 5-minute candles
2026-09-15T13:22:51 FETCHED: NSE:TECHM-EQ - stored 426 completed 5-minute candles
2026-09-15T13:22:52 FETCHED: NSE:TITAN-EQ - stored 426 completed 5-minute candles
2026-09-15T13:22:52 FETCHED: NSE:TRENT-EQ - stored 426 completed 5-minute candles
2026-09-15T13:22:53 FETCHED: NSE:ULTRACEMCO-EQ - stored 426 completed 5-minute candles
2026-09-15T13:22:54 FETCHED: NSE:WIPRO-EQ - stored 426 completed 5-minute candles
2026-09-15T13:23:24 FETCH_CYCLE: 2026-09-15T13:23:24+05:30
2026-09-15T13:23:30 FETCHED: NSE:ADANIENT-EQ - stored 426 completed 5-minute candles
2026-09-15T13:23:31 FETCHED: NSE:ADANIPORTS-EQ - stored 426 completed 5-minute candles
2026-09-15T13:23:32 FETCHED: NSE:APOLLOHOSP-EQ - stored 426 completed 5-minute candles
2026-09-15T13:23:32 FETCHED: NSE:ASIANPAINT-EQ - stored 426 completed 5-minute candles
2026-09-15T13:23:33 FETCHED: NSE:AXISBANK-EQ - stored 426 completed 5-minute candles
2026-09-15T13:23:34 FETCHED: NSE:BAJAJ-AUTO-EQ - stored 426 completed 5-minute candles
2026-09-15T13:23:34 FETCHED: NSE:BAJFINANCE-EQ - stored 426 completed 5-minute candles
2026-09-15T13:23:35 FETCHED: NSE:BAJAJFINSV-EQ - stored 426 completed 5-minute candles
2026-09-15T13:23:36 FETCHED: NSE:BEL-EQ - stored 426 completed 5-minute candles
2026-09-15T13:23:36 FETCHED: NSE:BHARTIARTL-EQ - stored 426 completed 5-minute candles
2026-09-15T13:23:37 FETCHED: NSE:CIPLA-EQ - stored 426 completed 5-minute candles
2026-09-15T13:23:37 FETCHED: NSE:COALINDIA-EQ - stored 426 completed 5-minute candles
2026-09-15T13:23:38 FETCHED: NSE:DRREDDY-EQ - stored 426 completed 5-minute candles
2026-09-15T13:23:38 FETCHED: NSE:EICHERMOT-EQ - stored 426 completed 5-minute candles
2026-09-15T13:23:39 FETCHED: NSE:ETERNAL-EQ - stored 426 completed 5-minute candles
2026-09-15T13:23:39 FETCHED: NSE:GRASIM-EQ - stored 426 completed 5-minute candles
2026-09-15T13:23:39 FETCHED: NSE:HCLTECH-EQ - stored 426 completed 5-minute candles
2026-09-15T13:23:40 FETCHED: NSE:HDFCBANK-EQ - stored 426 completed 5-minute candles
2026-09-15T13:23:40 FETCHED: NSE:HDFCLIFE-EQ - stored 426 completed 5-minute candles
2026-09-15T13:23:41 FETCHED: NSE:HINDALCO-EQ - stored 426 completed 5-minute candles
2026-09-15T13:23:41 FETCHED: NSE:HINDUNILVR-EQ - stored 426 completed 5-minute candles
2026-09-15T13:23:42 FETCHED: NSE:ICICIBANK-EQ - stored 426 completed 5-minute candles
2026-09-15T13:23:42 FETCHED: NSE:ITC-EQ - stored 426 completed 5-minute candles
2026-09-15T13:23:42 FETCHED: NSE:INFY-EQ - stored 426 completed 5-minute candles
2026-09-15T13:23:43 FETCHED: NSE:INDIGO-EQ - stored 426 completed 5-minute candles
2026-09-15T13:23:44 FETCHED: NSE:JSWSTEEL-EQ - stored 426 completed 5-minute candles
2026-09-15T13:23:44 FETCHED: NSE:JIOFIN-EQ - stored 426 completed 5-minute candles
2026-09-15T13:23:45 FETCHED: NSE:KOTAKBANK-EQ - stored 426 completed 5-minute candles
2026-09-15T13:23:45 FETCHED: NSE:LT-EQ - stored 426 completed 5-minute candles
2026-09-15T13:23:46 FETCHED: NSE:M&M-EQ - stored 426 completed 5-minute candles
2026-09-15T13:23:46 FETCHED: NSE:MARUTI-EQ - stored 426 completed 5-minute candles
2026-09-15T13:23:47 FETCHED: NSE:MAXHEALTH-EQ - stored 426 completed 5-minute candles
2026-09-15T13:23:47 FETCHED: NSE:NTPC-EQ - stored 426 completed 5-minute candles
2026-09-15T13:23:47 FETCHED: NSE:NESTLEIND-EQ - stored 426 completed 5-minute candles
2026-09-15T13:23:48 FETCHED: NSE:ONGC-EQ - stored 426 completed 5-minute candles
2026-09-15T13:23:54 FETCHED: NSE:POWERGRID-EQ - stored 427 completed 5-minute candles
2026-09-15T13:23:55 FETCHED: NSE:RELIANCE-EQ - stored 426 completed 5-minute candles
2026-09-15T13:23:56 FETCHED: NSE:SBILIFE-EQ - stored 426 completed 5-minute candles
2026-09-15T13:23:57 FETCHED: NSE:SHRIRAMFIN-EQ - stored 426 completed 5-minute candles
2026-09-15T13:23:57 FETCHED: NSE:SBIN-EQ - stored 426 completed 5-minute candles
2026-09-15T13:23:58 FETCHED: NSE:SUNPHARMA-EQ - stored 426 completed 5-minute candles
2026-09-15T13:23:58 FETCHED: NSE:TCS-EQ - stored 426 completed 5-minute candles
2026-09-15T13:23:58 FETCHED: NSE:TATACONSUM-EQ - stored 426 completed 5-minute candles
2026-09-15T13:23:59 FETCHED: NSE:TMPV-EQ - stored 426 completed 5-minute candles
2026-09-15T13:23:59 FETCHED: NSE:TATASTEEL-EQ - stored 426 completed 5-minute candles
2026-09-15T13:24:00 FETCHED: NSE:TECHM-EQ - stored 426 completed 5-minute candles
2026-09-15T13:24:01 FETCHED: NSE:TITAN-EQ - stored 426 completed 5-minute candles
2026-09-15T13:24:02 FETCHED: NSE:TRENT-EQ - stored 426 completed 5-minute candles
2026-09-15T13:24:03 FETCHED: NSE:ULTRACEMCO-EQ - stored 426 completed 5-minute candles
2026-09-15T13:24:04 FETCHED: NSE:WIPRO-EQ - stored 426 completed 5-minute candles
2026-09-15T13:24:34 FETCH_CYCLE: 2026-09-15T13:24:34+05:30
2026-09-15T13:24:54 FETCHED: NSE:ADANIENT-EQ - stored 426 completed 5-minute candles
2026-09-15T13:24:56 FETCHED: NSE:ADANIPORTS-EQ - stored 426 completed 5-minute candles
2026-09-15T13:24:57 FETCHED: NSE:APOLLOHOSP-EQ - stored 426 completed 5-minute candles
2026-09-15T13:25:40 FETCHED: NSE:ASIANPAINT-EQ - stored 426 completed 5-minute candles
2026-09-15T13:25:50 FETCHED: NSE:AXISBANK-EQ - stored 427 completed 5-minute candles
2026-09-15T13:25:53 FETCHED: NSE:BAJAJ-AUTO-EQ - stored 427 completed 5-minute candles
2026-09-15T14:42:12 LIVE MODE: real orders will be placed
2026-09-15T14:42:13 STARTED [EMA_10_50_5MIN]: 50 symbols, interval=30s, market=09:15:00-15:45:00 IST, already_entered=0
2026-09-15T14:42:15 FETCH_CYCLE: 2026-09-15T14:42:15+05:30
2026-09-15T14:43:06 FETCHED: NSE:ADANIENT-EQ - stored 442 completed 5-minute candles
2026-09-15T14:43:10 FETCHED: NSE:ADANIPORTS-EQ - stored 442 completed 5-minute candles
2026-09-15T14:43:13 FETCHED: NSE:APOLLOHOSP-EQ - stored 442 completed 5-minute candles
2026-09-15T14:43:15 FETCHED: NSE:ASIANPAINT-EQ - stored 442 completed 5-minute candles
2026-09-15T14:43:16 FETCHED: NSE:AXISBANK-EQ - stored 442 completed 5-minute candles
2026-09-15T14:43:17 FETCHED: NSE:BAJAJ-AUTO-EQ - stored 442 completed 5-minute candles
2026-09-15T14:43:18 FETCHED: NSE:BAJFINANCE-EQ - stored 442 completed 5-minute candles
2026-09-15T14:43:19 FETCHED: NSE:BAJAJFINSV-EQ - stored 442 completed 5-minute candles
2026-09-15T14:43:20 FETCHED: NSE:BEL-EQ - stored 442 completed 5-minute candles
2026-09-15T14:43:21 FETCHED: NSE:BHARTIARTL-EQ - stored 442 completed 5-minute candles
2026-09-15T14:43:22 FETCHED: NSE:CIPLA-EQ - stored 442 completed 5-minute candles
2026-09-15T14:43:23 FETCHED: NSE:COALINDIA-EQ - stored 442 completed 5-minute candles
2026-09-15T14:43:24 FETCHED: NSE:DRREDDY-EQ - stored 442 completed 5-minute candles
2026-09-15T14:43:24 FETCHED: NSE:EICHERMOT-EQ - stored 442 completed 5-minute candles
2026-09-15T14:43:25 FETCHED: NSE:ETERNAL-EQ - stored 442 completed 5-minute candles
2026-09-15T14:43:26 FETCHED: NSE:GRASIM-EQ - stored 442 completed 5-minute candles
2026-09-15T14:43:37 FETCHED: NSE:HCLTECH-EQ - stored 442 completed 5-minute candles
2026-09-15T14:43:42 FETCHED: NSE:HDFCBANK-EQ - stored 442 completed 5-minute candles
2026-09-15T14:43:43 FETCHED: NSE:HDFCLIFE-EQ - stored 442 completed 5-minute candles
2026-09-15T14:43:44 FETCHED: NSE:HINDALCO-EQ - stored 442 completed 5-minute candles
2026-09-15T14:43:45 FETCHED: NSE:HINDUNILVR-EQ - stored 442 completed 5-minute candles
2026-09-15T14:43:47 FETCHED: NSE:ICICIBANK-EQ - stored 442 completed 5-minute candles
2026-09-15T14:43:49 FETCHED: NSE:ITC-EQ - stored 442 completed 5-minute candles
2026-09-15T14:43:50 FETCHED: NSE:INFY-EQ - stored 442 completed 5-minute candles
2026-09-15T14:43:51 FETCHED: NSE:INDIGO-EQ - stored 442 completed 5-minute candles
2026-09-15T14:43:54 FETCHED: NSE:JSWSTEEL-EQ - stored 442 completed 5-minute candles
2026-09-15T14:43:55 FETCHED: NSE:JIOFIN-EQ - stored 442 completed 5-minute candles
2026-09-15T14:44:16 FETCHED: NSE:KOTAKBANK-EQ - stored 442 completed 5-minute candles
2026-09-15T14:44:25 FETCHED: NSE:LT-EQ - stored 442 completed 5-minute candles
2026-09-15T14:44:31 FETCHED: NSE:M&M-EQ - stored 442 completed 5-minute candles
2026-09-15T14:44:32 FETCHED: NSE:MARUTI-EQ - stored 442 completed 5-minute candles
2026-09-15T14:44:33 FETCHED: NSE:MAXHEALTH-EQ - stored 442 completed 5-minute candles
2026-09-15T14:44:35 FETCHED: NSE:NTPC-EQ - stored 442 completed 5-minute candles
2026-09-15T14:44:36 FETCHED: NSE:NESTLEIND-EQ - stored 442 completed 5-minute candles
2026-09-15T14:44:37 FETCHED: NSE:ONGC-EQ - stored 442 completed 5-minute candles
2026-09-15T14:44:38 FETCHED: NSE:POWERGRID-EQ - stored 443 completed 5-minute candles
2026-09-15T14:44:39 FETCHED: NSE:RELIANCE-EQ - stored 442 completed 5-minute candles
2026-09-15T14:44:40 FETCHED: NSE:SBILIFE-EQ - stored 442 completed 5-minute candles
2026-09-15T14:44:58 FETCHED: NSE:SHRIRAMFIN-EQ - stored 442 completed 5-minute candles
2026-09-15T14:45:27 FETCHED: NSE:SBIN-EQ - stored 443 completed 5-minute candles
2026-09-15T14:45:28 FETCHED: NSE:SUNPHARMA-EQ - stored 443 completed 5-minute candles
2026-09-15T14:45:30 FETCHED: NSE:TCS-EQ - stored 443 completed 5-minute candles
2026-09-15T14:45:31 FETCHED: NSE:TATACONSUM-EQ - stored 443 completed 5-minute candles
2026-09-15T14:45:36 FETCHED: NSE:TMPV-EQ - stored 443 completed 5-minute candles
2026-09-15T14:45:38 FETCHED: NSE:TATASTEEL-EQ - stored 443 completed 5-minute candles
2026-09-15T14:45:39 FETCHED: NSE:TECHM-EQ - stored 443 completed 5-minute candles
2026-09-15T14:45:43 FETCHED: NSE:TITAN-EQ - stored 443 completed 5-minute candles
2026-09-15T14:45:53 FETCHED: NSE:TRENT-EQ - stored 443 completed 5-minute candles
2026-09-15T14:47:12 FETCHED: NSE:ULTRACEMCO-EQ - stored 443 completed 5-minute candles
2026-09-15T14:47:56 FETCHED: NSE:WIPRO-EQ - stored 443 completed 5-minute candles
2026-09-15T14:48:28 FETCH_CYCLE: 2026-09-15T14:48:28+05:30
2026-09-15T14:49:23 FETCHED: NSE:ADANIENT-EQ - stored 443 completed 5-minute candles
2026-09-15T14:50:09 FETCHED: NSE:ADANIPORTS-EQ - stored 443 completed 5-minute candles
2026-09-15T14:50:15 FETCHED: NSE:APOLLOHOSP-EQ - stored 444 completed 5-minute candles
2026-09-15T14:50:16 FETCHED: NSE:ASIANPAINT-EQ - stored 444 completed 5-minute candles
2026-09-15T14:50:25 FETCHED: NSE:AXISBANK-EQ - stored 444 completed 5-minute candles
2026-09-15T14:50:29 FETCHED: NSE:BAJAJ-AUTO-EQ - stored 444 completed 5-minute candles
2026-09-15T14:50:39 FETCHED: NSE:BAJFINANCE-EQ - stored 444 completed 5-minute candles
2026-09-15T14:50:42 FETCHED: NSE:BAJAJFINSV-EQ - stored 444 completed 5-minute candles
2026-09-15T14:50:44 FETCHED: NSE:BEL-EQ - stored 444 completed 5-minute candles
2026-09-15T14:50:47 FETCHED: NSE:BHARTIARTL-EQ - stored 444 completed 5-minute candles
2026-09-15T14:50:57 FETCHED: NSE:CIPLA-EQ - stored 444 completed 5-minute candles
2026-09-15T14:50:59 FETCHED: NSE:COALINDIA-EQ - stored 444 completed 5-minute candles
2026-09-15T14:51:39 FETCHED: NSE:DRREDDY-EQ - stored 444 completed 5-minute candles
2026-09-15T14:52:19 FETCHED: NSE:EICHERMOT-EQ - stored 444 completed 5-minute candles
2026-09-15T14:53:00 FETCHED: NSE:ETERNAL-EQ - stored 444 completed 5-minute candles
2026-09-15T14:53:23 FETCHED: NSE:GRASIM-EQ - stored 444 completed 5-minute candles
2026-09-15T14:53:41 FETCHED: NSE:HCLTECH-EQ - stored 444 completed 5-minute candles
2026-09-15T14:53:57 FETCHED: NSE:HDFCBANK-EQ - stored 444 completed 5-minute candles
2026-09-15T14:53:59 FETCHED: NSE:HDFCLIFE-EQ - stored 444 completed 5-minute candles
2026-09-15T14:54:00 FETCHED: NSE:HINDALCO-EQ - stored 444 completed 5-minute candles
2026-09-15T14:54:02 FETCHED: NSE:HINDUNILVR-EQ - stored 444 completed 5-minute candles
2026-09-15T14:54:04 FETCHED: NSE:ICICIBANK-EQ - stored 444 completed 5-minute candles
2026-09-15T14:54:05 FETCHED: NSE:ITC-EQ - stored 444 completed 5-minute candles
2026-09-15T14:54:06 FETCHED: NSE:INFY-EQ - stored 444 completed 5-minute candles
2026-09-15T14:54:07 FETCHED: NSE:INDIGO-EQ - stored 444 completed 5-minute candles
2026-09-15T14:54:09 FETCHED: NSE:JSWSTEEL-EQ - stored 444 completed 5-minute candles
2026-09-15T14:54:13 FETCHED: NSE:JIOFIN-EQ - stored 444 completed 5-minute candles
2026-09-15T14:54:17 FETCHED: NSE:KOTAKBANK-EQ - stored 444 completed 5-minute candles
2026-09-15T14:54:18 FETCHED: NSE:LT-EQ - stored 444 completed 5-minute candles
2026-09-15T14:54:19 FETCHED: NSE:M&M-EQ - stored 444 completed 5-minute candles
2026-09-15T14:54:21 FETCHED: NSE:MARUTI-EQ - stored 444 completed 5-minute candles
2026-09-15T14:54:22 FETCHED: NSE:MAXHEALTH-EQ - stored 444 completed 5-minute candles
2026-09-15T14:54:24 FETCHED: NSE:NTPC-EQ - stored 444 completed 5-minute candles
2026-09-15T14:54:25 FETCHED: NSE:NESTLEIND-EQ - stored 444 completed 5-minute candles
2026-09-15T14:54:25 FETCHED: NSE:ONGC-EQ - stored 444 completed 5-minute candles
2026-09-15T14:54:26 FETCHED: NSE:POWERGRID-EQ - stored 445 completed 5-minute candles
2026-09-15T14:54:27 FETCHED: NSE:RELIANCE-EQ - stored 444 completed 5-minute candles
2026-09-15T14:54:36 FETCHED: NSE:SBILIFE-EQ - stored 444 completed 5-minute candles
2026-09-15T14:54:39 FETCHED: NSE:SHRIRAMFIN-EQ - stored 444 completed 5-minute candles
2026-09-15T14:54:40 FETCHED: NSE:SBIN-EQ - stored 444 completed 5-minute candles
2026-09-15T14:54:41 FETCHED: NSE:SUNPHARMA-EQ - stored 444 completed 5-minute candles
2026-09-15T14:54:43 FETCHED: NSE:TCS-EQ - stored 444 completed 5-minute candles
2026-09-15T14:55:31 FETCHED: NSE:TATACONSUM-EQ - stored 444 completed 5-minute candles
